implementation,version,name,cold_ns,warm_ns,parse_ns,compile_ns,memory,exit_status
ajv,v8.20.0,ajv-cosmicrealms-rmUniqueItems-invalid,17731917,8371000,70026291,28128084,153644,0
ajv,v8.20.0,ajv-cosmicrealms-rmUniqueItems-valid,22461625,14762333,46147959,27529375,148824,0
ajv,v8.20.0,ansible-meta,6314083,204292,548125,46926084,123844,0
ajv,v8.20.0,ansible-meta-invalid,5597542,83750,683208,44938000,107100,0
ajv,v8.20.0,aws-cdk,604791,33416,1524792,15868375,75096,0
ajv,v8.20.0,aws-cdk-invalid,577708,24083,824000,15792166,75868,0
ajv,v8.20.0,babelrc,1980625,159000,707250,21494750,82680,0
ajv,v8.20.0,babelrc-invalid,1819166,139292,1210250,21887125,88156,0
ajv,v8.20.0,clang-format,5161500,825125,329583,38679750,137736,0
ajv,v8.20.0,clang-format-invalid,4395292,128916,413084,38483125,88336,0
ajv,v8.20.0,cmake-presets,37331750,9866000,8625333,71098500,180068,0
ajv,v8.20.0,cmake-presets-invalid,30095334,8500291,9870459,72659417,192288,0
ajv,v8.20.0,code-climate,2249333,175291,5115667,20468708,83828,0
ajv,v8.20.0,code-climate-invalid,3382792,224000,4883500,22475833,86264,0
ajv,v8.20.0,cypress,5825291,2306500,2206708,31385625,103532,0
ajv,v8.20.0,cypress-invalid,3924375,801333,1524584,30165916,101160,0
ajv,v8.20.0,deno-rmUniqueItems,3369667,938833,3650375,26311458,96264,0
ajv,v8.20.0,deno-rmUniqueItems-invalid,2591458,431208,2822750,24116083,99620,0
ajv,v8.20.0,dependabot,2363375,333291,1725042,19697333,76812,0
ajv,v8.20.0,dependabot-invalid,1692042,162084,2257750,18986750,85148,0
ajv,v8.20.0,draft-04-rmUniqueItems,26181417,13159709,24061333,21589041,168480,0
ajv,v8.20.0,draft-04-rmUniqueItems-invalid,14391417,4226042,23648666,23401208,149424,0
ajv,v8.20.0,example-address-invalid,8288250,4003500,14566000,29974791,128700,0
ajv,v8.20.0,example-address-valid,5363875,4244500,13750042,23966875,117620,0
ajv,v8.20.0,example-blogpost-invalid,9613042,3210166,44940291,28215334,132156,0
ajv,v8.20.0,example-blogpost-valid,13073041,8590959,31319459,27200750,125432,0
ajv,v8.20.0,example-calendar-invalid,7164875,4329042,81515834,25914625,159680,0
ajv,v8.20.0,example-calendar-valid,9828500,7539625,30440917,24670750,146700,0
ajv,v8.20.0,example-devicetype-invalid,5066000,1011667,37174167,25712333,100636,0
ajv,v8.20.0,example-devicetype-valid,4830292,2083541,6351417,25277875,91832,0
ajv,v8.20.0,example-health-record-invalid,9722792,4209000,70516959,25129542,148280,0
ajv,v8.20.0,example-health-record-valid,13172667,8822166,34879875,25290291,164264,0
ajv,v8.20.0,example-job-posting-invalid,5292042,3176375,39551334,24485833,108864,0
ajv,v8.20.0,example-job-posting-valid,11043583,4995542,13985666,23948541,108888,0
ajv,v8.20.0,example-movie-invalid,6096500,2704334,49375334,24000125,111848,0
ajv,v8.20.0,example-movie-valid,8753417,4592291,11826458,25805416,105504,0
ajv,v8.20.0,example-userprofile-invalid,6021875,2651708,43694584,23985208,109372,0
ajv,v8.20.0,example-userprofile-valid,6627250,4205708,11855834,24446125,111292,0
ajv,v8.20.0,fabric-mod,6160417,1267250,3591833,26683375,106236,0
ajv,v8.20.0,fabric-mod-invalid,4186458,1563583,3732875,26590917,99164,0
ajv,v8.20.0,geojson,138696875,8979750,107029459,55975334,232972,0
ajv,v8.20.0,geojson-invalid,77491166,7454125,107444125,57566375,242180,0
ajv,v8.20.0,gitpod-configuration,3316750,366167,1098584,29677875,86928,0
ajv,v8.20.0,gitpod-configuration-invalid,2775750,150584,1968166,25906667,90712,0
ajv,v8.20.0,importmap,865750,91917,2707834,14834542,76364,0
ajv,v8.20.0,importmap-invalid,1269083,123167,3516084,14679084,77580,0
ajv,v8.20.0,jasmine,1209541,74334,591958,18814916,73004,0
ajv,v8.20.0,jasmine-invalid,918625,45584,1084958,18341584,77632,0
ajv,v8.20.0,jsck-complex-invalid,10724750,4429625,8218375,29992959,94604,0
ajv,v8.20.0,jsck-complex-valid,21368750,12795209,9581166,30352875,99308,0
ajv,v8.20.0,jsck-medium-invalid,7758667,1507417,35707709,26564833,117500,0
ajv,v8.20.0,jsck-medium-valid,8808834,2767000,18254417,26914792,92760,0
ajv,v8.20.0,jsconfig-rmUniqueItems,9568625,3829916,1356459,33710250,107704,0
ajv,v8.20.0,jsconfig-rmUniqueItems-invalid,6353542,2145750,2435000,33256250,121484,0
ajv,v8.20.0,jshintrc,5613833,3861917,3764042,21674209,103804,0
ajv,v8.20.0,jshintrc-invalid,3840167,2022000,4539375,21738750,106092,0
ajv,v8.20.0,katydid-conf-invalid,11342958,1432042,17506375,27326833,95464,0
ajv,v8.20.0,katydid-conf-valid,10066041,1949250,22078333,26746375,94568,0
ajv,v8.20.0,lazygit-rmUniqueItems,6839333,648583,696375,48477875,100288,0
ajv,v8.20.0,lazygit-rmUniqueItems-invalid,6089417,241958,925542,48545375,86436,0
ajv,v8.20.0,lerna,1229000,272625,1179500,17245583,78020,0
ajv,v8.20.0,lerna-invalid,1030542,57333,1363416,17495791,80388,0
ajv,v8.20.0,nest-cli,2982875,280791,1531291,26371917,78256,0
ajv,v8.20.0,nest-cli-invalid,2274125,109625,2123959,25691834,79820,0
ajv,v8.20.0,omnisharp,3475708,1432292,1837000,25114625,101364,0
ajv,v8.20.0,omnisharp-invalid,2844542,803375,1927000,23897875,91996,0
ajv,v8.20.0,pre-commit-hooks,7524708,2379792,1781042,22075917,103776,0
ajv,v8.20.0,pre-commit-hooks-invalid,4018208,715041,2751250,22573792,82048,0
ajv,v8.20.0,pulumi,6002542,1352291,6725041,23246667,103352,0
ajv,v8.20.0,pulumi-invalid,5679250,457708,7642916,25288333,98388,0
ajv,v8.20.0,semantic-release,2026625,119417,1347875,18537958,76492,0
ajv,v8.20.0,semantic-release-invalid,1835500,137709,1917875,18446333,81484,0
ajv,v8.20.0,stale,1368083,119083,910459,19843375,76932,0
ajv,v8.20.0,stale-invalid,1605042,55583,1501334,19583791,81484,0
ajv,v8.20.0,stylecop-rmUniqueItems,2484083,467750,1605583,21878000,79724,0
ajv,v8.20.0,stylecop-rmUniqueItems-invalid,2009416,161417,2209334,20605500,87396,0
ajv,v8.20.0,tmuxinator,1786042,183250,991000,19605625,78596,0
ajv,v8.20.0,tmuxinator-invalid,1304750,33125,1259375,19244541,78040,0
ajv,v8.20.0,ui5,26817959,296500,1652583,147330459,211772,0
ajv,v8.20.0,ui5-invalid,28392417,446875,2522750,145909083,217760,0
ajv,v8.20.0,unreal-engine-uproject-rmUniqueItems,2467542,373208,1101917,23179000,76252,0
ajv,v8.20.0,unreal-engine-uproject-rmUniqueItems-invalid,1933917,130000,1686708,22546542,79620,0
ajv,v8.20.0,vercel,7482583,926875,893334,42665041,94516,0
ajv,v8.20.0,vercel-invalid,6684500,276541,1436291,45206334,96140,0
ajv,v8.20.0,yamllint,357333,7708,1398958,16238042,72968,0
ajv,v8.20.0,yamllint-invalid,712166,14709,1780750,14108459,73260,0
ajv,v8.20.0,zschema-advanced-rmUniqueItems-invalid,14331167,2812250,51457167,19955500,132920,0
ajv,v8.20.0,zschema-advanced-rmUniqueItems-valid,22086958,6196209,17035791,19804250,94268,0
ajv,v8.20.0,zschema-basic-rmUniqueItems-invalid,650625,96959,4435541,15772083,77452,0
ajv,v8.20.0,zschema-basic-rmUniqueItems-valid,918833,275334,3877042,15709500,75756,0
ajv-bun,v8.20.0,ajv-cosmicrealms-rmUniqueItems-invalid,13164667,2894959,36814584,18579542,198376,0
ajv-bun,v8.20.0,ajv-cosmicrealms-rmUniqueItems-valid,24352541,13245333,28728958,19126917,175244,0
ajv-bun,v8.20.0,ansible-meta,6889125,195000,517750,34037542,237948,0
ajv-bun,v8.20.0,ansible-meta-invalid,4895666,255500,689750,34498792,137336,0
ajv-bun,v8.20.0,aws-cdk,636833,47833,968250,12431125,83192,0
ajv-bun,v8.20.0,aws-cdk-invalid,610500,50959,590292,12319667,91128,0
ajv-bun,v8.20.0,babelrc,2278875,115333,518250,15586500,99680,0
ajv-bun,v8.20.0,babelrc-invalid,2547583,77625,892334,16388209,113144,0
ajv-bun,v8.20.0,clang-format,4547250,244458,210208,28726958,143672,0
ajv-bun,v8.20.0,clang-format-invalid,2803750,68959,326584,28764583,118728,0
ajv-bun,v8.20.0,cmake-presets,25582417,5743708,5289417,56207542,252800,0
ajv-bun,v8.20.0,cmake-presets-invalid,19706584,5257083,6299791,55482917,307356,0
ajv-bun,v8.20.0,code-climate,1969333,125959,2889458,15835875,124080,0
ajv-bun,v8.20.0,code-climate-invalid,3597125,269083,3121084,16601125,141792,0
ajv-bun,v8.20.0,cypress,4833083,438500,1305042,22085458,140864,0
ajv-bun,v8.20.0,cypress-invalid,4143542,179375,926959,22774041,138904,0
ajv-bun,v8.20.0,deno-rmUniqueItems,3726708,332625,2607084,17967042,118788,0
ajv-bun,v8.20.0,deno-rmUniqueItems-invalid,3704542,203583,1980625,17793958,125052,0
ajv-bun,v8.20.0,dependabot,1940625,210459,923209,14789875,105160,0
ajv-bun,v8.20.0,dependabot-invalid,1838000,115708,1213917,14555083,123736,0
ajv-bun,v8.20.0,draft-04-rmUniqueItems,18010500,4472875,13422375,16489750,174624,0
ajv-bun,v8.20.0,draft-04-rmUniqueItems-invalid,6903833,1710916,12689125,16943167,176600,0
ajv-bun,v8.20.0,example-address-invalid,3707625,1863292,6561292,17590500,122764,0
ajv-bun,v8.20.0,example-address-valid,3008250,1055083,8306708,17608292,124708,0
ajv-bun,v8.20.0,example-blogpost-invalid,6344542,1840250,21718875,18269833,149860,0
ajv-bun,v8.20.0,example-blogpost-valid,8557917,4906625,13301292,17964166,137352,0
ajv-bun,v8.20.0,example-calendar-invalid,5762750,1399167,33987500,18557250,162528,0
ajv-bun,v8.20.0,example-calendar-valid,4669542,2004750,16832458,18119291,138736,0
ajv-bun,v8.20.0,example-devicetype-invalid,4333500,607125,14377625,18305667,143860,0
ajv-bun,v8.20.0,example-devicetype-valid,4331083,808208,3929459,18441792,119904,0
ajv-bun,v8.20.0,example-health-record-invalid,11069292,3049833,34304875,18477084,167972,0
ajv-bun,v8.20.0,example-health-record-valid,8520667,3535250,22908000,23529292,153508,0
ajv-bun,v8.20.0,example-job-posting-invalid,4061875,1080000,17465375,18006292,140704,0
ajv-bun,v8.20.0,example-job-posting-valid,4166708,1750209,8880458,18036000,129028,0
ajv-bun,v8.20.0,example-movie-invalid,4645625,1373791,21841667,22942000,145988,0
ajv-bun,v8.20.0,example-movie-valid,4375583,1800834,8416375,17628833,128876,0
ajv-bun,v8.20.0,example-userprofile-invalid,4036625,1415250,17854667,17737500,142136,0
ajv-bun,v8.20.0,example-userprofile-valid,4273708,1679334,7513458,17630500,126372,0
ajv-bun,v8.20.0,fabric-mod,5408333,673417,1801375,20243625,150064,0
ajv-bun,v8.20.0,fabric-mod-invalid,4788875,416458,2545625,20062000,149276,0
ajv-bun,v8.20.0,geojson,50506833,8308458,59431500,36513250,635364,0
ajv-bun,v8.20.0,geojson-invalid,37634000,4974125,59650541,37126750,645364,0
ajv-bun,v8.20.0,gitpod-configuration,4428916,220500,932750,19459875,119064,0
ajv-bun,v8.20.0,gitpod-configuration-invalid,4377750,169041,1833708,18872250,126300,0
ajv-bun,v8.20.0,importmap,940958,360000,1692375,12275292,98696,0
ajv-bun,v8.20.0,importmap-invalid,1021292,148792,2448584,12472000,111536,0
ajv-bun,v8.20.0,jasmine,1101375,97916,412500,13534167,94560,0
ajv-bun,v8.20.0,jasmine-invalid,1089083,51250,782708,13818709,107088,0
ajv-bun,v8.20.0,jsck-complex-invalid,6377417,2271208,4977917,20956459,132524,0
ajv-bun,v8.20.0,jsck-complex-valid,13596500,7418042,5570834,21714875,132940,0
ajv-bun,v8.20.0,jsck-medium-invalid,15793250,10967375,16866875,18622292,146548,0
ajv-bun,v8.20.0,jsck-medium-valid,44744833,39350541,11837250,18498750,127100,0
ajv-bun,v8.20.0,jsconfig-rmUniqueItems,7307875,930083,884250,25489334,150136,0
ajv-bun,v8.20.0,jsconfig-rmUniqueItems-invalid,6504041,548250,1493792,26828292,146304,0
ajv-bun,v8.20.0,jshintrc,3066791,729417,1721125,16176292,112212,0
ajv-bun,v8.20.0,jshintrc-invalid,2740625,414917,2078792,16020917,121108,0
ajv-bun,v8.20.0,katydid-conf-invalid,4439041,749792,12047209,18798875,129480,0
ajv-bun,v8.20.0,katydid-conf-valid,4709167,979583,14057583,18856291,131968,0
ajv-bun,v8.20.0,lazygit-rmUniqueItems,12340375,392791,360042,36860750,205048,0
ajv-bun,v8.20.0,lazygit-rmUniqueItems-invalid,8191125,148833,682292,37063167,197584,0
ajv-bun,v8.20.0,lerna,1315000,130375,793250,13787125,97116,0
ajv-bun,v8.20.0,lerna-invalid,1258000,111375,1043750,13664625,114012,0
ajv-bun,v8.20.0,nest-cli,2367250,183541,928708,19240625,123744,0
ajv-bun,v8.20.0,nest-cli-invalid,2373917,123167,1287125,18970208,125984,0
ajv-bun,v8.20.0,omnisharp,3138417,320084,1104667,18349625,130044,0
ajv-bun,v8.20.0,omnisharp-invalid,3134125,216542,1337584,18042250,120632,0
ajv-bun,v8.20.0,pre-commit-hooks,3833834,1080416,1327708,17146042,119300,0
ajv-bun,v8.20.0,pre-commit-hooks-invalid,2557750,414375,2130792,17148166,124920,0
ajv-bun,v8.20.0,pulumi,4424958,625042,3560166,17329167,148596,0
ajv-bun,v8.20.0,pulumi-invalid,3681584,373917,4134709,16978125,142280,0
ajv-bun,v8.20.0,semantic-release,1543542,1437792,1059459,14437875,116672,0
ajv-bun,v8.20.0,semantic-release-invalid,1569667,116917,1546334,14433416,118796,0
ajv-bun,v8.20.0,stale,1805958,98250,831625,14673084,98168,0
ajv-bun,v8.20.0,stale-invalid,1673500,58167,1302833,14340834,110408,0
ajv-bun,v8.20.0,stylecop-rmUniqueItems,2532541,270458,979416,15943625,107640,0
ajv-bun,v8.20.0,stylecop-rmUniqueItems-invalid,2585333,178208,1556333,15980792,119360,0
ajv-bun,v8.20.0,tmuxinator,1628000,95833,757583,14928625,114432,0
ajv-bun,v8.20.0,tmuxinator-invalid,1255125,65334,890292,14990500,97616,0
ajv-bun,v8.20.0,ui5,49204709,905208,1060500,105556417,229940,0
ajv-bun,v8.20.0,ui5-invalid,47738917,959042,1369709,107125792,227952,0
ajv-bun,v8.20.0,unreal-engine-uproject-rmUniqueItems,2040875,168958,807709,16924834,114760,0
ajv-bun,v8.20.0,unreal-engine-uproject-rmUniqueItems-invalid,1795917,134875,1148500,16854000,118912,0
ajv-bun,v8.20.0,vercel,13128375,445000,731667,31356292,203432,0
ajv-bun,v8.20.0,vercel-invalid,12039000,432000,1094500,31406083,200024,0
ajv-bun,v8.20.0,yamllint,404334,64708,1040750,12286250,91516,0
ajv-bun,v8.20.0,yamllint-invalid,470500,33416,1103958,12489417,100808,0
ajv-bun,v8.20.0,zschema-advanced-rmUniqueItems-invalid,10199792,3292584,23145541,15812666,175416,0
ajv-bun,v8.20.0,zschema-advanced-rmUniqueItems-valid,14322792,5621959,12263750,15486625,143824,0
ajv-bun,v8.20.0,zschema-basic-rmUniqueItems-invalid,763250,127166,2565167,12866916,86904,0
ajv-bun,v8.20.0,zschema-basic-rmUniqueItems-valid,789917,152500,2579583,13099125,80976,0
blaze,bcc61aee,ajv-cosmicrealms-rmUniqueItems-invalid,4176458,3644333,37544375,807375,53136,0
blaze,bcc61aee,ajv-cosmicrealms-rmUniqueItems-valid,9921208,9211709,30632125,520417,43040,0
blaze,bcc61aee,ansible-meta,147834,100125,905417,14505625,9772,0
blaze,bcc61aee,ansible-meta-invalid,82250,38584,1150875,14468167,10092,0
blaze,bcc61aee,aws-cdk,44208,23084,2068167,323125,8500,0
blaze,bcc61aee,aws-cdk-invalid,26708,7750,1041625,340542,6376,0
blaze,bcc61aee,babelrc,69625,47458,1049542,1412834,6372,0
blaze,bcc61aee,babelrc-invalid,65292,29833,2020084,1498334,6632,0
blaze,bcc61aee,clang-format,95166,63792,383667,9678958,7724,0
blaze,bcc61aee,clang-format-invalid,51208,20750,446000,9640500,7916,0
blaze,bcc61aee,cmake-presets,2435750,1780334,13952333,13456250,27952,0
blaze,bcc61aee,cmake-presets-invalid,1451958,896000,13598541,13424042,27752,0
blaze,bcc61aee,code-climate,253459,73333,5802334,1473125,11492,0
blaze,bcc61aee,code-climate-invalid,349083,98458,6644292,1420167,12976,0
blaze,bcc61aee,cypress,134042,85958,3319583,2176500,9020,0
blaze,bcc61aee,cypress-invalid,87500,34000,1545292,2474709,7412,0
blaze,bcc61aee,deno-rmUniqueItems,260166,99541,4203458,3894583,12360,0
blaze,bcc61aee,deno-rmUniqueItems-invalid,175209,54750,2447792,3922500,9640,0
blaze,bcc61aee,dependabot,221625,153291,2336167,2095000,8544,0
blaze,bcc61aee,dependabot-invalid,122708,63500,3149250,2082833,8904,0
blaze,bcc61aee,draft-04-rmUniqueItems,3207542,2773000,30134750,1367583,52216,0
blaze,bcc61aee,draft-04-rmUniqueItems-invalid,1137500,843125,27235000,1332209,48344,0
blaze,bcc61aee,example-address-invalid,222667,106875,7850375,369416,15172,0
blaze,bcc61aee,example-address-valid,1039500,697458,8437792,352708,15644,0
blaze,bcc61aee,example-blogpost-invalid,1886875,1541708,27126416,501417,39400,0
blaze,bcc61aee,example-blogpost-valid,2569584,2249833,19878833,495042,27396,0
blaze,bcc61aee,example-calendar-invalid,1580083,1058375,28830125,512209,44408,0
blaze,bcc61aee,example-calendar-valid,2410000,1981042,15118667,616917,24192,0
blaze,bcc61aee,example-devicetype-invalid,785542,529750,17689167,640917,31172,0
blaze,bcc61aee,example-devicetype-valid,865959,673375,6284625,714000,13324,0
blaze,bcc61aee,example-health-record-invalid,2032583,1524042,34327541,574500,48564,0
blaze,bcc61aee,example-health-record-valid,3001000,2555084,23780458,591875,30972,0
blaze,bcc61aee,example-job-posting-invalid,817334,483750,18380375,310375,31744,0
blaze,bcc61aee,example-job-posting-valid,1596334,819916,9436583,366291,16720,0
blaze,bcc61aee,example-movie-invalid,910084,535209,22665625,329083,36092,0
blaze,bcc61aee,example-movie-valid,1434208,903375,10211750,390291,16828,0
blaze,bcc61aee,example-userprofile-invalid,938167,550958,20655041,323667,32660,0
blaze,bcc61aee,example-userprofile-valid,1483708,1333083,10229417,347792,16408,0
blaze,bcc61aee,fabric-mod,411291,298208,3150042,2543375,10192,0
blaze,bcc61aee,fabric-mod-invalid,209084,145916,4127000,2444750,10540,0
blaze,bcc61aee,geojson,6433417,5481208,153147542,9864416,254920,0
blaze,bcc61aee,geojson-invalid,3570208,2778709,150284959,9750875,254388,0
blaze,bcc61aee,gitpod-configuration,161875,110500,2530541,2582459,8468,0
blaze,bcc61aee,gitpod-configuration-invalid,116125,57334,2908792,2609084,8896,0
blaze,bcc61aee,importmap,37916,16750,1862708,298167,7888,0
blaze,bcc61aee,importmap-invalid,32875,9417,2372709,296875,8408,0
blaze,bcc61aee,jasmine,67167,52625,1138083,937458,6188,0
blaze,bcc61aee,jasmine-invalid,41250,18208,1395542,879000,6508,0
blaze,bcc61aee,jsck-complex-invalid,1347167,1040417,11125041,1423333,22120,0
blaze,bcc61aee,jsck-complex-valid,3247042,2779250,11986833,1420792,24016,0
blaze,bcc61aee,jsck-medium-invalid,1379458,684209,27917583,596542,41528,0
blaze,bcc61aee,jsck-medium-valid,3550125,3276833,22269541,588042,33256,0
blaze,bcc61aee,jsconfig-rmUniqueItems,227750,146167,1723750,10380583,10264,0
blaze,bcc61aee,jsconfig-rmUniqueItems-invalid,152000,97250,1911625,10115333,10636,0
blaze,bcc61aee,jshintrc,588708,464875,2540166,2030500,9060,0
blaze,bcc61aee,jshintrc-invalid,245834,163334,2782791,2052459,9556,0
blaze,bcc61aee,katydid-conf-invalid,676125,543333,18362417,503458,26272,0
blaze,bcc61aee,katydid-conf-valid,923041,821083,20765958,525792,28548,0
blaze,bcc61aee,lazygit-rmUniqueItems,117708,50667,809542,17680958,11876,0
blaze,bcc61aee,lazygit-rmUniqueItems-invalid,57959,13709,1047833,17818667,11756,0
blaze,bcc61aee,lerna,138084,61000,1701042,1134834,6508,0
blaze,bcc61aee,lerna-invalid,85875,34334,1835917,965708,6668,0
blaze,bcc61aee,nest-cli,117000,96958,1567083,3839667,8028,0
blaze,bcc61aee,nest-cli-invalid,86166,41083,2014709,3841375,8332,0
blaze,bcc61aee,omnisharp,377584,260042,2289208,3397458,9412,0
blaze,bcc61aee,omnisharp-invalid,204375,116083,2588666,3417625,9952,0
blaze,bcc61aee,pre-commit-hooks,364666,220500,2652167,2576583,9072,0
blaze,bcc61aee,pre-commit-hooks-invalid,158417,74333,3134583,2581667,9616,0
blaze,bcc61aee,pulumi,375167,330583,5587208,2136916,12176,0
blaze,bcc61aee,pulumi-invalid,228042,113334,5933000,2078750,12840,0
blaze,bcc61aee,semantic-release,81958,43500,2567708,914500,7532,0
blaze,bcc61aee,semantic-release-invalid,68334,34666,2874292,906625,7832,0
blaze,bcc61aee,stale,98917,73583,1322625,914250,7324,0
blaze,bcc61aee,stale-invalid,65958,33708,2110208,927292,7640,0
blaze,bcc61aee,stylecop-rmUniqueItems,178541,103208,1958584,3084917,9276,0
blaze,bcc61aee,stylecop-rmUniqueItems-invalid,100500,49292,2148750,3121542,9504,0
blaze,bcc61aee,tmuxinator,75500,45334,1807583,1153583,6816,0
blaze,bcc61aee,tmuxinator-invalid,30167,10833,1824250,1177125,6860,0
blaze,bcc61aee,ui5,327667,225542,2562708,26829333,18796,0
blaze,bcc61aee,ui5-invalid,237541,146583,3057042,26468917,18540,0
blaze,bcc61aee,unreal-engine-uproject-rmUniqueItems,172125,125708,2520000,2315458,8884,0
blaze,bcc61aee,unreal-engine-uproject-rmUniqueItems-invalid,100958,76125,2843583,2231291,8908,0
blaze,bcc61aee,vercel,200500,110500,1639375,6962083,10308,0
blaze,bcc61aee,vercel-invalid,118958,50500,2274458,6900916,10500,0
blaze,bcc61aee,yamllint,16250,5166,2449292,336917,7364,0
blaze,bcc61aee,yamllint-invalid,21417,7334,2727875,376334,7704,0
blaze,bcc61aee,zschema-advanced-rmUniqueItems-invalid,2511042,1322167,34833625,1435625,48064,0
blaze,bcc61aee,zschema-advanced-rmUniqueItems-valid,3294500,2978166,22049958,1083500,31732,0
blaze,bcc61aee,zschema-basic-rmUniqueItems-invalid,80375,26542,3109500,372416,8640,0
blaze,bcc61aee,zschema-basic-rmUniqueItems-valid,136417,53334,2930959,375625,8504,0
boon,0.6,ajv-cosmicrealms-rmUniqueItems-invalid,17885541,16494292,35780417,3396250,48348,0
boon,0.6,ajv-cosmicrealms-rmUniqueItems-valid,15843375,15000125,30148792,4667167,40988,0
boon,0.6,ansible-meta,10664417,7672125,836833,13878625,4644,0
boon,0.6,ansible-meta-invalid,8845333,6674667,824583,14404750,4636,0
boon,0.6,aws-cdk,162250,163916,2483792,3121667,5776,0
boon,0.6,aws-cdk-invalid,199333,173416,1073292,4620375,3728,0
boon,0.6,babelrc,359875,301167,1109458,5784375,4444,0
boon,0.6,babelrc-invalid,599208,549792,1314416,5934166,4692,0
boon,0.6,clang-format,122083,86417,251792,17825375,3520,0
boon,0.6,clang-format-invalid,127250,110375,306417,17845083,3520,0
boon,0.6,cmake-presets,97282666,94763834,12930417,29769000,27976,0
boon,0.6,cmake-presets-invalid,115527500,114760541,12321584,30961416,28220,0
boon,0.6,code-climate,797666,457625,7552667,5637542,17084,0
boon,0.6,code-climate-invalid,3259292,2110333,8565458,5821458,19516,0
boon,0.6,cypress,426791,397334,2976167,7931500,8140,0
boon,0.6,cypress-invalid,653750,567292,1065833,7965042,4172,0
boon,0.6,deno-rmUniqueItems,674375,486542,4751167,9134000,9976,0
boon,0.6,deno-rmUniqueItems-invalid,803167,684542,2396416,9596208,6524,0
boon,0.6,dependabot,1020750,923542,3070167,6424791,8372,0
boon,0.6,dependabot-invalid,1263166,1110792,3110083,6289125,8500,0
boon,0.6,draft-04-rmUniqueItems,12429667,11377583,33364542,5827542,59056,0
boon,0.6,draft-04-rmUniqueItems-invalid,12895750,10900375,29779167,5425500,55184,0
boon,0.6,example-address-invalid,4889000,4762792,8602125,3216917,12300,0
boon,0.6,example-address-valid,4176333,3553167,8882708,5063041,12560,0
boon,0.6,example-blogpost-invalid,9147375,8690541,24130750,4789875,33300,0
boon,0.6,example-blogpost-valid,8201417,7868500,18698000,3840000,25092,0
boon,0.6,example-calendar-invalid,6844042,6526708,25329333,4595208,33936,0
boon,0.6,example-calendar-valid,5721125,5515166,15467041,4554250,20112,0
boon,0.6,example-devicetype-invalid,11621750,11105708,15885917,5082958,22680,0
boon,0.6,example-devicetype-valid,8190833,7092542,6636250,4811667,11416,0
boon,0.6,example-health-record-invalid,22205834,20671833,32980375,4648458,40088,0
boon,0.6,example-health-record-valid,9096625,8547833,23411334,4787458,27928,0
boon,0.6,example-job-posting-invalid,4759916,4793708,15994958,4800500,21648,0
boon,0.6,example-job-posting-valid,4066791,3581958,9387708,4574542,12428,0
boon,0.6,example-movie-invalid,5407458,5157750,20251542,4989625,26504,0
boon,0.6,example-movie-valid,4123708,3833958,10720541,4856208,14348,0
boon,0.6,example-userprofile-invalid,5281541,4997625,19050000,4742750,24848,0
boon,0.6,example-userprofile-valid,4055000,3824125,10675125,4664583,14092,0
boon,0.6,fabric-mod,1935750,1707750,3458917,6896041,8144,0
boon,0.6,fabric-mod-invalid,2524000,2121166,3453709,7260500,8400,0
boon,0.6,geojson,485879084,488594626,149309417,16803500,274108,0
boon,0.6,geojson-invalid,518474250,519768667,150741959,16769166,328140,0
boon,0.6,gitpod-configuration,579625,510417,2090334,7235083,6476,0
boon,0.6,gitpod-configuration-invalid,799167,644542,2372917,7648167,6628,0
boon,0.6,importmap,444417,393792,2058000,4571708,5260,0
boon,0.6,importmap-invalid,1010625,535375,2277666,4698833,5516,0
boon,0.6,jasmine,505750,461208,864417,5012125,3864,0
boon,0.6,jasmine-invalid,4615833,3206875,1017875,4756209,3992,0
boon,0.6,jsck-complex-invalid,11129084,10793459,10641250,5247375,22020,0
boon,0.6,jsck-complex-valid,10891959,10386958,13147833,6734083,25012,0
boon,0.6,jsck-medium-invalid,11452417,9627708,29472291,4776000,54552,0
boon,0.6,jsck-medium-valid,11099750,8950709,26421792,4918458,52248,0
boon,0.6,jsconfig-rmUniqueItems,1374125,1078875,1624542,20627042,6324,0
boon,0.6,jsconfig-rmUniqueItems-invalid,1636625,1406458,1525375,21340375,6452,0
boon,0.6,jshintrc,779375,697916,2701792,7185625,5964,0
boon,0.6,jshintrc-invalid,946584,833583,2903084,7139750,6732,0
boon,0.6,katydid-conf-invalid,11523375,10400959,19419959,4803708,32404,0
boon,0.6,katydid-conf-valid,8732042,9496042,20851500,4562083,35604,0
boon,0.6,lazygit-rmUniqueItems,343250,253291,542000,26542084,4356,0
boon,0.6,lazygit-rmUniqueItems-invalid,419333,374000,622333,26472666,4612,0
boon,0.6,lerna,331750,309000,1264500,5835541,4388,0
boon,0.6,lerna-invalid,473250,410375,1297500,5414750,4688,0
boon,0.6,nest-cli,633667,578250,1945334,9087625,6128,0
boon,0.6,nest-cli-invalid,951917,829791,2139250,9182375,6260,0
boon,0.6,omnisharp,821833,703750,2584667,7700583,6892,0
boon,0.6,omnisharp-invalid,1016625,907584,2731375,7471917,6892,0
boon,0.6,pre-commit-hooks,1479500,1333375,2377875,7073375,5564,0
boon,0.6,pre-commit-hooks-invalid,1714333,1579959,2544875,6666292,5692,0
boon,0.6,pulumi,1663709,1484375,6596417,6733750,14400,0
boon,0.6,pulumi-invalid,2551125,2023834,6391208,6203042,14148,0
boon,0.6,semantic-release,685458,622958,2361000,5241084,6304,0
boon,0.6,semantic-release-invalid,1169834,953625,2486584,5119375,6556,0
boon,0.6,stale,816125,428833,1547625,5042084,4124,0
boon,0.6,stale-invalid,749084,685000,1709834,5314000,4380,0
boon,0.6,stylecop-rmUniqueItems,632250,541292,2356125,6968667,6748,0
boon,0.6,stylecop-rmUniqueItems-invalid,915666,786750,2374000,6972833,6584,0
boon,0.6,tmuxinator,330792,300250,1671625,5621792,5572,0
boon,0.6,tmuxinator-invalid,372875,311208,1675125,5643542,5468,0
boon,0.6,ui5,2202167,2489791,2966334,32973916,10536,0
boon,0.6,ui5-invalid,3051250,2809542,2840459,34187750,10276,0
boon,0.6,unreal-engine-uproject-rmUniqueItems,836125,755166,2344667,6271750,6468,0
boon,0.6,unreal-engine-uproject-rmUniqueItems-invalid,1043625,888291,2422042,6746166,6596,0
boon,0.6,vercel,743291,533083,1875583,17824458,7968,0
boon,0.6,vercel-invalid,1459250,694292,2239542,17179750,8168,0
boon,0.6,yamllint,148084,125667,2484292,4592458,6924,0
boon,0.6,yamllint-invalid,396084,347708,2654875,4657500,6920,0
boon,0.6,zschema-advanced-rmUniqueItems-invalid,26856542,24657792,33378541,5711083,52628,0
boon,0.6,zschema-advanced-rmUniqueItems-valid,26514458,24340708,24762875,5073583,43284,0
boon,0.6,zschema-basic-rmUniqueItems-invalid,519083,467958,2918541,3157541,5652,0
boon,0.6,zschema-basic-rmUniqueItems-valid,390208,353875,2697333,4636625,5524,0
corvus,4.2.3,ajv-cosmicrealms-rmUniqueItems-invalid,129161200,12864300,63649100,5123885419,220304,0
corvus,4.2.3,ajv-cosmicrealms-rmUniqueItems-valid,148843900,28192100,50077800,4689595586,219488,0
corvus,4.2.3,ansible-meta,140232700,2826600,10092000,9644778129,229820,0
corvus,4.2.3,ansible-meta-invalid,135979700,1977300,9602000,9358294740,223212,0
corvus,4.2.3,aws-cdk,22056600,227200,11892500,4422364794,225160,0
corvus,4.2.3,aws-cdk-invalid,18693500,278900,10026600,4388837794,222584,0
corvus,4.2.3,babelrc,29675900,516100,10570500,4617556668,217932,0
corvus,4.2.3,babelrc-invalid,29906300,448000,10663200,4829391877,223356,0
corvus,4.2.3,clang-format,111744400,2110300,9212000,6601722489,230660,0
corvus,4.2.3,clang-format-invalid,109319300,969200,8731700,6548451462,228836,0
corvus,4.2.3,cmake-presets,250219200,29794900,27786400,8863907379,229932,0
corvus,4.2.3,cmake-presets-invalid,375379700,67241700,28500700,8763320490,227468,0
corvus,4.2.3,code-climate,29139600,822800,17311400,4499888460,226264,0
corvus,4.2.3,code-climate-invalid,31177500,1496800,19340600,4400757002,227720,0
corvus,4.2.3,cypress,50514300,1069800,12988500,5684661836,234944,0
corvus,4.2.3,cypress-invalid,45800300,562500,10152200,5463693711,235520,0
corvus,4.2.3,deno-rmUniqueItems,65716700,1149700,15223200,5452696405,227224,0
corvus,4.2.3,deno-rmUniqueItems-invalid,60664500,1748100,12889600,5330101085,228620,0
corvus,4.2.3,dependabot,45687500,2188900,13984400,4953478294,226424,0
corvus,4.2.3,dependabot-invalid,40810100,1213000,12359500,4689070919,230936,0
corvus,4.2.3,draft-04-rmUniqueItems,231820300,38684300,56078400,4659326253,222364,0
corvus,4.2.3,draft-04-rmUniqueItems-invalid,122108200,12676700,52149500,4515955988,219040,0
corvus,4.2.3,example-address-invalid,42424800,5171500,22576800,4028598586,221144,0
corvus,4.2.3,example-address-valid,54098200,5801700,24045800,4155691336,219752,0
corvus,4.2.3,example-blogpost-invalid,79730700,6981200,48364300,4249037002,217992,0
corvus,4.2.3,example-blogpost-valid,77153200,9324900,37027300,4156352544,233480,0
corvus,4.2.3,example-calendar-invalid,75268000,6175800,51281800,4126293279,224220,0
corvus,4.2.3,example-calendar-valid,68632200,9708700,32139600,4158320627,220944,0
corvus,4.2.3,example-devicetype-invalid,62668900,4900900,37724100,4350194210,221936,0
corvus,4.2.3,example-devicetype-valid,60485700,8098000,22393500,4371795627,219128,0
corvus,4.2.3,example-health-record-invalid,97666700,7753100,60811300,4575269628,221248,0
corvus,4.2.3,example-health-record-valid,92153900,11073000,43514200,4499319571,220904,0
corvus,4.2.3,example-job-posting-invalid,52878800,3807600,35763000,4556143669,228552,0
corvus,4.2.3,example-job-posting-valid,49841500,5077400,23945000,4273711669,225788,0
corvus,4.2.3,example-movie-invalid,62413900,4207000,42533400,4244056586,216932,0
corvus,4.2.3,example-movie-valid,52308100,5817700,26155400,4048516877,216792,0
corvus,4.2.3,example-userprofile-invalid,58575600,3538700,39315400,4291972169,225224,0
corvus,4.2.3,example-userprofile-valid,51133300,5069700,26104400,4328430294,216712,0
corvus,4.2.3,fabric-mod,54704400,2344100,12941600,5054014127,231400,0
corvus,4.2.3,fabric-mod-invalid,50496000,1175000,12752500,5275657919,233520,0
corvus,4.2.3,geojson,678031800,74496900,337361700,9957432546,275980,0
corvus,4.2.3,geojson-invalid,596124700,45882900,325523100,10198267004,277536,0
corvus,4.2.3,gitpod-configuration,43166800,1353700,12069400,5064660127,231024,0
corvus,4.2.3,gitpod-configuration-invalid,41677500,832200,11957000,4711782461,228588,0
corvus,4.2.3,importmap,21681200,421800,12673400,4384336669,220896,0
corvus,4.2.3,importmap-invalid,20976000,225300,12767500,4445580446,219316,0
corvus,4.2.3,jasmine,23584900,677500,10222800,4585070544,221632,0
corvus,4.2.3,jasmine-invalid,23315500,404600,10845000,4631689460,217820,0
corvus,4.2.3,jsck-complex-invalid,72484600,5318000,24407100,4725994294,222728,0
corvus,4.2.3,jsck-complex-valid,98914400,13455700,27348300,4973878586,230088,0
corvus,4.2.3,jsck-medium-invalid,81465400,7329700,49186700,4386143071,220336,0
corvus,4.2.3,jsck-medium-valid,91032400,12531500,42962300,4541629794,222828,0
corvus,4.2.3,jsconfig-rmUniqueItems,96539800,2499300,11350600,6533043253,231824,0
corvus,4.2.3,jsconfig-rmUniqueItems-invalid,87108700,1414400,11034000,6493879628,224468,0
corvus,4.2.3,jshintrc,73697300,4824800,11680500,5145989044,232240,0
corvus,4.2.3,jshintrc-invalid,56475700,1713700,12626000,5050572919,224012,0
corvus,4.2.3,katydid-conf-invalid,62174000,5879700,37044900,4523074335,218188,0
corvus,4.2.3,katydid-conf-valid,72014500,8229100,39116700,4468340044,222052,0
corvus,4.2.3,lazygit-rmUniqueItems,116897400,2076100,9608300,7795578712,230136,0
corvus,4.2.3,lazygit-rmUniqueItems-invalid,102026000,685800,9756300,7512560572,230836,0
corvus,4.2.3,lerna,25852100,628200,10464600,4778445835,221820,0
corvus,4.2.3,lerna-invalid,26550600,509200,10911200,4377973752,217160,0
corvus,4.2.3,nest-cli,43028500,1054300,12274300,4805375253,227244,0
corvus,4.2.3,nest-cli-invalid,43407300,744500,11510000,5028650169,231196,0
corvus,4.2.3,omnisharp,74184700,2295600,12188300,5396680196,224464,0
corvus,4.2.3,omnisharp-invalid,69171400,1244100,14166500,5593877461,229312,0
corvus,4.2.3,pre-commit-hooks,64819400,8574900,12228500,4666310210,222844,0
corvus,4.2.3,pre-commit-hooks-invalid,43115200,2543500,13453100,4691972086,231668,0
corvus,4.2.3,pulumi,47370400,2405300,18349400,4874609836,228104,0
corvus,4.2.3,pulumi-invalid,47415900,1862900,17855200,5222294072,235636,0
corvus,4.2.3,semantic-release,27232300,546700,12232300,4838468919,220244,0
corvus,4.2.3,semantic-release-invalid,27479000,461500,12467700,4713080086,220992,0
corvus,4.2.3,stale,30112700,797500,10901100,4326269794,221924,0
corvus,4.2.3,stale-invalid,29787400,428100,12499900,4710582336,221896,0
corvus,4.2.3,stylecop-rmUniqueItems,50034400,1314000,11607500,5069197544,230944,0
corvus,4.2.3,stylecop-rmUniqueItems-invalid,47906300,1151500,11522200,4991141738,231404,0
corvus,4.2.3,tmuxinator,24913900,582800,10279500,4619727710,223736,0
corvus,4.2.3,tmuxinator-invalid,24898300,439000,10800700,4710636253,218192,0
corvus,4.2.3,ui5,226678100,4893500,13008200,13606135923,226504,0
corvus,4.2.3,ui5-invalid,218078000,3639500,13472700,13044236534,226248,0
corvus,4.2.3,unreal-engine-uproject-rmUniqueItems,38761900,1861200,12852400,4713640752,225268,0
corvus,4.2.3,unreal-engine-uproject-rmUniqueItems-invalid,36637200,1090600,12082100,4820870752,223364,0
corvus,4.2.3,vercel,84786900,1998900,10760400,8088454947,230560,0
corvus,4.2.3,vercel-invalid,78344600,1083000,10937900,8379616129,232200,0
corvus,4.2.3,yamllint,16931700,319100,12467500,4559450669,227600,0
corvus,4.2.3,yamllint-invalid,17098700,336400,11974000,4388991585,217692,0
corvus,4.2.3,zschema-advanced-rmUniqueItems-invalid,122133300,13095700,58651900,5134554252,224592,0
corvus,4.2.3,zschema-advanced-rmUniqueItems-valid,144512600,26958200,43469200,5397291530,219444,0
corvus,4.2.3,zschema-basic-rmUniqueItems-invalid,21256800,331600,12180800,4164949419,218988,0
corvus,4.2.3,zschema-basic-rmUniqueItems-valid,22483100,591300,12341100,4390215418,221612,0
go-kaptinlin,0.9.2,ajv-cosmicrealms-rmUniqueItems-invalid,231773709,233648625,56536709,247042,87484,0
go-kaptinlin,0.9.2,ajv-cosmicrealms-rmUniqueItems-valid,232862667,235287125,45759250,358750,62072,0
go-kaptinlin,0.9.2,ansible-meta,69429875,61659125,1142291,1424458,15892,0
go-kaptinlin,0.9.2,ansible-meta-invalid,63928208,56359750,1741625,1248875,17744,0
go-kaptinlin,0.9.2,aws-cdk,2156250,2034000,3962833,255417,17496,0
go-kaptinlin,0.9.2,aws-cdk-invalid,2744625,1850959,2136375,679000,17136,0
go-kaptinlin,0.9.2,babelrc,9799208,7264792,1958459,408375,15912,0
go-kaptinlin,0.9.2,babelrc-invalid,12138042,9075208,2076500,363500,17636,0
go-kaptinlin,0.9.2,clang-format,5061334,3659750,530458,1466125,18040,0
go-kaptinlin,0.9.2,clang-format-invalid,5484166,3842375,752000,1593834,17960,0
go-kaptinlin,0.9.2,cmake-presets,1773896501,1915877917,19482416,2300583,43648,0
go-kaptinlin,0.9.2,cmake-presets-invalid,1875444209,1886208335,18018125,2673917,48416,0
go-kaptinlin,0.9.2,code-climate,5782625,5985334,8867334,813542,28520,0
go-kaptinlin,0.9.2,code-climate-invalid,23254000,22602333,10759667,459500,35448,0
go-kaptinlin,0.9.2,cypress,14819750,12664667,4650000,1227416,19884,0
go-kaptinlin,0.9.2,cypress-invalid,17485125,14061083,2190833,702959,17260,0
go-kaptinlin,0.9.2,deno-rmUniqueItems,12845458,14097000,8201542,1125500,27076,0
go-kaptinlin,0.9.2,deno-rmUniqueItems-invalid,18349625,14757875,4643042,1007250,18640,0
go-kaptinlin,0.9.2,dependabot,16705625,15075416,5123459,445792,20284,0
go-kaptinlin,0.9.2,dependabot-invalid,18924834,15695625,4515083,809375,21920,0
go-kaptinlin,0.9.2,draft-04-rmUniqueItems,376187167,376281625,43527917,372500,85652,0
go-kaptinlin,0.9.2,draft-04-rmUniqueItems-invalid,377992501,388101375,42170000,484541,86848,0
go-kaptinlin,0.9.2,example-address-invalid,40542334,42689917,11869208,552333,28440,0
go-kaptinlin,0.9.2,example-address-valid,36046958,34408875,12660708,243416,26124,0
go-kaptinlin,0.9.2,example-blogpost-invalid,98746250,102678000,39852458,712875,58708,0
go-kaptinlin,0.9.2,example-blogpost-valid,97917125,97888958,24449875,339375,43404,0
go-kaptinlin,0.9.2,example-calendar-invalid,80025750,83157083,46330291,490166,64440,0
go-kaptinlin,0.9.2,example-calendar-valid,74651459,80751792,22713542,277667,40804,0
go-kaptinlin,0.9.2,example-devicetype-invalid,94283417,97930208,30456584,294125,45576,0
go-kaptinlin,0.9.2,example-devicetype-valid,88623666,86445834,10257792,562875,24360,0
go-kaptinlin,0.9.2,example-health-record-invalid,132408750,130471333,53850000,671500,64636,0
go-kaptinlin,0.9.2,example-health-record-valid,118062958,130019208,30218958,799125,54236,0
go-kaptinlin,0.9.2,example-job-posting-invalid,46838792,51309334,29440792,214833,45000,0
go-kaptinlin,0.9.2,example-job-posting-valid,39059334,41149166,12792292,284583,26092,0
go-kaptinlin,0.9.2,example-movie-invalid,52969000,55288458,34849250,252292,49980,0
go-kaptinlin,0.9.2,example-movie-valid,47744084,48560875,14293917,397709,29016,0
go-kaptinlin,0.9.2,example-userprofile-invalid,56171959,62886791,32739375,237708,45768,0
go-kaptinlin,0.9.2,example-userprofile-valid,53291917,51353708,13888000,422542,28440,0
go-kaptinlin,0.9.2,fabric-mod,36721625,36569042,5611292,1055208,26024,0
go-kaptinlin,0.9.2,fabric-mod-invalid,41040375,38369375,6896208,648459,21936,0
go-kaptinlin,0.9.2,geojson,2678767084,2805822876,210040458,1933250,646688,0
go-kaptinlin,0.9.2,geojson-invalid,2645194543,2736868168,211488916,1831083,939356,0
go-kaptinlin,0.9.2,gitpod-configuration,13445459,11646666,4043459,605625,18380,0
go-kaptinlin,0.9.2,gitpod-configuration-invalid,14956500,12684750,4478666,731334,20320,0
go-kaptinlin,0.9.2,importmap,10846250,8857958,4162125,563291,19384,0
go-kaptinlin,0.9.2,importmap-invalid,11129541,10580708,5673000,284125,17732,0
go-kaptinlin,0.9.2,jasmine,7956708,6714875,1590625,315583,20248,0
go-kaptinlin,0.9.2,jasmine-invalid,8936042,7542500,2253209,469667,16636,0
go-kaptinlin,0.9.2,jsck-complex-invalid,150098376,147561000,17456708,630667,38732,0
go-kaptinlin,0.9.2,jsck-complex-valid,176255959,171437583,19429084,690750,40964,0
go-kaptinlin,0.9.2,jsck-medium-invalid,104261417,102518459,38813916,404250,81008,0
go-kaptinlin,0.9.2,jsck-medium-valid,94724250,94399750,29169000,350042,70792,0
go-kaptinlin,0.9.2,jsconfig-rmUniqueItems,31886500,25721917,2782000,1346500,18180,0
go-kaptinlin,0.9.2,jsconfig-rmUniqueItems-invalid,34191542,28593375,3223209,1269542,19480,0
go-kaptinlin,0.9.2,jshintrc,19326416,17769083,5101541,498167,19652,0
go-kaptinlin,0.9.2,jshintrc-invalid,22307708,18369792,5405667,639375,20272,0
go-kaptinlin,0.9.2,katydid-conf-invalid,77163459,78037292,22279542,478041,48220,0
go-kaptinlin,0.9.2,katydid-conf-valid,75029250,82543542,26211167,261708,51832,0
go-kaptinlin,0.9.2,lazygit-rmUniqueItems,7124500,5437375,826291,2660709,17672,0
go-kaptinlin,0.9.2,lazygit-rmUniqueItems-invalid,7831125,5573166,951459,2499666,15876,0
go-kaptinlin,0.9.2,lerna,5285500,4646208,2236959,804916,17780,0
go-kaptinlin,0.9.2,lerna-invalid,6603667,4988959,2432792,372000,17848,0
go-kaptinlin,0.9.2,nest-cli,15943042,12539333,3193375,1181709,19840,0
go-kaptinlin,0.9.2,nest-cli-invalid,16221083,12978083,3660542,1048583,17828,0
go-kaptinlin,0.9.2,omnisharp,13969875,11303250,4693958,742458,18452,0
go-kaptinlin,0.9.2,omnisharp-invalid,15918167,13680292,4917292,620084,19252,0
go-kaptinlin,0.9.2,pre-commit-hooks,40033959,37577500,4148416,339167,17456,0
go-kaptinlin,0.9.2,pre-commit-hooks-invalid,38799208,41410833,5135750,664083,20464,0
go-kaptinlin,0.9.2,pulumi,28381708,27024583,9430834,489208,26308,0
go-kaptinlin,0.9.2,pulumi-invalid,29049250,28079083,9662833,733125,26492,0
go-kaptinlin,0.9.2,semantic-release,13564500,10825625,4406875,300958,17644,0
go-kaptinlin,0.9.2,semantic-release-invalid,15178292,12589541,4531125,490708,19704,0
go-kaptinlin,0.9.2,stale,15120958,11308542,3116375,717584,17872,0
go-kaptinlin,0.9.2,stale-invalid,17320958,12957125,3805958,365750,16268,0
go-kaptinlin,0.9.2,stylecop-rmUniqueItems,13603041,10844583,4621500,506750,20424,0
go-kaptinlin,0.9.2,stylecop-rmUniqueItems-invalid,15034709,12391292,4656709,857542,18192,0
go-kaptinlin,0.9.2,tmuxinator,6228167,4527167,2245041,564083,15996,0
go-kaptinlin,0.9.2,tmuxinator-invalid,5482541,4342958,2467958,343666,17788,0
go-kaptinlin,0.9.2,ui5,32834333,29864375,4041167,7240375,30804,0
go-kaptinlin,0.9.2,ui5-invalid,31993000,28648792,3921458,7094375,26628,0
go-kaptinlin,0.9.2,unreal-engine-uproject-rmUniqueItems,19747958,16040292,3532125,791334,19320,0
go-kaptinlin,0.9.2,unreal-engine-uproject-rmUniqueItems-invalid,20849750,17115250,3793584,555042,18116,0
go-kaptinlin,0.9.2,vercel,22272250,18837084,3441791,2138333,20108,0
go-kaptinlin,0.9.2,vercel-invalid,21902125,18731333,3276791,1844041,20352,0
go-kaptinlin,0.9.2,yamllint,2509708,2743209,4004458,596708,19596,0
go-kaptinlin,0.9.2,yamllint-invalid,2951458,2754375,4368791,386416,19692,0
go-kaptinlin,0.9.2,zschema-advanced-rmUniqueItems-invalid,401929834,418381459,46448167,666625,81192,0
go-kaptinlin,0.9.2,zschema-advanced-rmUniqueItems-valid,394692584,395661333,27994208,559083,62100,0
go-kaptinlin,0.9.2,zschema-basic-rmUniqueItems-invalid,7710875,6675542,4934458,260375,17592,0
go-kaptinlin,0.9.2,zschema-basic-rmUniqueItems-valid,7740083,6130459,4691042,493375,17624,0
go-katydid-auto-json,,ajv-cosmicrealms-rmUniqueItems-invalid,35349667,31176625,0,387478208,118420,0
go-katydid-auto-json,,ajv-cosmicrealms-rmUniqueItems-valid,44887333,40627375,0,377409917,126804,0
go-katydid-auto-json,,ansible-meta,4924334,860000,0,84443792,45188,0
go-katydid-auto-json,,ansible-meta-invalid,4643291,702042,0,84652500,45084,0
go-katydid-auto-json,,aws-cdk,1055042,990708,0,453500,20068,0
go-katydid-auto-json,,aws-cdk-invalid,582750,505500,0,389000,15576,0
go-katydid-auto-json,,babelrc,655334,585334,0,5500958,20864,0
go-katydid-auto-json,,babelrc-invalid,780917,683209,0,5906959,20992,0
go-katydid-auto-json,,clang-format,245792,155750,0,86037792,30264,0
go-katydid-auto-json,,clang-format-invalid,252666,138667,0,83194875,29864,0
go-katydid-auto-json,,cmake-presets,11582375,10698917,0,5204084794,582628,0
go-katydid-auto-json,,cmake-presets-invalid,9043625,8741625,0,5221250961,571780,0
go-katydid-auto-json,,code-climate,3124500,2994375,0,2070833,18404,0
go-katydid-auto-json,,code-climate-invalid,4072250,4010709,0,1810167,20440,0
go-katydid-auto-json,,cypress,1273875,1210042,0,19507000,21384,0
go-katydid-auto-json,,cypress-invalid,856458,759250,0,20385292,23660,0
go-katydid-auto-json,,deno-rmUniqueItems,2592083,2420750,0,3081375,21080,0
go-katydid-auto-json,,deno-rmUniqueItems-invalid,1459875,1336833,0,3092750,20844,0
go-katydid-auto-json,,dependabot,1876500,1801875,0,4189458,19172,0
go-katydid-auto-json,,dependabot-invalid,1682250,1532417,0,4050958,21276,0
go-katydid-auto-json,,draft-04-rmUniqueItems,22890792,22978334,0,28725875,31456,0
go-katydid-auto-json,,draft-04-rmUniqueItems-invalid,14950500,14786834,0,29624625,31784,0
go-katydid-auto-json,,example-address-invalid,7577750,6739875,0,6903833,21116,0
go-katydid-auto-json,,example-address-valid,7879333,6527250,0,7598792,20988,0
go-katydid-auto-json,,example-blogpost-invalid,18433250,17568041,0,1824625,22744,0
go-katydid-auto-json,,example-blogpost-valid,17285500,16604792,0,1999458,20476,0
go-katydid-auto-json,,example-calendar-invalid,18296000,16982583,0,2092375,26844,0
go-katydid-auto-json,,example-calendar-valid,12159792,11505834,0,1675334,20520,0
go-katydid-auto-json,,example-devicetype-invalid,10907417,10879166,0,337101376,70344,0
go-katydid-auto-json,,example-devicetype-valid,5820209,5813417,0,340720917,64004,0
go-katydid-auto-json,,example-health-record-invalid,23920875,22414167,0,1954667,27008,0
go-katydid-auto-json,,example-health-record-valid,21521209,20841625,0,1933500,22648,0
go-katydid-auto-json,,example-job-posting-invalid,12050875,10930791,0,2150916,22740,0
go-katydid-auto-json,,example-job-posting-valid,7759708,7541708,0,2331875,20592,0
go-katydid-auto-json,,example-movie-invalid,14120458,13213375,0,1703833,26552,0
go-katydid-auto-json,,example-movie-valid,9278000,9045834,0,1357709,20452,0
go-katydid-auto-json,,example-userprofile-invalid,13850541,12779667,0,1090041,22628,0
go-katydid-auto-json,,example-userprofile-valid,10001458,9886750,0,564416,18156,0
go-katydid-auto-json,,fabric-mod,2435333,2510791,0,6506333,21268,0
go-katydid-auto-json,,fabric-mod-invalid,2066209,1911708,0,6776000,21232,0
go-katydid-auto-json,,geojson,164818583,164415500,0,127065405724,2287180,0
go-katydid-auto-json,,geojson-invalid,118048000,118002917,0,126595542307,2294700,0
go-katydid-auto-json,,gitpod-configuration,1570042,1491334,0,11862917,27712,0
go-katydid-auto-json,,gitpod-configuration-invalid,1467042,1378333,0,12796083,23808,0
go-katydid-auto-json,,importmap,1173375,1061542,0,317750,18024,0
go-katydid-auto-json,,importmap-invalid,1145208,1113458,0,242208,18020,0
go-katydid-auto-json,,jasmine,679375,609250,0,5923542,21032,0
go-katydid-auto-json,,jasmine-invalid,857375,756041,0,6013958,18988,0
go-katydid-auto-json,,jsck-complex-invalid,7777166,7650917,0,3330959,20920,0
go-katydid-auto-json,,jsck-complex-valid,12473167,11773792,0,3499500,23064,0
go-katydid-auto-json,,jsck-medium-invalid,19153834,17655125,0,2712125,24948,0
go-katydid-auto-json,,jsck-medium-valid,21076541,19559083,0,2545500,22912,0
go-katydid-auto-json,,jsconfig-rmUniqueItems,1291333,1162041,0,2023873335,299952,0
go-katydid-auto-json,,jsconfig-rmUniqueItems-invalid,1144917,1010500,0,2019901667,299984,0
go-katydid-auto-json,,jshintrc,2494833,2440083,0,5033125,21168,0
go-katydid-auto-json,,jshintrc-invalid,1989209,1905167,0,4864209,20852,0
go-katydid-auto-json,,katydid-conf-invalid,13010625,12185625,0,2202291,20592,0
go-katydid-auto-json,,katydid-conf-valid,16756000,16225126,0,2061625,22616,0
go-katydid-auto-json,,lazygit-rmUniqueItems,569958,367000,0,1012067917,165760,0
go-katydid-auto-json,,lazygit-rmUniqueItems-invalid,492916,291583,0,1017095834,167644,0
go-katydid-auto-json,,lerna,896000,784584,0,1495167,18728,0
go-katydid-auto-json,,lerna-invalid,876625,816583,0,1599125,18312,0
go-katydid-auto-json,,nest-cli,1137500,1067167,0,22100375,30108,0
go-katydid-auto-json,,nest-cli-invalid,1104625,1002458,0,20185334,30080,0
go-katydid-auto-json,,omnisharp,1639250,1558417,0,4274792,21284,0
go-katydid-auto-json,,omnisharp-invalid,1598792,1509416,0,4554042,23392,0
go-katydid-auto-json,,pre-commit-hooks,3251708,1906333,0,3150625,29508,0
go-katydid-auto-json,,pre-commit-hooks-invalid,3057416,1571750,0,3130625,29336,0
go-katydid-auto-json,,pulumi,3508541,3553333,0,4969958,23100,0
go-katydid-auto-json,,pulumi-invalid,3221375,3125584,0,4990250,21108,0
go-katydid-auto-json,,semantic-release,1274042,1168250,0,1034916,18280,0
go-katydid-auto-json,,semantic-release-invalid,1165208,1087125,0,1652500,20352,0
go-katydid-auto-json,,stale,1061958,986500,0,2715958,16504,0
go-katydid-auto-json,,stale-invalid,1279791,1282542,0,2994042,18548,0
go-katydid-auto-json,,stylecop-rmUniqueItems,1609917,1492625,0,5652125,23532,0
go-katydid-auto-json,,stylecop-rmUniqueItems-invalid,1359500,1264792,0,5718125,23452,0
go-katydid-auto-json,,tmuxinator,876125,824708,0,1913750,20728,0
go-katydid-auto-json,,tmuxinator-invalid,674958,603000,0,1449416,18664,0
go-katydid-auto-json,,ui5,26182041,8573791,0,12450917,35232,0
go-katydid-auto-json,,ui5-invalid,53291834,10446125,0,12935459,66448,0
go-katydid-auto-json,,unreal-engine-uproject-rmUniqueItems,1796791,1709334,0,2708250,18740,0
go-katydid-auto-json,,unreal-engine-uproject-rmUniqueItems-invalid,1533583,1395500,0,2866541,20600,0
go-katydid-auto-json,,vercel,1341458,1092083,0,595471458,396624,0
go-katydid-auto-json,,vercel-invalid,1046125,872708,0,588861208,365352,0
go-katydid-auto-json,,yamllint,1139000,976791,0,416041,15588,0
go-katydid-auto-json,,yamllint-invalid,1128500,1024291,0,363458,15576,0
go-katydid-auto-json,,zschema-advanced-rmUniqueItems-invalid,22905167,21575167,0,1702166,24944,0
go-katydid-auto-json,,zschema-advanced-rmUniqueItems-valid,24258000,22348416,0,2207542,22492,0
go-katydid-auto-json,,zschema-basic-rmUniqueItems-invalid,1783834,1699750,0,1819667,18500,0
go-katydid-auto-json,,zschema-basic-rmUniqueItems-valid,2093084,1922958,0,1859125,18392,0
go-katydid-auto-reflect,,ajv-cosmicrealms-rmUniqueItems-invalid,33439583,28358208,54193917,380497875,122792,0
go-katydid-auto-reflect,,ajv-cosmicrealms-rmUniqueItems-valid,52333292,49616000,42717041,390493458,126972,0
go-katydid-auto-reflect,,ansible-meta,12979625,5448750,749875,83922042,49516,0
go-katydid-auto-reflect,,ansible-meta-invalid,15925250,6186542,807334,86288041,51552,0
go-katydid-auto-reflect,,aws-cdk,398791,391125,3257250,731375,20460,0
go-katydid-auto-reflect,,aws-cdk-invalid,220042,204375,2426458,707208,18444,0
go-katydid-auto-reflect,,babelrc,629208,1097792,1031625,5430292,21424,0
go-katydid-auto-reflect,,babelrc-invalid,564042,527084,2092583,5302083,21432,0
go-katydid-auto-reflect,,clang-format,243791,226417,376583,87218958,30300,0
go-katydid-auto-reflect,,clang-format-invalid,129917,93958,413750,84601541,32464,0
go-katydid-auto-reflect,,cmake-presets,14108583,13813500,17956916,5176783794,576324,0
go-katydid-auto-reflect,,cmake-presets-invalid,10267000,9572875,15917583,5200328878,578556,0
go-katydid-auto-reflect,,code-climate,2960916,2509666,7557791,2204833,27484,0
go-katydid-auto-reflect,,code-climate-invalid,3964666,3641000,9522875,2088542,31664,0
go-katydid-auto-reflect,,cypress,723334,700709,2994500,20130791,23768,0
go-katydid-auto-reflect,,cypress-invalid,762167,719250,1992208,19840250,23644,0
go-katydid-auto-reflect,,deno-rmUniqueItems,1807584,1805167,6784833,3341625,23528,0
go-katydid-auto-reflect,,deno-rmUniqueItems-invalid,1176666,1091292,3744083,3570042,19448,0
go-katydid-auto-reflect,,dependabot,2698166,2664250,3417875,4205792,23392,0
go-katydid-auto-reflect,,dependabot-invalid,1571708,1472542,3794750,4328542,21216,0
go-katydid-auto-reflect,,draft-04-rmUniqueItems,26710166,26072417,48674500,31102625,86688,0
go-katydid-auto-reflect,,draft-04-rmUniqueItems-invalid,14593750,14819375,50229417,28616042,67756,0
go-katydid-auto-reflect,,example-address-invalid,9200250,7508292,11890041,6969542,29748,0
go-katydid-auto-reflect,,example-address-valid,7989917,7929292,12990500,7558084,29708,0
go-katydid-auto-reflect,,example-blogpost-invalid,12506666,11274375,37070166,1660750,48172,0
go-katydid-auto-reflect,,example-blogpost-valid,18489500,19955625,24657458,2620542,41980,0
go-katydid-auto-reflect,,example-calendar-invalid,10774083,8745583,45675750,1926625,52604,0
go-katydid-auto-reflect,,example-calendar-valid,17133625,13911084,20489792,1787500,39932,0
go-katydid-auto-reflect,,example-devicetype-invalid,6301583,6181208,27386125,340692833,67960,0
go-katydid-auto-reflect,,example-devicetype-valid,7512500,7395583,7348458,338319750,64332,0
go-katydid-auto-reflect,,example-health-record-invalid,13770792,13897875,50418626,2213333,56508,0
go-katydid-auto-reflect,,example-health-record-valid,24154875,22363833,29387125,2068584,40196,0
go-katydid-auto-reflect,,example-job-posting-invalid,5540583,5467708,28139375,2425375,39784,0
go-katydid-auto-reflect,,example-job-posting-valid,9482500,8538667,11445000,2310792,27304,0
go-katydid-auto-reflect,,example-movie-invalid,6331959,6167750,33933125,1614166,43852,0
go-katydid-auto-reflect,,example-movie-valid,10808459,9514875,13659292,1473500,29428,0
go-katydid-auto-reflect,,example-userprofile-invalid,6499000,6480667,31545625,612667,41692,0
go-katydid-auto-reflect,,example-userprofile-valid,10335083,10150625,12568584,623375,29244,0
go-katydid-auto-reflect,,fabric-mod,3622833,3142167,4389833,6344125,23232,0
go-katydid-auto-reflect,,fabric-mod-invalid,3240916,1740375,4657000,6632666,23556,0
go-katydid-auto-reflect,,geojson,232515000,251719958,195192750,126895967766,2288716,0
go-katydid-auto-reflect,,geojson-invalid,120860042,116378000,196932375,126937251392,2303840,0
go-katydid-auto-reflect,,gitpod-configuration,1712541,1587958,2725750,12783958,27760,0
go-katydid-auto-reflect,,gitpod-configuration-invalid,966459,874000,2835625,12640292,25844,0
go-katydid-auto-reflect,,importmap,1254375,1143500,3252083,446958,18336,0
go-katydid-auto-reflect,,importmap-invalid,732875,655125,3824208,247708,18368,0
go-katydid-auto-reflect,,jasmine,730000,694959,1003750,5899458,21252,0
go-katydid-auto-reflect,,jasmine-invalid,751000,726291,1368375,5619792,21300,0
go-katydid-auto-reflect,,jsck-complex-invalid,6022792,5950125,16891750,3674083,35908,0
go-katydid-auto-reflect,,jsck-complex-valid,14622334,15884083,18403667,3406041,44204,0
go-katydid-auto-reflect,,jsck-medium-invalid,13706375,13917625,37602500,2672333,71472,0
go-katydid-auto-reflect,,jsck-medium-valid,25383500,26299625,28654625,2560084,73880,0
go-katydid-auto-reflect,,jsconfig-rmUniqueItems,1377084,1411750,1652833,2025302710,306392,0
go-katydid-auto-reflect,,jsconfig-rmUniqueItems-invalid,1155208,1101250,1913084,2000344251,302052,0
go-katydid-auto-reflect,,jshintrc,2953750,3219875,4016834,4677209,21296,0
go-katydid-auto-reflect,,jshintrc-invalid,1691375,1715833,4344459,4897375,20968,0
go-katydid-auto-reflect,,katydid-conf-invalid,10412250,11738417,21917375,1913541,44148,0
go-katydid-auto-reflect,,katydid-conf-valid,17763041,16637291,24150292,2469583,46364,0
go-katydid-auto-reflect,,lazygit-rmUniqueItems,770875,617500,603416,1010561542,171984,0
go-katydid-auto-reflect,,lazygit-rmUniqueItems-invalid,442792,296459,725541,1007714876,165764,0
go-katydid-auto-reflect,,lerna,929542,900459,1367958,1446334,18676,0
go-katydid-auto-reflect,,lerna-invalid,654541,619125,1642166,1675500,18812,0
go-katydid-auto-reflect,,nest-cli,1519125,1507250,1879041,20840917,30192,0
go-katydid-auto-reflect,,nest-cli-invalid,917875,923792,2260584,20790375,32484,0
go-katydid-auto-reflect,,omnisharp,1832916,1809292,4117416,4326334,23452,0
go-katydid-auto-reflect,,omnisharp-invalid,1394125,1477208,4382375,4756625,23512,0
go-katydid-auto-reflect,,pre-commit-hooks,2317917,2454875,4142833,3390166,19200,0
go-katydid-auto-reflect,,pre-commit-hooks-invalid,1173583,1107208,4641709,3151291,21076,0
go-katydid-auto-reflect,,pulumi,3177209,2938708,8208459,4970000,27644,0
go-katydid-auto-reflect,,pulumi-invalid,2699417,2224500,8878959,5354333,27800,0
go-katydid-auto-reflect,,semantic-release,783833,735250,2751583,1235333,18568,0
go-katydid-auto-reflect,,semantic-release-invalid,543666,487042,3077750,829333,18576,0
go-katydid-auto-reflect,,stale,1118000,1085292,3010084,2792583,23100,0
go-katydid-auto-reflect,,stale-invalid,1137792,1053209,3668083,2733083,20984,0
go-katydid-auto-reflect,,stylecop-rmUniqueItems,1912416,2001250,3537375,5717541,23996,0
go-katydid-auto-reflect,,stylecop-rmUniqueItems-invalid,1335625,1275875,3309000,6880834,21672,0
go-katydid-auto-reflect,,tmuxinator,617375,595834,1698041,1423042,18820,0
go-katydid-auto-reflect,,tmuxinator-invalid,292542,279875,1771667,1469750,18692,0
go-katydid-auto-reflect,,ui5,80589000,26384375,3523875,12299583,129732,0
go-katydid-auto-reflect,,ui5-invalid,82876292,27782334,4657209,12543584,125436,0
go-katydid-auto-reflect,,unreal-engine-uproject-rmUniqueItems,2237167,2182834,3116708,2731000,20964,0
go-katydid-auto-reflect,,unreal-engine-uproject-rmUniqueItems-invalid,1298875,1192667,3366750,2494083,21012,0
go-katydid-auto-reflect,,vercel,1749334,1609667,1838333,590168084,375572,0
go-katydid-auto-reflect,,vercel-invalid,866667,761083,1957500,584068458,394464,0
go-katydid-auto-reflect,,yamllint,384208,413000,2744833,386542,18312,0
go-katydid-auto-reflect,,yamllint-invalid,332666,316333,3594333,318125,18364,0
go-katydid-auto-reflect,,zschema-advanced-rmUniqueItems-invalid,14056792,14114042,46344791,2013125,64948,0
go-katydid-auto-reflect,,zschema-advanced-rmUniqueItems-valid,28314334,27172417,26045584,1891834,63148,0
go-katydid-auto-reflect,,zschema-basic-rmUniqueItems-invalid,777459,786375,4113375,2020333,18588,0
go-katydid-auto-reflect,,zschema-basic-rmUniqueItems-valid,1370084,2229750,3982625,1986958,23040,0
go-katydid-mem-json,,ajv-cosmicrealms-rmUniqueItems-invalid,404740458,43618750,0,968667,330516,0
go-katydid-mem-json,,ajv-cosmicrealms-rmUniqueItems-valid,502659917,59411167,0,761958,408576,0
go-katydid-mem-json,,ansible-meta,6164208,844500,0,2967375,19160,0
go-katydid-mem-json,,ansible-meta-invalid,5891708,661083,0,2842709,19500,0
go-katydid-mem-json,,aws-cdk,1375666,996959,0,418458,20104,0
go-katydid-mem-json,,aws-cdk-invalid,877042,456709,0,265750,18168,0
go-katydid-mem-json,,babelrc,1303000,647000,0,1242334,20372,0
go-katydid-mem-json,,babelrc-invalid,1444000,708083,0,1546709,18616,0
go-katydid-mem-json,,clang-format,39673000,201500,0,7755917,51356,0
go-katydid-mem-json,,clang-format-invalid,37854125,158083,0,8244416,44940,0
go-katydid-mem-json,,cmake-presets,26775292,12684500,0,5204167,30184,0
go-katydid-mem-json,,cmake-presets-invalid,31956375,11383208,0,5260625,38796,0
go-katydid-mem-json,,code-climate,3656958,3180083,0,1807583,18552,0
go-katydid-mem-json,,code-climate-invalid,4794708,3989042,0,1707375,18328,0
go-katydid-mem-json,,cypress,3743167,1473875,0,2035917,18700,0
go-katydid-mem-json,,cypress-invalid,3421750,891375,0,2145000,18628,0
go-katydid-mem-json,,deno-rmUniqueItems,4224375,2528541,0,2292250,19248,0
go-katydid-mem-json,,deno-rmUniqueItems-invalid,2628625,1426125,0,2198834,18764,0
go-katydid-mem-json,,dependabot,2946708,1981792,0,1649875,18696,0
go-katydid-mem-json,,dependabot-invalid,2670875,1675167,0,2221291,18700,0
go-katydid-mem-json,,draft-04-rmUniqueItems,63660750,57346708,0,1044917,26932,0
go-katydid-mem-json,,draft-04-rmUniqueItems-invalid,26986084,23429542,0,1483458,26984,0
go-katydid-mem-json,,example-address-invalid,10402959,8088125,0,256667,18252,0
go-katydid-mem-json,,example-address-valid,12904250,8709625,0,427042,20480,0
go-katydid-mem-json,,example-blogpost-invalid,21324667,18289917,0,425625,22348,0
go-katydid-mem-json,,example-blogpost-valid,21214708,18835000,0,356917,20492,0
go-katydid-mem-json,,example-calendar-invalid,19079000,17474084,0,309000,24256,0
go-katydid-mem-json,,example-calendar-valid,14495625,12629667,0,443625,18112,0
go-katydid-mem-json,,example-devicetype-invalid,18421625,11508500,0,465708,24572,0
go-katydid-mem-json,,example-devicetype-valid,12163417,8059292,0,360375,20512,0
go-katydid-mem-json,,example-health-record-invalid,26761750,23958250,0,364833,24304,0
go-katydid-mem-json,,example-health-record-valid,26397667,23413583,0,301959,22364,0
go-katydid-mem-json,,example-job-posting-invalid,13516250,11075875,0,247625,22196,0
go-katydid-mem-json,,example-job-posting-valid,9874750,8185209,0,376041,18200,0
go-katydid-mem-json,,example-movie-invalid,15689334,13740917,0,392167,22404,0
go-katydid-mem-json,,example-movie-valid,11429875,9594041,0,278875,20356,0
go-katydid-mem-json,,example-userprofile-invalid,15253917,13172333,0,443208,22380,0
go-katydid-mem-json,,example-userprofile-valid,12245375,10431709,0,240834,20232,0
go-katydid-mem-json,,fabric-mod,4058333,2511750,0,1640333,18680,0
go-katydid-mem-json,,fabric-mod-invalid,3092334,1927292,0,1439458,18424,0
go-katydid-mem-json,,geojson,199073792,192806792,0,4397417,45920,0
go-katydid-mem-json,,geojson-invalid,141462459,132494541,0,4682709,48072,0
go-katydid-mem-json,,gitpod-configuration,2407292,1401625,0,1652125,20728,0
go-katydid-mem-json,,gitpod-configuration-invalid,2156625,1191042,0,1784500,18516,0
go-katydid-mem-json,,importmap,1379708,1093750,0,244209,18072,0
go-katydid-mem-json,,importmap-invalid,1286291,1091000,0,260625,20132,0
go-katydid-mem-json,,jasmine,1873500,648500,0,506333,18504,0
go-katydid-mem-json,,jasmine-invalid,2512292,847500,0,352042,18560,0
go-katydid-mem-json,,jsck-complex-invalid,11324958,7600792,0,637584,20636,0
go-katydid-mem-json,,jsck-complex-valid,18407583,12714875,0,1733875,23052,0
go-katydid-mem-json,,jsck-medium-invalid,21167875,18857417,0,482208,31792,0
go-katydid-mem-json,,jsck-medium-valid,24514333,21797292,0,516791,27700,0
go-katydid-mem-json,,jsconfig-rmUniqueItems,7563625,1630000,0,4115708,21564,0
go-katydid-mem-json,,jsconfig-rmUniqueItems-invalid,6315167,1593583,0,4642000,25788,0
go-katydid-mem-json,,jshintrc,14646458,9549375,0,1769792,21124,0
go-katydid-mem-json,,jshintrc-invalid,8207375,4101917,0,1969959,21056,0
go-katydid-mem-json,,katydid-conf-invalid,14952750,13602583,0,334417,18504,0
go-katydid-mem-json,,katydid-conf-valid,19787042,18074750,0,342041,20248,0
go-katydid-mem-json,,lazygit-rmUniqueItems,6775500,461500,0,4635292,23664,0
go-katydid-mem-json,,lazygit-rmUniqueItems-invalid,3054583,371083,0,4673875,19136,0
go-katydid-mem-json,,lerna,1274125,931041,0,931166,18628,0
go-katydid-mem-json,,lerna-invalid,1479000,845791,0,816958,18184,0
go-katydid-mem-json,,nest-cli,2559417,1269458,0,1700542,20668,0
go-katydid-mem-json,,nest-cli-invalid,2322375,1128083,0,1766000,18576,0
go-katydid-mem-json,,omnisharp,4212292,2215958,0,2293875,20728,0
go-katydid-mem-json,,omnisharp-invalid,3812542,1690416,0,2040875,21024,0
go-katydid-mem-json,,pre-commit-hooks,4427208,2021958,0,1364875,29096,0
go-katydid-mem-json,,pre-commit-hooks-invalid,4224333,1801625,0,1356792,26888,0
go-katydid-mem-json,,pulumi,4570292,3290041,0,1914916,18284,0
go-katydid-mem-json,,pulumi-invalid,4312083,3400708,0,1371959,18580,0
go-katydid-mem-json,,semantic-release,1630458,1171333,0,723125,17928,0
go-katydid-mem-json,,semantic-release-invalid,1502584,1062417,0,355375,20372,0
go-katydid-mem-json,,stale,2008291,1130167,0,383416,18200,0
go-katydid-mem-json,,stale-invalid,1938917,1256417,0,427125,18192,0
go-katydid-mem-json,,stylecop-rmUniqueItems,3089916,1560708,0,1665292,20560,0
go-katydid-mem-json,,stylecop-rmUniqueItems-invalid,2202542,1338917,0,1464666,18828,0
go-katydid-mem-json,,tmuxinator,1046417,714166,0,1193625,18300,0
go-katydid-mem-json,,tmuxinator-invalid,1101291,567458,0,1332208,18684,0
go-katydid-mem-json,,ui5,27614084,8473959,0,7994042,36868,0
go-katydid-mem-json,,ui5-invalid,54002833,9854417,0,6595417,66460,0
go-katydid-mem-json,,unreal-engine-uproject-rmUniqueItems,2310833,1819000,0,1296583,20376,0
go-katydid-mem-json,,unreal-engine-uproject-rmUniqueItems-invalid,2147041,1495834,0,1273416,18728,0
go-katydid-mem-json,,vercel,56662958,1308875,0,15608791,64060,0
go-katydid-mem-json,,vercel-invalid,39159666,1091917,0,15717083,47268,0
go-katydid-mem-json,,yamllint,1148375,883667,0,272500,17616,0
go-katydid-mem-json,,yamllint-invalid,1444834,962584,0,306625,17800,0
go-katydid-mem-json,,zschema-advanced-rmUniqueItems-invalid,25671583,23195583,0,795583,24492,0
go-katydid-mem-json,,zschema-advanced-rmUniqueItems-valid,29228125,26690250,0,564250,20308,0
go-katydid-mem-json,,zschema-basic-rmUniqueItems-invalid,2467208,1650292,0,547958,20092,0
go-katydid-mem-json,,zschema-basic-rmUniqueItems-valid,2772125,1956708,0,304584,18308,0
go-katydid-mem-reflect,,ajv-cosmicrealms-rmUniqueItems-invalid,391545001,47075333,56709125,720125,569844,0
go-katydid-mem-reflect,,ajv-cosmicrealms-rmUniqueItems-valid,508613125,73872458,44575375,391833,523436,0
go-katydid-mem-reflect,,ansible-meta,14195208,1077042,830709,3324166,76968,0
go-katydid-mem-reflect,,ansible-meta-invalid,18689459,826500,911125,2880208,106460,0
go-katydid-mem-reflect,,aws-cdk,545084,442041,3151458,314708,26008,0
go-katydid-mem-reflect,,aws-cdk-invalid,318458,213875,1747333,285791,23260,0
go-katydid-mem-reflect,,babelrc,1200333,699791,1035041,1397834,25404,0
go-katydid-mem-reflect,,babelrc-invalid,1136334,565084,1523375,1773083,25576,0
go-katydid-mem-reflect,,clang-format,36064167,263875,334792,7661750,55908,0
go-katydid-mem-reflect,,clang-format-invalid,36588833,148250,418000,7945208,49592,0
go-katydid-mem-reflect,,cmake-presets,41889333,16457292,18112625,5508042,103212,0
go-katydid-mem-reflect,,cmake-presets-invalid,55847292,14548375,18556917,5513625,152008,0
go-katydid-mem-reflect,,code-climate,2875291,2456958,7399625,1533041,39360,0
go-katydid-mem-reflect,,code-climate-invalid,5898042,4501166,8671208,1680667,42300,0
go-katydid-mem-reflect,,cypress,3005583,1075125,4058208,1911500,32144,0
go-katydid-mem-reflect,,cypress-invalid,3799750,937500,1615417,1991500,28516,0
go-katydid-mem-reflect,,deno-rmUniqueItems,3011750,1944750,6837333,2197208,34512,0
go-katydid-mem-reflect,,deno-rmUniqueItems-invalid,3114459,1276209,3247750,2264458,29516,0
go-katydid-mem-reflect,,dependabot,4709125,3521334,3321333,1502667,31984,0
go-katydid-mem-reflect,,dependabot-invalid,4086333,1720459,3105833,1896083,29744,0
go-katydid-mem-reflect,,draft-04-rmUniqueItems,67643292,66557417,46145500,943750,96396,0
go-katydid-mem-reflect,,draft-04-rmUniqueItems-invalid,35505250,30175583,42589000,1278708,92608,0
go-katydid-mem-reflect,,example-address-invalid,12026250,9667958,11178250,499458,36868,0
go-katydid-mem-reflect,,example-address-valid,14091083,10378333,11609000,307792,38596,0
go-katydid-mem-reflect,,example-blogpost-invalid,15599834,13130209,36546541,315416,62016,0
go-katydid-mem-reflect,,example-blogpost-valid,24777875,23611375,23004250,316500,51044,0
go-katydid-mem-reflect,,example-calendar-invalid,13093042,10283333,45667167,330250,72568,0
go-katydid-mem-reflect,,example-calendar-valid,19540125,17125750,19658500,389750,50768,0
go-katydid-mem-reflect,,example-devicetype-invalid,13672541,9030000,27825291,384292,55304,0
go-katydid-mem-reflect,,example-devicetype-valid,14324000,9859750,8960750,433417,36052,0
go-katydid-mem-reflect,,example-health-record-invalid,19177833,16901875,48081125,379041,74792,0
go-katydid-mem-reflect,,example-health-record-valid,31906000,27836541,28192458,583791,57376,0
go-katydid-mem-reflect,,example-job-posting-invalid,6971083,5898250,28105417,361833,51432,0
go-katydid-mem-reflect,,example-job-posting-valid,11526250,11029208,12354042,283000,35948,0
go-katydid-mem-reflect,,example-movie-invalid,7643791,7176209,34015708,264875,57560,0
go-katydid-mem-reflect,,example-movie-valid,12350958,11755583,13243292,267542,36976,0
go-katydid-mem-reflect,,example-userprofile-invalid,7896791,7424125,32018625,405250,53312,0
go-katydid-mem-reflect,,example-userprofile-valid,13009709,12143083,13233500,440333,36956,0
go-katydid-mem-reflect,,fabric-mod,6531500,3040750,4578875,1502916,34152,0
go-katydid-mem-reflect,,fabric-mod-invalid,4529875,1957709,5310459,1426666,34224,0
go-katydid-mem-reflect,,geojson,267533750,270420542,185128291,5364375,323884,0
go-katydid-mem-reflect,,geojson-invalid,135183000,133454792,192078208,4767750,326004,0
go-katydid-mem-reflect,,gitpod-configuration,3832375,1769334,2480833,1876958,29560,0
go-katydid-mem-reflect,,gitpod-configuration-invalid,2935167,1056834,2987666,1815333,29512,0
go-katydid-mem-reflect,,importmap,1388166,1232625,3245541,317875,25796,0
go-katydid-mem-reflect,,importmap-invalid,881917,719750,3939708,185250,27448,0
go-katydid-mem-reflect,,jasmine,1315583,834084,1763458,801250,22984,0
go-katydid-mem-reflect,,jasmine-invalid,1775167,925750,1395208,336875,25132,0
go-katydid-mem-reflect,,jsck-complex-invalid,8862875,6811416,16158000,1258084,48936,0
go-katydid-mem-reflect,,jsck-complex-valid,18401625,16721875,19065750,1014667,53180,0
go-katydid-mem-reflect,,jsck-medium-invalid,16572667,15882709,37489042,599292,83228,0
go-katydid-mem-reflect,,jsck-medium-valid,28997458,29623750,26516958,461375,81256,0
go-katydid-mem-reflect,,jsconfig-rmUniqueItems,7166584,1903042,2077209,3875542,34688,0
go-katydid-mem-reflect,,jsconfig-rmUniqueItems-invalid,7799583,1673291,2753833,4105834,37092,0
go-katydid-mem-reflect,,jshintrc,13908417,10230042,3834292,1858208,29860,0
go-katydid-mem-reflect,,jshintrc-invalid,8806916,5244291,4600667,1541667,32588,0
go-katydid-mem-reflect,,katydid-conf-invalid,14087375,12651125,20721501,324584,55204,0
go-katydid-mem-reflect,,katydid-conf-valid,20869542,21210666,23937542,261417,61564,0
go-katydid-mem-reflect,,lazygit-rmUniqueItems,7843042,589125,1399042,4859166,54060,0
go-katydid-mem-reflect,,lazygit-rmUniqueItems-invalid,6733292,433958,1371375,4638833,51652,0
go-katydid-mem-reflect,,lerna,1346791,1128250,1429458,889542,23300,0
go-katydid-mem-reflect,,lerna-invalid,1027334,717250,1653125,1102208,23540,0
go-katydid-mem-reflect,,nest-cli,4161584,1693000,2072416,2038625,31572,0
go-katydid-mem-reflect,,nest-cli-invalid,3370750,1051334,2478250,1760167,29912,0
go-katydid-mem-reflect,,omnisharp,4381375,2419208,3985750,1815875,30204,0
go-katydid-mem-reflect,,omnisharp-invalid,3668834,1703333,4533458,2079417,32068,0
go-katydid-mem-reflect,,pre-commit-hooks,6771625,2703875,3504917,1504750,30036,0
go-katydid-mem-reflect,,pre-commit-hooks-invalid,4727417,1474708,3811083,566542,29892,0
go-katydid-mem-reflect,,pulumi,4747542,3549166,8007209,1689375,38144,0
go-katydid-mem-reflect,,pulumi-invalid,3648333,3446333,8366958,1707916,36384,0
go-katydid-mem-reflect,,semantic-release,1151292,959375,3467625,557042,28020,0
go-katydid-mem-reflect,,semantic-release-invalid,828708,601292,3005541,339208,27376,0
go-katydid-mem-reflect,,stale,1695250,1249583,2374583,464917,23064,0
go-katydid-mem-reflect,,stale-invalid,1853583,1246500,2715417,425875,25348,0
go-katydid-mem-reflect,,stylecop-rmUniqueItems,4909625,1913667,3075875,1840125,32860,0
go-katydid-mem-reflect,,stylecop-rmUniqueItems-invalid,3456500,1263291,3282292,2106542,32052,0
go-katydid-mem-reflect,,tmuxinator,899125,674958,1793459,1236667,25536,0
go-katydid-mem-reflect,,tmuxinator-invalid,641000,386583,1776042,574584,25532,0
go-katydid-mem-reflect,,ui5,76915792,8849667,4068333,6773500,266932,0
go-katydid-mem-reflect,,ui5-invalid,82924000,9622542,4187708,6780500,266040,0
go-katydid-mem-reflect,,unreal-engine-uproject-rmUniqueItems,3692042,2424875,2361167,1649625,25680,0
go-katydid-mem-reflect,,unreal-engine-uproject-rmUniqueItems-invalid,2076875,1934917,2623375,1707833,27500,0
go-katydid-mem-reflect,,vercel,59598250,1655416,1929208,16825834,83604,0
go-katydid-mem-reflect,,vercel-invalid,31037626,926666,2856250,12523084,59868,0
go-katydid-mem-reflect,,yamllint,475458,392292,3706917,230750,27432,0
go-katydid-mem-reflect,,yamllint-invalid,433166,390417,3775625,368750,27100,0
go-katydid-mem-reflect,,zschema-advanced-rmUniqueItems-invalid,17484459,16819625,45642292,617500,87652,0
go-katydid-mem-reflect,,zschema-advanced-rmUniqueItems-valid,34152125,33297875,27060750,567833,68516,0
go-katydid-mem-reflect,,zschema-basic-rmUniqueItems-invalid,1468916,834916,4113042,299667,25156,0
go-katydid-mem-reflect,,zschema-basic-rmUniqueItems-valid,2250416,1638291,3918750,402666,25304,0
go-santhosh-tekuri,6.0.2,ajv-cosmicrealms-rmUniqueItems-invalid,96172583,98494542,61966542,288417,80004,0
go-santhosh-tekuri,6.0.2,ajv-cosmicrealms-rmUniqueItems-valid,98084458,100448375,47450250,260125,63324,0
go-santhosh-tekuri,6.0.2,ansible-meta,11386833,8342042,921166,2799542,17020,0
go-santhosh-tekuri,6.0.2,ansible-meta-invalid,11142833,7722792,1093708,2526250,21240,0
go-santhosh-tekuri,6.0.2,aws-cdk,514000,374667,4740542,260583,14720,0
go-santhosh-tekuri,6.0.2,aws-cdk-invalid,529291,787833,2958708,139292,14552,0
go-santhosh-tekuri,6.0.2,babelrc,1447333,1243958,2363917,285042,12680,0
go-santhosh-tekuri,6.0.2,babelrc-invalid,2189000,1874792,2903959,275667,14196,0
go-santhosh-tekuri,6.0.2,clang-format,466000,405917,436416,2214834,15232,0
go-santhosh-tekuri,6.0.2,clang-format-invalid,479625,358625,553583,2429750,12896,0
go-santhosh-tekuri,6.0.2,cmake-presets,192051875,173511416,21915250,4794125,45764,0
go-santhosh-tekuri,6.0.2,cmake-presets-invalid,336090416,340759500,19796666,4664417,46824,0
go-santhosh-tekuri,6.0.2,code-climate,2917875,1383208,11441791,651917,27648,0
go-santhosh-tekuri,6.0.2,code-climate-invalid,6714917,5491333,10903875,611458,31836,0
go-santhosh-tekuri,6.0.2,cypress,1796958,1612542,4627125,789458,16872,0
go-santhosh-tekuri,6.0.2,cypress-invalid,1988875,1536208,2549416,461542,12760,0
go-santhosh-tekuri,6.0.2,deno-rmUniqueItems,2185958,1958500,8483583,1143958,21232,0
go-santhosh-tekuri,6.0.2,deno-rmUniqueItems-invalid,3303292,2461792,4265625,917250,18316,0
go-santhosh-tekuri,6.0.2,dependabot,4502375,3908959,4600917,516041,18996,0
go-santhosh-tekuri,6.0.2,dependabot-invalid,4584500,3706542,5048750,326959,18636,0
go-santhosh-tekuri,6.0.2,draft-04-rmUniqueItems,43277958,40539625,48605917,488625,89096,0
go-santhosh-tekuri,6.0.2,draft-04-rmUniqueItems-invalid,40755542,39284167,42974666,356834,76628,0
go-santhosh-tekuri,6.0.2,example-address-invalid,14135834,12048834,13511708,120084,29280,0
go-santhosh-tekuri,6.0.2,example-address-valid,12524875,10507750,13892875,120125,23524,0
go-santhosh-tekuri,6.0.2,example-blogpost-invalid,31597167,30277125,40879334,183667,54608,0
go-santhosh-tekuri,6.0.2,example-blogpost-valid,31583875,30853333,25498583,194750,39932,0
go-santhosh-tekuri,6.0.2,example-calendar-invalid,26261750,26088042,49899792,239458,60964,0
go-santhosh-tekuri,6.0.2,example-calendar-valid,24724667,24114000,22505250,410459,37832,0
go-santhosh-tekuri,6.0.2,example-devicetype-invalid,27028208,28330292,31266125,297250,40728,0
go-santhosh-tekuri,6.0.2,example-devicetype-valid,23334875,22417500,12248958,287208,23248,0
go-santhosh-tekuri,6.0.2,example-health-record-invalid,40817209,41079250,54125000,216250,63240,0
go-santhosh-tekuri,6.0.2,example-health-record-valid,36990792,38085583,31410833,272250,44600,0
go-santhosh-tekuri,6.0.2,example-job-posting-invalid,14960834,18602458,32645875,163917,42472,0
go-santhosh-tekuri,6.0.2,example-job-posting-valid,13454542,12403291,13766250,173000,24952,0
go-santhosh-tekuri,6.0.2,example-movie-invalid,15316375,15120250,37864042,142458,54808,0
go-santhosh-tekuri,6.0.2,example-movie-valid,13360084,13693750,16364208,112917,34596,0
go-santhosh-tekuri,6.0.2,example-userprofile-invalid,19276292,19531208,35191708,116667,50716,0
go-santhosh-tekuri,6.0.2,example-userprofile-valid,17225958,17029125,16172125,128042,29200,0
go-santhosh-tekuri,6.0.2,fabric-mod,9503000,8517041,6425958,898708,18840,0
go-santhosh-tekuri,6.0.2,fabric-mod-invalid,10971083,9121208,6423292,801583,18592,0
go-santhosh-tekuri,6.0.2,geojson,568604208,589039708,191103709,3146667,420504,0
go-santhosh-tekuri,6.0.2,geojson-invalid,701220626,743773417,192324667,3100708,495252,0
go-santhosh-tekuri,6.0.2,gitpod-configuration,2447292,2028042,4448292,639209,17456,0
go-santhosh-tekuri,6.0.2,gitpod-configuration-invalid,2960708,2214875,4819375,895167,16928,0
go-santhosh-tekuri,6.0.2,importmap,1737208,1719834,5038750,76792,16828,0
go-santhosh-tekuri,6.0.2,importmap-invalid,2088625,1927000,5609333,78625,16684,0
go-santhosh-tekuri,6.0.2,jasmine,2116916,1962416,2284708,260791,12108,0
go-santhosh-tekuri,6.0.2,jasmine-invalid,2260666,1928583,2625708,395000,12500,0
go-santhosh-tekuri,6.0.2,jsck-complex-invalid,54193000,52136375,18455958,611000,37728,0
go-santhosh-tekuri,6.0.2,jsck-complex-valid,62205375,64446459,20601708,701791,42016,0
go-santhosh-tekuri,6.0.2,jsck-medium-invalid,34389625,32896958,39576666,339958,74104,0
go-santhosh-tekuri,6.0.2,jsck-medium-valid,33336542,33283291,29997625,279708,67304,0
go-santhosh-tekuri,6.0.2,jsconfig-rmUniqueItems,5236375,4661625,2417083,2772375,19196,0
go-santhosh-tekuri,6.0.2,jsconfig-rmUniqueItems-invalid,5689542,4811250,2855292,2937542,19064,0
go-santhosh-tekuri,6.0.2,jshintrc,3741584,2936625,5131333,510625,16488,0
go-santhosh-tekuri,6.0.2,jshintrc-invalid,3551500,3117167,5623375,457791,16664,0
go-santhosh-tekuri,6.0.2,katydid-conf-invalid,25483750,26450250,24298375,486417,48720,0
go-santhosh-tekuri,6.0.2,katydid-conf-valid,24802334,26596375,26478084,238125,52348,0
go-santhosh-tekuri,6.0.2,lazygit-rmUniqueItems,1543875,1116167,1407375,3455834,21424,0
go-santhosh-tekuri,6.0.2,lazygit-rmUniqueItems-invalid,1557375,1041542,941750,3181042,18572,0
go-santhosh-tekuri,6.0.2,lerna,1357959,1074625,2573667,209417,14328,0
go-santhosh-tekuri,6.0.2,lerna-invalid,1488792,1190084,2902458,251625,12444,0
go-santhosh-tekuri,6.0.2,nest-cli,2345917,2066458,3583875,803875,16024,0
go-santhosh-tekuri,6.0.2,nest-cli-invalid,2554333,2045208,3423542,931958,16532,0
go-santhosh-tekuri,6.0.2,omnisharp,2197208,1859458,5287292,668042,16732,0
go-santhosh-tekuri,6.0.2,omnisharp-invalid,2796125,2463667,5533791,628625,16760,0
go-santhosh-tekuri,6.0.2,pre-commit-hooks,5150375,3990375,5267167,682708,14888,0
go-santhosh-tekuri,6.0.2,pre-commit-hooks-invalid,5271458,4482583,5684709,325917,16068,0
go-santhosh-tekuri,6.0.2,pulumi,6958125,5736792,10405583,475542,27344,0
go-santhosh-tekuri,6.0.2,pulumi-invalid,6552708,5460292,10286666,392292,25872,0
go-santhosh-tekuri,6.0.2,semantic-release,2571792,2172000,4415875,244583,16668,0
go-santhosh-tekuri,6.0.2,semantic-release-invalid,3935375,3409083,5171542,506792,16684,0
go-santhosh-tekuri,6.0.2,stale,2577500,2155542,4072208,166750,12724,0
go-santhosh-tekuri,6.0.2,stale-invalid,2658458,2769459,4829166,173667,14224,0
go-santhosh-tekuri,6.0.2,stylecop-rmUniqueItems,2604250,2356458,4787542,414083,21104,0
go-santhosh-tekuri,6.0.2,stylecop-rmUniqueItems-invalid,3136917,2409209,5534792,396042,19416,0
go-santhosh-tekuri,6.0.2,tmuxinator,1401375,848166,2853333,271875,15128,0
go-santhosh-tekuri,6.0.2,tmuxinator-invalid,1597708,1020334,3021292,329542,14500,0
go-santhosh-tekuri,6.0.2,ui5,7874833,7351000,5023292,5722292,24872,0
go-santhosh-tekuri,6.0.2,ui5-invalid,10139667,7985792,4815250,5948583,20856,0
go-santhosh-tekuri,6.0.2,unreal-engine-uproject-rmUniqueItems,3553041,3345167,3898458,423583,16352,0
go-santhosh-tekuri,6.0.2,unreal-engine-uproject-rmUniqueItems-invalid,3682125,3457583,4256542,434625,21196,0
go-santhosh-tekuri,6.0.2,vercel,2443084,2161208,3333208,3128334,17072,0
go-santhosh-tekuri,6.0.2,vercel-invalid,3127500,2209709,3749417,3152583,16784,0
go-santhosh-tekuri,6.0.2,yamllint,746250,394792,4801792,144875,16912,0
go-santhosh-tekuri,6.0.2,yamllint-invalid,727209,902625,4820583,83583,16816,0
go-santhosh-tekuri,6.0.2,zschema-advanced-rmUniqueItems-invalid,74102250,72396750,49653375,329333,76212,0
go-santhosh-tekuri,6.0.2,zschema-advanced-rmUniqueItems-valid,72108500,75400541,29197625,344916,60896,0
go-santhosh-tekuri,6.0.2,zschema-basic-rmUniqueItems-invalid,2309750,2075833,6225375,137625,16348,0
go-santhosh-tekuri,6.0.2,zschema-basic-rmUniqueItems-valid,2235792,1902792,5591125,410167,16208,0
hyperjump,v1.17.6,ajv-cosmicrealms-rmUniqueItems-invalid,1278388418,1161670292,78774792,25013334,328596,0
hyperjump,v1.17.6,ajv-cosmicrealms-rmUniqueItems-valid,1203598167,1104045834,49079167,25446750,306624,0
hyperjump,v1.17.6,ansible-meta,698563001,663153167,463125,33313416,162116,0
hyperjump,v1.17.6,ansible-meta-invalid,690282042,638604833,602666,34473834,162444,0
hyperjump,v1.17.6,aws-cdk,43710333,19531209,1265708,16130625,164944,0
hyperjump,v1.17.6,aws-cdk-invalid,39731458,17898208,839416,15913000,160108,0
hyperjump,v1.17.6,babelrc,183054417,138110292,688208,16617833,160364,0
hyperjump,v1.17.6,babelrc-invalid,186217917,141357291,1158291,17195958,162808,0
hyperjump,v1.17.6,clang-format,226085084,180731292,333042,27041667,163104,0
hyperjump,v1.17.6,clang-format-invalid,218360333,184778834,496500,28353833,162448,0
hyperjump,v1.17.6,cmake-presets,3149160626,3029522377,8791708,39517833,194292,0
hyperjump,v1.17.6,cmake-presets-invalid,3134920585,3088285877,10423459,40607541,211340,0
hyperjump,v1.17.6,code-climate,330156542,270303626,5335834,16365958,173660,0
hyperjump,v1.17.6,code-climate-invalid,341019250,279185334,5320666,16360792,170840,0
hyperjump,v1.17.6,cypress,371530041,316789459,1958083,18701000,164532,0
hyperjump,v1.17.6,cypress-invalid,371742250,315868875,1421916,18713042,161648,0
hyperjump,v1.17.6,deno-rmUniqueItems,578233792,537095584,4202917,21097375,172332,0
hyperjump,v1.17.6,deno-rmUniqueItems-invalid,577592500,527856292,2862500,20671667,170204,0
hyperjump,v1.17.6,dependabot,280387000,233992625,1474166,17312208,162736,0
hyperjump,v1.17.6,dependabot-invalid,281631542,227711333,2081667,17784083,165572,0
hyperjump,v1.17.6,draft-04-rmUniqueItems,281423500,234009500,24171083,16984042,279780,0
hyperjump,v1.17.6,draft-04-rmUniqueItems-invalid,279762541,224042667,22968125,17141541,271792,0
hyperjump,v1.17.6,example-address-invalid,379927083,325674042,13570334,22917041,187328,0
hyperjump,v1.17.6,example-address-valid,382838000,316420000,16459500,23893834,195316,0
hyperjump,v1.17.6,example-blogpost-invalid,801072417,711293542,46219750,24061625,261528,0
hyperjump,v1.17.6,example-blogpost-valid,776940293,711958417,24481459,24641708,219504,0
hyperjump,v1.17.6,example-calendar-invalid,759286958,667743667,83758500,23790500,309956,0
hyperjump,v1.17.6,example-calendar-valid,736058917,674077708,30201000,24036750,227184,0
hyperjump,v1.17.6,example-devicetype-invalid,828098792,770445500,38565209,23710917,234080,0
hyperjump,v1.17.6,example-devicetype-valid,786403833,744890501,6313167,24466125,171196,0
hyperjump,v1.17.6,example-health-record-invalid,978554542,882100917,80472416,24455708,312644,0
hyperjump,v1.17.6,example-health-record-valid,962338209,876655501,35278291,24708500,249240,0
hyperjump,v1.17.6,example-job-posting-invalid,394488625,332411125,38506500,24427083,244736,0
hyperjump,v1.17.6,example-job-posting-valid,385824792,324100000,17299459,24388250,199464,0
hyperjump,v1.17.6,example-movie-invalid,537144584,460178750,49254917,24146083,256992,0
hyperjump,v1.17.6,example-movie-valid,506903584,430410417,15385667,23799292,190928,0
hyperjump,v1.17.6,example-userprofile-invalid,435025917,368564833,41790708,23926333,247516,0
hyperjump,v1.17.6,example-userprofile-valid,419581167,347601792,14777958,23864291,191144,0
hyperjump,v1.17.6,fabric-mod,411833500,348566750,2578542,18623625,165692,0
hyperjump,v1.17.6,fabric-mod-invalid,412829709,357307542,3031875,18166625,170424,0
hyperjump,v1.17.6,geojson,1968041335,1857676251,119776958,30290625,1376908,0
hyperjump,v1.17.6,geojson-invalid,1946583459,1809869000,119957333,29813875,1450840,0
hyperjump,v1.17.6,gitpod-configuration,440949917,382421792,1114917,18376250,160768,0
hyperjump,v1.17.6,gitpod-configuration-invalid,446945417,386805917,1929417,19008667,165608,0
hyperjump,v1.17.6,importmap,71585791,39339375,2297750,15397875,162804,0
hyperjump,v1.17.6,importmap-invalid,73740000,40762666,3328875,16361042,169580,0
hyperjump,v1.17.6,jasmine,142167167,105174750,564417,16050416,158252,0
hyperjump,v1.17.6,jasmine-invalid,146321750,101914917,1090041,16407708,161720,0
hyperjump,v1.17.6,jsck-complex-invalid,116757667,85369084,10274000,26078000,189844,0
hyperjump,v1.17.6,jsck-complex-valid,126109625,95005333,10718167,26240167,195832,0
hyperjump,v1.17.6,jsck-medium-invalid,1061364250,1001320209,34989500,24418166,235836,0
hyperjump,v1.17.6,jsck-medium-valid,1050144084,972846709,19716291,24419875,207632,0
hyperjump,v1.17.6,jsconfig-rmUniqueItems,1231471042,1187759334,1461625,25398333,163768,0
hyperjump,v1.17.6,jsconfig-rmUniqueItems-invalid,1241662417,1202908626,2947750,25866708,176676,0
hyperjump,v1.17.6,jshintrc,392268208,333327500,3335917,18867542,165696,0
hyperjump,v1.17.6,jshintrc-invalid,390884750,345252250,3707041,18301875,167644,0
hyperjump,v1.17.6,katydid-conf-invalid,1059768334,1013952501,21055500,24677709,193580,0
hyperjump,v1.17.6,katydid-conf-valid,1072746167,1013173208,24762041,24276333,207068,0
hyperjump,v1.17.6,lazygit-rmUniqueItems,560968875,518044542,560875,31665667,158920,0
hyperjump,v1.17.6,lazygit-rmUniqueItems-invalid,562096667,514654291,905125,32087500,161432,0
hyperjump,v1.17.6,lerna,161190458,117827125,1167875,15991166,161508,0
hyperjump,v1.17.6,lerna-invalid,161197292,118676541,1479208,16662958,163940,0
hyperjump,v1.17.6,nest-cli,598371167,543613583,1175209,20038875,161416,0
hyperjump,v1.17.6,nest-cli-invalid,602296000,550535251,1789417,20211750,165016,0
hyperjump,v1.17.6,omnisharp,521838292,467402833,1862667,19384542,164456,0
hyperjump,v1.17.6,omnisharp-invalid,513291083,470333708,1921666,19895500,165496,0
hyperjump,v1.17.6,pre-commit-hooks,458997501,415347584,1675792,18158792,161076,0
hyperjump,v1.17.6,pre-commit-hooks-invalid,463718959,415294625,2856458,17729209,167280,0
hyperjump,v1.17.6,pulumi,1254678667,1196706459,8946458,17588209,180684,0
hyperjump,v1.17.6,pulumi-invalid,1297304584,1259876792,9969709,17825500,185088,0
hyperjump,v1.17.6,semantic-release,131404459,86891333,1279375,16644208,163580,0
hyperjump,v1.17.6,semantic-release-invalid,131417042,88214458,1809834,16496209,164760,0
hyperjump,v1.17.6,stale,142779042,99777166,824500,15940250,161436,0
hyperjump,v1.17.6,stale-invalid,142440250,95191792,1381250,16650458,163336,0
hyperjump,v1.17.6,stylecop-rmUniqueItems,378403417,329729709,1433292,18291417,163748,0
hyperjump,v1.17.6,stylecop-rmUniqueItems-invalid,384789584,324036292,2071584,18191709,167596,0
hyperjump,v1.17.6,tmuxinator,93904250,64575958,1012000,16904625,162252,0
hyperjump,v1.17.6,tmuxinator-invalid,96396917,63023167,1309166,17286167,162592,0
hyperjump,v1.17.6,ui5,4256857168,4208545794,1693291,43210583,169844,0
hyperjump,v1.17.6,ui5-invalid,4316089710,4209773211,2389666,44157250,169780,0
hyperjump,v1.17.6,unreal-engine-uproject-rmUniqueItems,335713833,277915917,1038875,18399500,162220,0
hyperjump,v1.17.6,unreal-engine-uproject-rmUniqueItems-invalid,332599625,272172125,1689834,18160667,161644,0
hyperjump,v1.17.6,vercel,937657293,889193667,1059875,28198292,162752,0
hyperjump,v1.17.6,vercel-invalid,941421501,891936959,1563750,26699458,164140,0
hyperjump,v1.17.6,yamllint,67943250,35584958,1450625,15754000,161100,0
hyperjump,v1.17.6,yamllint-invalid,68098209,35965417,1705209,15531541,159420,0
hyperjump,v1.17.6,zschema-advanced-rmUniqueItems-invalid,2113886168,2018199501,52257833,20093625,337464,0
hyperjump,v1.17.6,zschema-advanced-rmUniqueItems-valid,2083477792,1973646667,18596792,19888166,207608,0
hyperjump,v1.17.6,zschema-basic-rmUniqueItems-invalid,32560458,14144333,3965000,16131500,169344,0
hyperjump,v1.17.6,zschema-basic-rmUniqueItems-valid,39400292,13952583,3839625,16297833,165580,0
jsdotnet,9.4.0,ajv-cosmicrealms-rmUniqueItems-invalid,565134600,110088600,61945000,2771300,96416,0
jsdotnet,9.4.0,ajv-cosmicrealms-rmUniqueItems-valid,956660900,191501900,47458400,2816800,84572,0
jsdotnet,9.4.0,ansible-meta,89646000,10706000,8512500,4359100,60980,0
jsdotnet,9.4.0,ansible-meta-invalid,84065500,9293500,8764700,4457100,61688,0
jsdotnet,9.4.0,aws-cdk,26195400,1222900,7662300,1345500,58440,0
jsdotnet,9.4.0,aws-cdk-invalid,43415500,3977100,4245000,1313100,59444,0
jsdotnet,9.4.0,babelrc,44499500,3651300,4424500,1701100,57548,0
jsdotnet,9.4.0,babelrc-invalid,59821300,4050400,5009900,1747300,61792,0
jsdotnet,9.4.0,clang-format,67360200,5712100,5839400,4025900,61380,0
jsdotnet,9.4.0,clang-format-invalid,51155000,2353100,5915300,4018000,61440,0
jsdotnet,9.4.0,cmake-presets,946718500,195125400,27441200,6948500,73760,0
jsdotnet,9.4.0,cmake-presets-invalid,754221200,162871300,27040100,7060200,73592,0
jsdotnet,9.4.0,code-climate,57884300,6303900,11796000,1501000,58904,0
jsdotnet,9.4.0,code-climate-invalid,121297700,18563500,12850400,1521000,63292,0
jsdotnet,9.4.0,cypress,69369200,9328100,10055500,2594500,59184,0
jsdotnet,9.4.0,cypress-invalid,65186000,4961100,7511000,2538100,61736,0
jsdotnet,9.4.0,deno-rmUniqueItems,61538800,6369900,12291000,3061200,60780,0
jsdotnet,9.4.0,deno-rmUniqueItems-invalid,63675900,4896000,9012900,3052000,62784,0
jsdotnet,9.4.0,dependabot,81488800,11152800,9070600,2313300,58276,0
jsdotnet,9.4.0,dependabot-invalid,90158700,10338200,9209500,2355100,62652,0
jsdotnet,9.4.0,draft-04-rmUniqueItems,1190504300,241917200,57284700,2733900,88036,0
jsdotnet,9.4.0,draft-04-rmUniqueItems-invalid,428473200,74034000,51820400,2707400,88920,0
jsdotnet,9.4.0,example-address-invalid,156601500,26465600,18900500,2611300,65796,0
jsdotnet,9.4.0,example-address-valid,157296400,27042300,19185700,2655200,66168,0
jsdotnet,9.4.0,example-blogpost-invalid,250257500,43277300,47137800,2434700,81248,0
jsdotnet,9.4.0,example-blogpost-valid,379643500,71417700,34095400,2349700,75084,0
jsdotnet,9.4.0,example-calendar-invalid,231188200,38794900,49490500,2687300,82824,0
jsdotnet,9.4.0,example-calendar-valid,339521100,59033500,25987100,2608700,73020,0
jsdotnet,9.4.0,example-devicetype-invalid,295641500,59711700,35045200,2728500,77068,0
jsdotnet,9.4.0,example-devicetype-valid,292777600,55073400,15723000,2711500,65524,0
jsdotnet,9.4.0,example-health-record-invalid,292602700,49701700,63021700,2557000,90056,0
jsdotnet,9.4.0,example-health-record-valid,452515000,92558000,41632700,2603900,78488,0
jsdotnet,9.4.0,example-job-posting-invalid,169888500,25726500,35626400,2042200,76132,0
jsdotnet,9.4.0,example-job-posting-valid,172590300,30326800,18497000,1794600,66108,0
jsdotnet,9.4.0,example-movie-invalid,188923600,28972800,40615900,2035100,78820,0
jsdotnet,9.4.0,example-movie-valid,187726800,32833200,20800900,2026400,67084,0
jsdotnet,9.4.0,example-userprofile-invalid,182825900,28831300,39298500,2021400,81156,0
jsdotnet,9.4.0,example-userprofile-valid,205504400,36994200,20543600,2119800,69368,0
jsdotnet,9.4.0,fabric-mod,150828600,26802000,9887400,3082500,61224,0
jsdotnet,9.4.0,fabric-mod-invalid,111935000,16102700,10007900,2813300,62256,0
jsdotnet,9.4.0,geojson,2205675100,1056706900,311401400,3951600,250176,0
jsdotnet,9.4.0,geojson-invalid,2582642900,1098402000,310129200,3756100,254976,0
jsdotnet,9.4.0,gitpod-configuration,62911300,6771900,8484700,2748300,57892,0
jsdotnet,9.4.0,gitpod-configuration-invalid,69748700,5397000,8770700,2766200,61932,0
jsdotnet,9.4.0,importmap,37683700,2995400,7187400,1529200,58100,0
jsdotnet,9.4.0,importmap-invalid,45602800,2420500,7291500,1357900,61064,0
jsdotnet,9.4.0,jasmine,64218600,4606200,4828100,2120100,60188,0
jsdotnet,9.4.0,jasmine-invalid,52051100,2975300,4882300,2007100,60972,0
jsdotnet,9.4.0,jsck-complex-invalid,54730600,650200,20305500,1379300,63748,0
jsdotnet,9.4.0,jsck-complex-valid,463680200,93662200,24636000,3649900,71944,0
jsdotnet,9.4.0,jsck-medium-invalid,342003200,58257100,48248600,2155400,78264,0
jsdotnet,9.4.0,jsck-medium-valid,423807800,76459700,40820400,2371600,78300,0
jsdotnet,9.4.0,jsconfig-rmUniqueItems,154371700,19318100,8832800,5785200,62876,0
jsdotnet,9.4.0,jsconfig-rmUniqueItems-invalid,123326800,11657000,9283000,5772500,63072,0
jsdotnet,9.4.0,jshintrc,177825700,34839000,7906400,1629100,57592,0
jsdotnet,9.4.0,jshintrc-invalid,118565800,17432700,8065200,1603500,61076,0
jsdotnet,9.4.0,katydid-conf-invalid,214689300,35277500,31977800,2726700,73584,0
jsdotnet,9.4.0,katydid-conf-valid,273165300,47921800,35344800,2688000,73356,0
jsdotnet,9.4.0,lazygit-rmUniqueItems,49706300,4107800,9570600,7578600,59112,0
jsdotnet,9.4.0,lazygit-rmUniqueItems-invalid,61447300,3015000,9855000,7641700,61828,0
jsdotnet,9.4.0,lerna,35107800,2838200,4463500,1376100,57184,0
jsdotnet,9.4.0,lerna-invalid,47436600,2778200,4565400,1358800,60912,0
jsdotnet,9.4.0,nest-cli,73235500,7181500,7417000,2036600,60756,0
jsdotnet,9.4.0,nest-cli-invalid,65237100,4829000,7962500,2195800,61388,0
jsdotnet,9.4.0,omnisharp,110454000,20022900,7820000,1673000,57788,0
jsdotnet,9.4.0,omnisharp-invalid,122532800,16861700,8207800,1742800,61132,0
jsdotnet,9.4.0,pre-commit-hooks,134259100,23940800,9019400,2507900,58060,0
jsdotnet,9.4.0,pre-commit-hooks-invalid,146429000,22601200,8675200,2416600,61984,0
jsdotnet,9.4.0,pulumi,133713200,23446300,12690100,2699600,62540,0
jsdotnet,9.4.0,pulumi-invalid,111575900,16204400,13328700,2743600,63156,0
jsdotnet,9.4.0,semantic-release,67816000,6900500,8592400,2393100,61540,0
jsdotnet,9.4.0,semantic-release-invalid,68853700,6969400,9037400,2294800,61948,0
jsdotnet,9.4.0,stale,50437700,5696000,6604300,1379800,57532,0
jsdotnet,9.4.0,stale-invalid,58754000,4337400,6965800,1374800,61228,0
jsdotnet,9.4.0,stylecop-rmUniqueItems,62709700,7472000,8116000,2132100,58056,0
jsdotnet,9.4.0,stylecop-rmUniqueItems-invalid,72787700,6570000,8338400,2169400,61516,0
jsdotnet,9.4.0,tmuxinator,56301600,4282900,5330800,1983200,61028,0
jsdotnet,9.4.0,tmuxinator-invalid,51790400,3294100,5357900,1943100,61456,0
jsdotnet,9.4.0,ui5,127113100,19484300,14164300,9268900,64368,0
jsdotnet,9.4.0,ui5-invalid,141233400,19822800,13857600,9108700,67044,0
jsdotnet,9.4.0,unreal-engine-uproject-rmUniqueItems,81192000,11080500,8816500,2786200,57792,0
jsdotnet,9.4.0,unreal-engine-uproject-rmUniqueItems-invalid,91527300,9615800,8923900,2675000,62316,0
jsdotnet,9.4.0,vercel,81249700,8663700,9938800,4729500,61120,0
jsdotnet,9.4.0,vercel-invalid,79827400,8099900,10276000,4959000,62284,0
jsdotnet,9.4.0,yamllint,17657900,829900,7361600,1273300,57000,0
jsdotnet,9.4.0,yamllint-invalid,45960300,1869000,7605100,1398200,59964,0
jsdotnet,9.4.0,zschema-advanced-rmUniqueItems-invalid,879781300,175508500,56431500,2734900,87236,0
jsdotnet,9.4.0,zschema-advanced-rmUniqueItems-valid,893136200,191252300,39099500,2680900,77476,0
jsdotnet,9.4.0,zschema-basic-rmUniqueItems-invalid,57295000,3953800,8816400,2146200,61140,0
jsdotnet,9.4.0,zschema-basic-rmUniqueItems-valid,43581400,4037500,8402100,1826900,57820,0
json_schemer,2.4.0,ajv-cosmicrealms-rmUniqueItems-invalid,1777817793,1700776917,56616458,469791,107700,0
json_schemer,2.4.0,ajv-cosmicrealms-rmUniqueItems-valid,1867467417,1793859084,39538375,403625,87792,0
json_schemer,2.4.0,ansible-meta,125386208,119948792,3196000,4408916,32020,0
json_schemer,2.4.0,ansible-meta-invalid,96922166,93640041,3898166,4348792,32680,0
json_schemer,2.4.0,aws-cdk,13383167,9540042,3267167,1026292,31472,0
json_schemer,2.4.0,aws-cdk-invalid,10099834,6785041,2304375,997292,31216,0
json_schemer,2.4.0,babelrc,25587750,20457792,2344500,1226375,31408,0
json_schemer,2.4.0,babelrc-invalid,26660375,19204791,2685291,1195166,31180,0
json_schemer,2.4.0,clang-format,6655916,5688667,314250,3844042,29564,0
json_schemer,2.4.0,clang-format-invalid,5679125,4665250,381916,3957916,29544,0
json_schemer,2.4.0,cmake-presets,4732526044,4738040919,19750708,10141917,87244,0
json_schemer,2.4.0,cmake-presets-invalid,4291529710,4303829904,20460625,10147834,86276,0
json_schemer,2.4.0,code-climate,41034125,34470500,10410417,1107500,47436,0
json_schemer,2.4.0,code-climate-invalid,86999417,81672792,10843041,1127750,40192,0
json_schemer,2.4.0,cypress,25483875,25747541,5177708,1418500,30468,0
json_schemer,2.4.0,cypress-invalid,20110417,18775458,4302417,1413709,29600,0
json_schemer,2.4.0,deno-rmUniqueItems,42188291,36759375,7441875,3316875,49812,0
json_schemer,2.4.0,deno-rmUniqueItems-invalid,35294750,32345111,5285625,3227000,34656,0
json_schemer,2.4.0,dependabot,60721375,58655126,6393541,1318125,35400,0
json_schemer,2.4.0,dependabot-invalid,55088625,51556167,6443333,1262084,36364,0
json_schemer,2.4.0,draft-04-rmUniqueItems,750686751,718857834,48706458,1238292,144500,0
json_schemer,2.4.0,draft-04-rmUniqueItems-invalid,717278334,705359667,51619333,1237625,134516,0
json_schemer,2.4.0,example-address-invalid,142000083,136654167,11519125,311500,42404,0
json_schemer,2.4.0,example-address-valid,155425625,147392042,13318041,292958,43008,0
json_schemer,2.4.0,example-blogpost-invalid,567754084,533962458,49563084,344459,89116,0
json_schemer,2.4.0,example-blogpost-valid,594402209,563911834,30477833,330625,60684,0
json_schemer,2.4.0,example-calendar-invalid,303769291,282092708,52821792,339458,118744,0
json_schemer,2.4.0,example-calendar-valid,305794583,282421458,22003875,340750,79468,0
json_schemer,2.4.0,example-devicetype-invalid,202689209,184511709,29018250,381625,78136,0
json_schemer,2.4.0,example-devicetype-valid,242577625,236615416,9815500,408333,36608,0
json_schemer,2.4.0,example-health-record-invalid,697698250,640677417,61597250,380375,101864,0
json_schemer,2.4.0,example-health-record-valid,666166917,629249959,32965333,387916,62748,0
json_schemer,2.4.0,example-job-posting-invalid,181245000,162816792,29669166,337542,63264,0
json_schemer,2.4.0,example-job-posting-valid,173147459,164842833,13645083,297458,41144,0
json_schemer,2.4.0,example-movie-invalid,241301958,224488958,42598375,313959,75352,0
json_schemer,2.4.0,example-movie-valid,231742500,219275125,16680959,311750,45544,0
json_schemer,2.4.0,example-userprofile-invalid,378656292,347815500,33729667,302416,76488,0
json_schemer,2.4.0,example-userprofile-valid,390288458,365551875,12503833,314167,46468,0
json_schemer,2.4.0,fabric-mod,103265667,98078708,7667875,1533875,33692,0
json_schemer,2.4.0,fabric-mod-invalid,103011834,99607875,7943125,1557875,34304,0
json_schemer,2.4.0,geojson,10713696046,10672905463,196466583,8689292,1718320,0
json_schemer,2.4.0,geojson-invalid,10841554115,10544409047,203765500,8347458,1328064,0
json_schemer,2.4.0,gitpod-configuration,44493042,41804708,4502416,1444625,31948,0
json_schemer,2.4.0,gitpod-configuration-invalid,39504667,37020041,6491500,1403500,32980,0
json_schemer,2.4.0,importmap,28601959,22264125,4136917,1021250,34832,0
json_schemer,2.4.0,importmap-invalid,24104083,19295083,3629666,958167,35160,0
json_schemer,2.4.0,jasmine,31049209,25433000,2266542,1069458,31444,0
json_schemer,2.4.0,jasmine-invalid,28777875,23448666,2204250,1119875,31132,0
json_schemer,2.4.0,jsck-complex-invalid,357297584,338520500,13859250,678667,46388,0
json_schemer,2.4.0,jsck-complex-valid,401186541,392291917,14482209,695250,44200,0
json_schemer,2.4.0,jsck-medium-invalid,421979500,396425250,50395875,382625,91448,0
json_schemer,2.4.0,jsck-medium-valid,491303292,461222000,31852875,383084,66104,0
json_schemer,2.4.0,jsconfig-rmUniqueItems,63873375,61084833,4776875,4011625,31896,0
json_schemer,2.4.0,jsconfig-rmUniqueItems-invalid,63637584,60318833,5249541,4273500,32216,0
json_schemer,2.4.0,jshintrc,49807625,47106750,3431584,1352208,30784,0
json_schemer,2.4.0,jshintrc-invalid,50891625,47077125,3948000,1352417,30980,0
json_schemer,2.4.0,katydid-conf-invalid,247843166,234969625,29114167,339291,58756,0
json_schemer,2.4.0,katydid-conf-valid,312997334,298451125,32187583,341833,57912,0
json_schemer,2.4.0,lazygit-rmUniqueItems,23834792,16934625,367458,4904167,31268,0
json_schemer,2.4.0,lazygit-rmUniqueItems-invalid,21386750,13718875,518333,4869708,32756,0
json_schemer,2.4.0,lerna,21599833,17318917,2417375,1089417,31772,0
json_schemer,2.4.0,lerna-invalid,19735166,14897250,2884458,1142333,32344,0
json_schemer,2.4.0,nest-cli,43638417,43077583,4674084,3199708,32312,0
json_schemer,2.4.0,nest-cli-invalid,39191959,38394500,4811292,2936500,33316,0
json_schemer,2.4.0,omnisharp,36753583,31746541,1775417,3052666,30304,0
json_schemer,2.4.0,omnisharp-invalid,41950126,36578875,1990625,2877875,30704,0
json_schemer,2.4.0,pre-commit-hooks,70666709,62036667,3269833,1171875,47456,0
json_schemer,2.4.0,pre-commit-hooks-invalid,68530500,58175750,3678542,1147875,36592,0
json_schemer,2.4.0,pulumi,112271500,102015916,9228375,1328167,41224,0
json_schemer,2.4.0,pulumi-invalid,87490959,80935292,9640458,1298875,39736,0
json_schemer,2.4.0,semantic-release,41188292,34917709,3007375,1047750,32248,0
json_schemer,2.4.0,semantic-release-invalid,37298166,34305958,6536708,1049125,33688,0
json_schemer,2.4.0,stale,37871708,32092459,2911125,1117250,32948,0
json_schemer,2.4.0,stale-invalid,36433417,27939084,2974625,1044250,32688,0
json_schemer,2.4.0,stylecop-rmUniqueItems,43646833,40566375,6052291,1355875,34800,0
json_schemer,2.4.0,stylecop-rmUniqueItems-invalid,40294791,33128250,3246084,1379333,35040,0
json_schemer,2.4.0,tmuxinator,15496375,14136625,5664083,1130958,31832,0
json_schemer,2.4.0,tmuxinator-invalid,16747125,12350708,2624083,1136167,31328,0
json_schemer,2.4.0,ui5,95695708,86563042,2660584,13627667,36836,0
json_schemer,2.4.0,ui5-invalid,90108041,76607458,2786500,13231583,36092,0
json_schemer,2.4.0,unreal-engine-uproject-rmUniqueItems,61082042,53392834,6133750,1413708,34708,0
json_schemer,2.4.0,unreal-engine-uproject-rmUniqueItems-invalid,55890208,48753166,3172542,1320291,34248,0
json_schemer,2.4.0,vercel,46330708,41384750,4776833,4272167,34092,0
json_schemer,2.4.0,vercel-invalid,42432042,36122334,4919000,4198084,35112,0
json_schemer,2.4.0,yamllint,10763875,9786958,6293834,924875,31596,0
json_schemer,2.4.0,yamllint-invalid,13892458,9374750,3392209,956459,32376,0
json_schemer,2.4.0,zschema-advanced-rmUniqueItems-invalid,794366751,737366959,60257875,1155542,122304,0
json_schemer,2.4.0,zschema-advanced-rmUniqueItems-valid,1023371417,951397001,38339833,1157709,82404,0
json_schemer,2.4.0,zschema-basic-rmUniqueItems-invalid,29507500,23673166,3978083,1043000,41276,0
json_schemer,2.4.0,zschema-basic-rmUniqueItems-valid,28981584,22727000,3979209,945750,41368,0
jsu-c,jsu 0.9.17 (jmc backend 2.0.55) [cc 13.3.0],ajv-cosmicrealms-rmUniqueItems-invalid,4126958,3641750,66698417,585917709,62612,0
jsu-c,jsu 0.9.17 (jmc backend 2.0.55) [cc 13.3.0],ajv-cosmicrealms-rmUniqueItems-valid,7079875,6894125,49718625,536290251,52256,0
jsu-c,jsu 0.9.17 (jmc backend 2.0.55) [cc 13.3.0],ansible-meta,144917,119541,953375,904738709,57580,0
jsu-c,jsu 0.9.17 (jmc backend 2.0.55) [cc 13.3.0],ansible-meta-invalid,58125,44750,1133083,903105792,57148,0
jsu-c,jsu 0.9.17 (jmc backend 2.0.55) [cc 13.3.0],aws-cdk,25000,24334,4179625,512787209,52236,0
jsu-c,jsu 0.9.17 (jmc backend 2.0.55) [cc 13.3.0],aws-cdk-invalid,13041,11792,1917542,511971334,52244,0
jsu-c,jsu 0.9.17 (jmc backend 2.0.55) [cc 13.3.0],babelrc,45125,44167,1134584,569521417,52288,0
jsu-c,jsu 0.9.17 (jmc backend 2.0.55) [cc 13.3.0],babelrc-invalid,37417,36917,1700167,568546986,52264,0
jsu-c,jsu 0.9.17 (jmc backend 2.0.55) [cc 13.3.0],clang-format,30041,19167,366208,881225292,69076,0
jsu-c,jsu 0.9.17 (jmc backend 2.0.55) [cc 13.3.0],clang-format-invalid,18667,8416,486541,881350751,69004,0
jsu-c,jsu 0.9.17 (jmc backend 2.0.55) [cc 13.3.0],cmake-presets,1536709,1378875,23567542,1343222917,94096,0
jsu-c,jsu 0.9.17 (jmc backend 2.0.55) [cc 13.3.0],cmake-presets-invalid,752542,649042,24668834,1355166918,93980,0
jsu-c,jsu 0.9.17 (jmc backend 2.0.55) [cc 13.3.0],code-climate,235334,122833,7867084,539010542,52300,0
jsu-c,jsu 0.9.17 (jmc backend 2.0.55) [cc 13.3.0],code-climate-invalid,377250,186458,10616417,534327084,52240,0
jsu-c,jsu 0.9.17 (jmc backend 2.0.55) [cc 13.3.0],cypress,92375,85750,3903292,578288292,52308,0
jsu-c,jsu 0.9.17 (jmc backend 2.0.55) [cc 13.3.0],cypress-invalid,39708,33583,1984416,576947917,52244,0
jsu-c,jsu 0.9.17 (jmc backend 2.0.55) [cc 13.3.0],deno-rmUniqueItems,162709,110125,8600375,634459625,52260,0
jsu-c,jsu 0.9.17 (jmc backend 2.0.55) [cc 13.3.0],deno-rmUniqueItems-invalid,83417,79375,4142208,633478084,52272,0
jsu-c,jsu 0.9.17 (jmc backend 2.0.55) [cc 13.3.0],dependabot,199583,195500,3630667,574202166,52276,0
jsu-c,jsu 0.9.17 (jmc backend 2.0.55) [cc 13.3.0],dependabot-invalid,126042,99542,4003209,576487000,52288,0
jsu-c,jsu 0.9.17 (jmc backend 2.0.55) [cc 13.3.0],draft-04-rmUniqueItems,6212417,6001500,62907625,585477542,67344,0
jsu-c,jsu 0.9.17 (jmc backend 2.0.55) [cc 13.3.0],draft-04-rmUniqueItems-invalid,1928666,1738333,57081541,578881333,61812,0
jsu-c,jsu 0.9.17 (jmc backend 2.0.55) [cc 13.3.0],example-address-invalid,1477084,1434625,14299167,521752667,52224,0
jsu-c,jsu 0.9.17 (jmc backend 2.0.55) [cc 13.3.0],example-address-valid,1829291,1807792,15338167,518534750,52252,0
jsu-c,jsu 0.9.17 (jmc backend 2.0.55) [cc 13.3.0],example-blogpost-invalid,1605125,1279542,47439709,522159625,52220,0
jsu-c,jsu 0.9.17 (jmc backend 2.0.55) [cc 13.3.0],example-blogpost-valid,2133791,2103834,27300667,515470958,52200,0
jsu-c,jsu 0.9.17 (jmc backend 2.0.55) [cc 13.3.0],example-calendar-invalid,1699834,932833,57129167,514758834,52276,0
jsu-c,jsu 0.9.17 (jmc backend 2.0.55) [cc 13.3.0],example-calendar-valid,1340083,1325250,24340167,514677000,52232,0
jsu-c,jsu 0.9.17 (jmc backend 2.0.55) [cc 13.3.0],example-devicetype-invalid,749625,593917,35717458,525263458,52232,0
jsu-c,jsu 0.9.17 (jmc backend 2.0.55) [cc 13.3.0],example-devicetype-valid,840916,740750,11470333,528387125,52248,0
jsu-c,jsu 0.9.17 (jmc backend 2.0.55) [cc 13.3.0],example-health-record-invalid,1979875,1482750,61583750,522173000,60848,0
jsu-c,jsu 0.9.17 (jmc backend 2.0.55) [cc 13.3.0],example-health-record-valid,2378333,2300041,35389958,521891875,52212,0
jsu-c,jsu 0.9.17 (jmc backend 2.0.55) [cc 13.3.0],example-job-posting-invalid,852125,644083,36503042,509456208,52272,0
jsu-c,jsu 0.9.17 (jmc backend 2.0.55) [cc 13.3.0],example-job-posting-valid,904959,866625,15515208,509558250,52236,0
jsu-c,jsu 0.9.17 (jmc backend 2.0.55) [cc 13.3.0],example-movie-invalid,1018292,654708,42268000,515420000,52236,0
jsu-c,jsu 0.9.17 (jmc backend 2.0.55) [cc 13.3.0],example-movie-valid,897792,936916,15567083,508598583,52272,0
jsu-c,jsu 0.9.17 (jmc backend 2.0.55) [cc 13.3.0],example-userprofile-invalid,1046917,836625,39155584,510291959,52288,0
jsu-c,jsu 0.9.17 (jmc backend 2.0.55) [cc 13.3.0],example-userprofile-valid,1283750,1215291,15247667,508731958,52228,0
jsu-c,jsu 0.9.17 (jmc backend 2.0.55) [cc 13.3.0],fabric-mod,404250,187750,8138500,627988667,52248,0
jsu-c,jsu 0.9.17 (jmc backend 2.0.55) [cc 13.3.0],fabric-mod-invalid,130667,99708,5853333,629391625,52272,0
jsu-c,jsu 0.9.17 (jmc backend 2.0.55) [cc 13.3.0],geojson,7356333,6597167,309266875,926743834,253692,0
jsu-c,jsu 0.9.17 (jmc backend 2.0.55) [cc 13.3.0],geojson-invalid,3849250,3100750,311209000,933123126,253816,0
jsu-c,jsu 0.9.17 (jmc backend 2.0.55) [cc 13.3.0],gitpod-configuration,144667,107834,2908416,593196459,52260,0
jsu-c,jsu 0.9.17 (jmc backend 2.0.55) [cc 13.3.0],gitpod-configuration-invalid,86792,61041,3570375,589804750,52204,0
jsu-c,jsu 0.9.17 (jmc backend 2.0.55) [cc 13.3.0],importmap,62166,60250,4167542,506191084,52232,0
jsu-c,jsu 0.9.17 (jmc backend 2.0.55) [cc 13.3.0],importmap-invalid,50000,39625,4969625,508095958,52256,0
jsu-c,jsu 0.9.17 (jmc backend 2.0.55) [cc 13.3.0],jasmine,47583,50500,1199792,533853458,52212,0
jsu-c,jsu 0.9.17 (jmc backend 2.0.55) [cc 13.3.0],jasmine-invalid,44500,36250,1748334,535779917,52256,0
jsu-c,jsu 0.9.17 (jmc backend 2.0.55) [cc 13.3.0],jsck-complex-invalid,1325209,1202750,22424000,595504959,52232,0
jsu-c,jsu 0.9.17 (jmc backend 2.0.55) [cc 13.3.0],jsck-complex-valid,896000,642334,25800375,704026625,52324,0
jsu-c,jsu 0.9.17 (jmc backend 2.0.55) [cc 13.3.0],jsck-medium-invalid,1740500,1220917,47642042,525688875,54428,0
jsu-c,jsu 0.9.17 (jmc backend 2.0.55) [cc 13.3.0],jsck-medium-valid,2233625,2137333,35856416,527686750,52268,0
jsu-c,jsu 0.9.17 (jmc backend 2.0.55) [cc 13.3.0],jsconfig-rmUniqueItems,213458,181375,1803333,797842334,54116,0
jsu-c,jsu 0.9.17 (jmc backend 2.0.55) [cc 13.3.0],jsconfig-rmUniqueItems-invalid,107708,130417,2504667,800140626,54200,0
jsu-c,jsu 0.9.17 (jmc backend 2.0.55) [cc 13.3.0],jshintrc,210834,210125,3887709,570902958,52268,0
jsu-c,jsu 0.9.17 (jmc backend 2.0.55) [cc 13.3.0],jshintrc-invalid,129125,97834,4819375,575767333,52232,0
jsu-c,jsu 0.9.17 (jmc backend 2.0.55) [cc 13.3.0],katydid-conf-invalid,922459,846375,25718542,531285542,52340,0
jsu-c,jsu 0.9.17 (jmc backend 2.0.55) [cc 13.3.0],katydid-conf-valid,1369084,1354917,29796625,529915500,52248,0
jsu-c,jsu 0.9.17 (jmc backend 2.0.55) [cc 13.3.0],lazygit-rmUniqueItems,60750,48125,802625,951210403,66648,0
jsu-c,jsu 0.9.17 (jmc backend 2.0.55) [cc 13.3.0],lazygit-rmUniqueItems-invalid,34791,16875,1036792,944450709,66656,0
jsu-c,jsu 0.9.17 (jmc backend 2.0.55) [cc 13.3.0],lerna,77667,63459,1547542,541474750,52248,0
jsu-c,jsu 0.9.17 (jmc backend 2.0.55) [cc 13.3.0],lerna-invalid,50708,50875,2103583,540208792,52196,0
jsu-c,jsu 0.9.17 (jmc backend 2.0.55) [cc 13.3.0],nest-cli,105708,90250,2651416,611550542,52256,0
jsu-c,jsu 0.9.17 (jmc backend 2.0.55) [cc 13.3.0],nest-cli-invalid,70458,52375,3319250,612042834,52256,0
jsu-c,jsu 0.9.17 (jmc backend 2.0.55) [cc 13.3.0],omnisharp,139208,111792,4457333,627313042,52232,0
jsu-c,jsu 0.9.17 (jmc backend 2.0.55) [cc 13.3.0],omnisharp-invalid,82875,75334,5132541,628514792,52324,0
jsu-c,jsu 0.9.17 (jmc backend 2.0.55) [cc 13.3.0],pre-commit-hooks,210000,179042,4455500,634553959,52216,0
jsu-c,jsu 0.9.17 (jmc backend 2.0.55) [cc 13.3.0],pre-commit-hooks-invalid,115000,138791,5073291,634697084,52216,0
jsu-c,jsu 0.9.17 (jmc backend 2.0.55) [cc 13.3.0],pulumi,290625,243833,9135708,574243625,52228,0
jsu-c,jsu 0.9.17 (jmc backend 2.0.55) [cc 13.3.0],pulumi-invalid,209792,142333,10454750,580506000,52216,0
jsu-c,jsu 0.9.17 (jmc backend 2.0.55) [cc 13.3.0],semantic-release,69916,55250,3232333,523486417,52276,0
jsu-c,jsu 0.9.17 (jmc backend 2.0.55) [cc 13.3.0],semantic-release-invalid,48250,41000,3676625,522553334,52288,0
jsu-c,jsu 0.9.17 (jmc backend 2.0.55) [cc 13.3.0],stale,105333,100875,3099417,528347417,52264,0
jsu-c,jsu 0.9.17 (jmc backend 2.0.55) [cc 13.3.0],stale-invalid,47417,41375,3618666,524088500,52308,0
jsu-c,jsu 0.9.17 (jmc backend 2.0.55) [cc 13.3.0],stylecop-rmUniqueItems,136708,122125,4022916,582144167,52268,0
jsu-c,jsu 0.9.17 (jmc backend 2.0.55) [cc 13.3.0],stylecop-rmUniqueItems-invalid,82000,59333,4390959,582510584,52272,0
jsu-c,jsu 0.9.17 (jmc backend 2.0.55) [cc 13.3.0],tmuxinator,44000,42625,2011167,532794292,52264,0
jsu-c,jsu 0.9.17 (jmc backend 2.0.55) [cc 13.3.0],tmuxinator-invalid,11917,10292,2156667,534147958,52260,0
jsu-c,jsu 0.9.17 (jmc backend 2.0.55) [cc 13.3.0],ui5,327916,306459,4080500,1497712543,93612,0
jsu-c,jsu 0.9.17 (jmc backend 2.0.55) [cc 13.3.0],ui5-invalid,451375,358417,4259500,1515105084,93640,0
jsu-c,jsu 0.9.17 (jmc backend 2.0.55) [cc 13.3.0],unreal-engine-uproject-rmUniqueItems,219209,175083,3286709,594767251,52220,0
jsu-c,jsu 0.9.17 (jmc backend 2.0.55) [cc 13.3.0],unreal-engine-uproject-rmUniqueItems-invalid,121792,99333,3605708,586813250,52280,0
jsu-c,jsu 0.9.17 (jmc backend 2.0.55) [cc 13.3.0],vercel,235042,170166,2314209,842896125,60092,0
jsu-c,jsu 0.9.17 (jmc backend 2.0.55) [cc 13.3.0],vercel-invalid,132916,74167,2996250,844634042,59996,0
jsu-c,jsu 0.9.17 (jmc backend 2.0.55) [cc 13.3.0],yamllint,26583,18666,3341583,505165084,52228,0
jsu-c,jsu 0.9.17 (jmc backend 2.0.55) [cc 13.3.0],yamllint-invalid,14792,11208,3528458,511518000,52256,0
jsu-c,jsu 0.9.17 (jmc backend 2.0.55) [cc 13.3.0],zschema-advanced-rmUniqueItems-invalid,2597750,1703083,58281416,583864208,58576,0
jsu-c,jsu 0.9.17 (jmc backend 2.0.55) [cc 13.3.0],zschema-advanced-rmUniqueItems-valid,3836209,3769458,32464167,582453625,52292,0
jsu-c,jsu 0.9.17 (jmc backend 2.0.55) [cc 13.3.0],zschema-basic-rmUniqueItems-invalid,75750,45375,4892875,514018125,52272,0
jsu-c,jsu 0.9.17 (jmc backend 2.0.55) [cc 13.3.0],zschema-basic-rmUniqueItems-valid,140250,91583,5001959,516286417,52256,0
jsu-java,jsu 0.9.17 (jmc backend 2.0.55) [Java openjdk 21.0.12 2026-07-21],ajv-cosmicrealms-rmUniqueItems-invalid,34109042,11959667,57324542,493719792,318228,0
jsu-java,jsu 0.9.17 (jmc backend 2.0.55) [Java openjdk 21.0.12 2026-07-21],ajv-cosmicrealms-rmUniqueItems-valid,56177667,24222208,46907916,445951000,315476,0
jsu-java,jsu 0.9.17 (jmc backend 2.0.55) [Java openjdk 21.0.12 2026-07-21],ansible-meta,3233625,121167,4302209,662932917,139460,0
jsu-java,jsu 0.9.17 (jmc backend 2.0.55) [Java openjdk 21.0.12 2026-07-21],ansible-meta-invalid,2019458,89250,4724000,664366876,140032,0
jsu-java,jsu 0.9.17 (jmc backend 2.0.55) [Java openjdk 21.0.12 2026-07-21],aws-cdk,496875,44042,10965541,408455375,116244,0
jsu-java,jsu 0.9.17 (jmc backend 2.0.55) [Java openjdk 21.0.12 2026-07-21],aws-cdk-invalid,292666,25500,7654709,410131333,115700,0
jsu-java,jsu 0.9.17 (jmc backend 2.0.55) [Java openjdk 21.0.12 2026-07-21],babelrc,1949000,61208,6690625,497067292,137036,0
jsu-java,jsu 0.9.17 (jmc backend 2.0.55) [Java openjdk 21.0.12 2026-07-21],babelrc-invalid,1614209,60875,8679417,501323833,132680,0
jsu-java,jsu 0.9.17 (jmc backend 2.0.55) [Java openjdk 21.0.12 2026-07-21],clang-format,1180083,54125,3314667,674410042,141556,0
jsu-java,jsu 0.9.17 (jmc backend 2.0.55) [Java openjdk 21.0.12 2026-07-21],clang-format-invalid,973292,33458,3547500,679261542,140388,0
jsu-java,jsu 0.9.17 (jmc backend 2.0.55) [Java openjdk 21.0.12 2026-07-21],cmake-presets,18874917,2115875,23936500,1004506626,248344,0
jsu-java,jsu 0.9.17 (jmc backend 2.0.55) [Java openjdk 21.0.12 2026-07-21],cmake-presets-invalid,10582042,971791,21603208,994096584,235632,0
jsu-java,jsu 0.9.17 (jmc backend 2.0.55) [Java openjdk 21.0.12 2026-07-21],code-climate,3086084,260125,14079958,438416667,129844,0
jsu-java,jsu 0.9.17 (jmc backend 2.0.55) [Java openjdk 21.0.12 2026-07-21],code-climate-invalid,3425917,299292,15226875,427206667,125980,0
jsu-java,jsu 0.9.17 (jmc backend 2.0.55) [Java openjdk 21.0.12 2026-07-21],cypress,2821125,156000,11945417,512662791,132500,0
jsu-java,jsu 0.9.17 (jmc backend 2.0.55) [Java openjdk 21.0.12 2026-07-21],cypress-invalid,1677834,80542,8924917,499022944,132396,0
jsu-java,jsu 0.9.17 (jmc backend 2.0.55) [Java openjdk 21.0.12 2026-07-21],deno-rmUniqueItems,4581541,348292,15534084,567125417,155936,0
jsu-java,jsu 0.9.17 (jmc backend 2.0.55) [Java openjdk 21.0.12 2026-07-21],deno-rmUniqueItems-invalid,2913000,206458,9943125,517524834,151764,0
jsu-java,jsu 0.9.17 (jmc backend 2.0.55) [Java openjdk 21.0.12 2026-07-21],dependabot,3148083,272166,9303209,444810875,139244,0
jsu-java,jsu 0.9.17 (jmc backend 2.0.55) [Java openjdk 21.0.12 2026-07-21],dependabot-invalid,2810167,213042,10070041,443203458,131100,0
jsu-java,jsu 0.9.17 (jmc backend 2.0.55) [Java openjdk 21.0.12 2026-07-21],draft-04-rmUniqueItems,19696375,4175750,55100125,478412500,169144,0
jsu-java,jsu 0.9.17 (jmc backend 2.0.55) [Java openjdk 21.0.12 2026-07-21],draft-04-rmUniqueItems-invalid,9428125,1191042,45108875,481147083,156756,0
jsu-java,jsu 0.9.17 (jmc backend 2.0.55) [Java openjdk 21.0.12 2026-07-21],example-address-invalid,4317375,1018583,18694583,414332750,116848,0
jsu-java,jsu 0.9.17 (jmc backend 2.0.55) [Java openjdk 21.0.12 2026-07-21],example-address-valid,4377042,1057292,19546583,432821126,129648,0
jsu-java,jsu 0.9.17 (jmc backend 2.0.55) [Java openjdk 21.0.12 2026-07-21],example-blogpost-invalid,30643500,5684167,42929459,418843167,291884,0
jsu-java,jsu 0.9.17 (jmc backend 2.0.55) [Java openjdk 21.0.12 2026-07-21],example-blogpost-valid,40606583,5778709,31608375,431675875,314620,0
jsu-java,jsu 0.9.17 (jmc backend 2.0.55) [Java openjdk 21.0.12 2026-07-21],example-calendar-invalid,7435333,1986958,57451750,411342958,134780,0
jsu-java,jsu 0.9.17 (jmc backend 2.0.55) [Java openjdk 21.0.12 2026-07-21],example-calendar-valid,8707250,3277709,30047458,417046542,118032,0
jsu-java,jsu 0.9.17 (jmc backend 2.0.55) [Java openjdk 21.0.12 2026-07-21],example-devicetype-invalid,5427083,791291,36515250,425728834,128796,0
jsu-java,jsu 0.9.17 (jmc backend 2.0.55) [Java openjdk 21.0.12 2026-07-21],example-devicetype-valid,3019625,667750,18135791,423213750,129492,0
jsu-java,jsu 0.9.17 (jmc backend 2.0.55) [Java openjdk 21.0.12 2026-07-21],example-health-record-invalid,21516126,2815000,52533500,420272292,312048,0
jsu-java,jsu 0.9.17 (jmc backend 2.0.55) [Java openjdk 21.0.12 2026-07-21],example-health-record-valid,34160291,4415792,33072958,446923667,313300,0
jsu-java,jsu 0.9.17 (jmc backend 2.0.55) [Java openjdk 21.0.12 2026-07-21],example-job-posting-invalid,12529458,1705458,39067125,410337792,311280,0
jsu-java,jsu 0.9.17 (jmc backend 2.0.55) [Java openjdk 21.0.12 2026-07-21],example-job-posting-valid,17424500,1544834,20711000,423546042,238664,0
jsu-java,jsu 0.9.17 (jmc backend 2.0.55) [Java openjdk 21.0.12 2026-07-21],example-movie-invalid,16268083,2686083,40273833,420183833,300532,0
jsu-java,jsu 0.9.17 (jmc backend 2.0.55) [Java openjdk 21.0.12 2026-07-21],example-movie-valid,21078958,1721625,21048125,430873542,242204,0
jsu-java,jsu 0.9.17 (jmc backend 2.0.55) [Java openjdk 21.0.12 2026-07-21],example-userprofile-invalid,10244708,2393958,39141291,410086166,299172,0
jsu-java,jsu 0.9.17 (jmc backend 2.0.55) [Java openjdk 21.0.12 2026-07-21],example-userprofile-valid,14062583,2636708,22588500,428268833,261136,0
jsu-java,jsu 0.9.17 (jmc backend 2.0.55) [Java openjdk 21.0.12 2026-07-21],fabric-mod,5358333,406292,10196458,490957916,148480,0
jsu-java,jsu 0.9.17 (jmc backend 2.0.55) [Java openjdk 21.0.12 2026-07-21],fabric-mod-invalid,3046708,215000,9922959,486297417,133656,0
jsu-java,jsu 0.9.17 (jmc backend 2.0.55) [Java openjdk 21.0.12 2026-07-21],geojson,26220167,5978416,236361584,656535167,320668,0
jsu-java,jsu 0.9.17 (jmc backend 2.0.55) [Java openjdk 21.0.12 2026-07-21],geojson-invalid,21151833,3070042,232456833,654340417,348400,0
jsu-java,jsu 0.9.17 (jmc backend 2.0.55) [Java openjdk 21.0.12 2026-07-21],gitpod-configuration,3118959,183417,9262625,525721000,139072,0
jsu-java,jsu 0.9.17 (jmc backend 2.0.55) [Java openjdk 21.0.12 2026-07-21],gitpod-configuration-invalid,2429417,134708,10125084,477779084,136272,0
jsu-java,jsu 0.9.17 (jmc backend 2.0.55) [Java openjdk 21.0.12 2026-07-21],importmap,2041792,200125,10738583,421884333,118552,0
jsu-java,jsu 0.9.17 (jmc backend 2.0.55) [Java openjdk 21.0.12 2026-07-21],importmap-invalid,1458792,135208,10584583,409464125,119256,0
jsu-java,jsu 0.9.17 (jmc backend 2.0.55) [Java openjdk 21.0.12 2026-07-21],jasmine,2569083,89417,7416708,438990875,136208,0
jsu-java,jsu 0.9.17 (jmc backend 2.0.55) [Java openjdk 21.0.12 2026-07-21],jasmine-invalid,1899667,87417,8471000,452191584,131160,0
jsu-java,jsu 0.9.17 (jmc backend 2.0.55) [Java openjdk 21.0.12 2026-07-21],jsck-complex-invalid,12812792,4378000,27051458,462187542,180124,0
jsu-java,jsu 0.9.17 (jmc backend 2.0.55) [Java openjdk 21.0.12 2026-07-21],jsck-complex-valid,5233750,918625,23588625,527287126,141096,0
jsu-java,jsu 0.9.17 (jmc backend 2.0.55) [Java openjdk 21.0.12 2026-07-21],jsck-medium-invalid,13258625,1479292,46313208,434020709,313220,0
jsu-java,jsu 0.9.17 (jmc backend 2.0.55) [Java openjdk 21.0.12 2026-07-21],jsck-medium-valid,24051292,3935833,33958000,433490250,303200,0
jsu-java,jsu 0.9.17 (jmc backend 2.0.55) [Java openjdk 21.0.12 2026-07-21],jsconfig-rmUniqueItems,4343459,254584,8536709,634453500,174172,0
jsu-java,jsu 0.9.17 (jmc backend 2.0.55) [Java openjdk 21.0.12 2026-07-21],jsconfig-rmUniqueItems-invalid,3105625,172500,9722375,626356750,153964,0
jsu-java,jsu 0.9.17 (jmc backend 2.0.55) [Java openjdk 21.0.12 2026-07-21],jshintrc,4225208,681750,10729500,505354625,131312,0
jsu-java,jsu 0.9.17 (jmc backend 2.0.55) [Java openjdk 21.0.12 2026-07-21],jshintrc-invalid,2891208,234583,11752250,570978625,138236,0
jsu-java,jsu 0.9.17 (jmc backend 2.0.55) [Java openjdk 21.0.12 2026-07-21],katydid-conf-invalid,4919625,709833,28745625,431428167,128804,0
jsu-java,jsu 0.9.17 (jmc backend 2.0.55) [Java openjdk 21.0.12 2026-07-21],katydid-conf-valid,4879000,835125,31456708,449465584,127752,0
jsu-java,jsu 0.9.17 (jmc backend 2.0.55) [Java openjdk 21.0.12 2026-07-21],lazygit-rmUniqueItems,2733292,117625,4697958,710889209,147164,0
jsu-java,jsu 0.9.17 (jmc backend 2.0.55) [Java openjdk 21.0.12 2026-07-21],lazygit-rmUniqueItems-invalid,1349708,50542,5629875,691268250,148944,0
jsu-java,jsu 0.9.17 (jmc backend 2.0.55) [Java openjdk 21.0.12 2026-07-21],lerna,2259708,150500,8112417,429420042,129796,0
jsu-java,jsu 0.9.17 (jmc backend 2.0.55) [Java openjdk 21.0.12 2026-07-21],lerna-invalid,876417,98500,10995209,445499000,137868,0
jsu-java,jsu 0.9.17 (jmc backend 2.0.55) [Java openjdk 21.0.12 2026-07-21],nest-cli,2764500,195583,8892334,519199625,132480,0
jsu-java,jsu 0.9.17 (jmc backend 2.0.55) [Java openjdk 21.0.12 2026-07-21],nest-cli-invalid,2153167,140833,8571292,518315167,133048,0
jsu-java,jsu 0.9.17 (jmc backend 2.0.55) [Java openjdk 21.0.12 2026-07-21],omnisharp,3701500,320500,11135750,526267208,134116,0
jsu-java,jsu 0.9.17 (jmc backend 2.0.55) [Java openjdk 21.0.12 2026-07-21],omnisharp-invalid,2551458,204583,11276833,528697209,138924,0
jsu-java,jsu 0.9.17 (jmc backend 2.0.55) [Java openjdk 21.0.12 2026-07-21],pre-commit-hooks,3231250,356000,8734500,496615667,132836,0
jsu-java,jsu 0.9.17 (jmc backend 2.0.55) [Java openjdk 21.0.12 2026-07-21],pre-commit-hooks-invalid,2223875,176750,9075458,492205667,136300,0
jsu-java,jsu 0.9.17 (jmc backend 2.0.55) [Java openjdk 21.0.12 2026-07-21],pulumi,6820333,375417,12644916,460173875,130376,0
jsu-java,jsu 0.9.17 (jmc backend 2.0.55) [Java openjdk 21.0.12 2026-07-21],pulumi-invalid,7961500,278375,18646875,464688125,130752,0
jsu-java,jsu 0.9.17 (jmc backend 2.0.55) [Java openjdk 21.0.12 2026-07-21],semantic-release,1986000,111917,10703374,424991042,128892,0
jsu-java,jsu 0.9.17 (jmc backend 2.0.55) [Java openjdk 21.0.12 2026-07-21],semantic-release-invalid,1497334,75333,10224083,418051292,127856,0
jsu-java,jsu 0.9.17 (jmc backend 2.0.55) [Java openjdk 21.0.12 2026-07-21],stale,2615000,187666,9844375,432225917,131284,0
jsu-java,jsu 0.9.17 (jmc backend 2.0.55) [Java openjdk 21.0.12 2026-07-21],stale-invalid,1770459,97167,10391041,448276667,128476,0
jsu-java,jsu 0.9.17 (jmc backend 2.0.55) [Java openjdk 21.0.12 2026-07-21],stylecop-rmUniqueItems,4227250,241333,9394250,465064958,152776,0
jsu-java,jsu 0.9.17 (jmc backend 2.0.55) [Java openjdk 21.0.12 2026-07-21],stylecop-rmUniqueItems-invalid,2858625,182083,10230333,466678959,145892,0
jsu-java,jsu 0.9.17 (jmc backend 2.0.55) [Java openjdk 21.0.12 2026-07-21],tmuxinator,1736041,64833,8021333,491632917,134552,0
jsu-java,jsu 0.9.17 (jmc backend 2.0.55) [Java openjdk 21.0.12 2026-07-21],tmuxinator-invalid,981958,24500,8539125,455120125,129396,0
jsu-java,jsu 0.9.17 (jmc backend 2.0.55) [Java openjdk 21.0.12 2026-07-21],ui5,6262750,310916,8733917,963654459,143412,0
jsu-java,jsu 0.9.17 (jmc backend 2.0.55) [Java openjdk 21.0.12 2026-07-21],ui5-invalid,4649208,284250,9021333,961524084,140492,0
jsu-java,jsu 0.9.17 (jmc backend 2.0.55) [Java openjdk 21.0.12 2026-07-21],unreal-engine-uproject-rmUniqueItems,4677875,277417,9022291,476356625,149456,0
jsu-java,jsu 0.9.17 (jmc backend 2.0.55) [Java openjdk 21.0.12 2026-07-21],unreal-engine-uproject-rmUniqueItems-invalid,3797167,207792,9333792,480075542,154116,0
jsu-java,jsu 0.9.17 (jmc backend 2.0.55) [Java openjdk 21.0.12 2026-07-21],vercel,3066750,131583,7285417,638350126,137980,0
jsu-java,jsu 0.9.17 (jmc backend 2.0.55) [Java openjdk 21.0.12 2026-07-21],vercel-invalid,2382833,94708,7794250,638278792,138424,0
jsu-java,jsu 0.9.17 (jmc backend 2.0.55) [Java openjdk 21.0.12 2026-07-21],yamllint,329291,34500,9745417,426531876,116352,0
jsu-java,jsu 0.9.17 (jmc backend 2.0.55) [Java openjdk 21.0.12 2026-07-21],yamllint-invalid,264875,27042,9537584,427943583,117576,0
jsu-java,jsu 0.9.17 (jmc backend 2.0.55) [Java openjdk 21.0.12 2026-07-21],zschema-advanced-rmUniqueItems-invalid,17057000,3884375,48539959,451702375,338340,0
jsu-java,jsu 0.9.17 (jmc backend 2.0.55) [Java openjdk 21.0.12 2026-07-21],zschema-advanced-rmUniqueItems-valid,39292958,7918833,29049333,462590416,335948,0
jsu-java,jsu 0.9.17 (jmc backend 2.0.55) [Java openjdk 21.0.12 2026-07-21],zschema-basic-rmUniqueItems-invalid,672209,33458,14826000,424449667,115980,0
jsu-java,jsu 0.9.17 (jmc backend 2.0.55) [Java openjdk 21.0.12 2026-07-21],zschema-basic-rmUniqueItems-valid,1011125,68792,14012333,408016126,117804,0
jsu-js,jsu 0.9.17 (jmc backend 2.0.55) [Node.js v26.6.0],ajv-cosmicrealms-rmUniqueItems-invalid,28194500,7202542,57640792,167755333,170392,0
jsu-js,jsu 0.9.17 (jmc backend 2.0.55) [Node.js v26.6.0],ajv-cosmicrealms-rmUniqueItems-valid,18643292,11390916,36807250,140369292,129332,0
jsu-js,jsu 0.9.17 (jmc backend 2.0.55) [Node.js v26.6.0],ansible-meta,2295041,215584,555292,235124458,66532,0
jsu-js,jsu 0.9.17 (jmc backend 2.0.55) [Node.js v26.6.0],ansible-meta-invalid,1797000,110417,629583,232487292,68548,0
jsu-js,jsu 0.9.17 (jmc backend 2.0.55) [Node.js v26.6.0],aws-cdk,180709,60041,906625,136239333,64444,0
jsu-js,jsu 0.9.17 (jmc backend 2.0.55) [Node.js v26.6.0],aws-cdk-invalid,134667,54375,741750,135363500,63536,0
jsu-js,jsu 0.9.17 (jmc backend 2.0.55) [Node.js v26.6.0],babelrc,1403958,143417,595292,148809167,64524,0
jsu-js,jsu 0.9.17 (jmc backend 2.0.55) [Node.js v26.6.0],babelrc-invalid,820458,143167,1297000,149670791,64952,0
jsu-js,jsu 0.9.17 (jmc backend 2.0.55) [Node.js v26.6.0],clang-format,1403125,108541,233042,184571959,65956,0
jsu-js,jsu 0.9.17 (jmc backend 2.0.55) [Node.js v26.6.0],clang-format-invalid,1163334,85333,362041,185991042,65616,0
jsu-js,jsu 0.9.17 (jmc backend 2.0.55) [Node.js v26.6.0],cmake-presets,17036375,4380000,9064583,347250625,91560,0
jsu-js,jsu 0.9.17 (jmc backend 2.0.55) [Node.js v26.6.0],cmake-presets-invalid,12242833,2108750,9976291,353971500,98224,0
jsu-js,jsu 0.9.17 (jmc backend 2.0.55) [Node.js v26.6.0],code-climate,941500,365750,4566084,141058208,73440,0
jsu-js,jsu 0.9.17 (jmc backend 2.0.55) [Node.js v26.6.0],code-climate-invalid,1342958,524459,4549125,146545000,75484,0
jsu-js,jsu 0.9.17 (jmc backend 2.0.55) [Node.js v26.6.0],cypress,1516625,280417,2068334,148928791,65296,0
jsu-js,jsu 0.9.17 (jmc backend 2.0.55) [Node.js v26.6.0],cypress-invalid,963708,210167,1589417,148480292,64532,0
jsu-js,jsu 0.9.17 (jmc backend 2.0.55) [Node.js v26.6.0],deno-rmUniqueItems,2312250,476208,3599375,158996834,73808,0
jsu-js,jsu 0.9.17 (jmc backend 2.0.55) [Node.js v26.6.0],deno-rmUniqueItems-invalid,1932042,317917,2432167,156143042,76468,0
jsu-js,jsu 0.9.17 (jmc backend 2.0.55) [Node.js v26.6.0],dependabot,1840334,546417,1490125,144014583,65740,0
jsu-js,jsu 0.9.17 (jmc backend 2.0.55) [Node.js v26.6.0],dependabot-invalid,1027750,225708,1960167,144857208,69088,0
jsu-js,jsu 0.9.17 (jmc backend 2.0.55) [Node.js v26.6.0],draft-04-rmUniqueItems,20243125,9854709,18900167,147421584,163268,0
jsu-js,jsu 0.9.17 (jmc backend 2.0.55) [Node.js v26.6.0],draft-04-rmUniqueItems-invalid,11037667,3349875,18344542,147279334,127284,0
jsu-js,jsu 0.9.17 (jmc backend 2.0.55) [Node.js v26.6.0],example-address-invalid,5801209,5226542,9804333,139030750,132180,0
jsu-js,jsu 0.9.17 (jmc backend 2.0.55) [Node.js v26.6.0],example-address-valid,6614208,5610959,12137417,136328458,120984,0
jsu-js,jsu 0.9.17 (jmc backend 2.0.55) [Node.js v26.6.0],example-blogpost-invalid,10937083,7336292,39689708,137718208,206152,0
jsu-js,jsu 0.9.17 (jmc backend 2.0.55) [Node.js v26.6.0],example-blogpost-valid,13359542,10473333,19785833,137248292,143336,0
jsu-js,jsu 0.9.17 (jmc backend 2.0.55) [Node.js v26.6.0],example-calendar-invalid,7334917,5134000,68239792,138697209,233256,0
jsu-js,jsu 0.9.17 (jmc backend 2.0.55) [Node.js v26.6.0],example-calendar-valid,8829583,7864875,23331000,142289126,147028,0
jsu-js,jsu 0.9.17 (jmc backend 2.0.55) [Node.js v26.6.0],example-devicetype-invalid,2882917,1286083,29511125,139270750,93544,0
jsu-js,jsu 0.9.17 (jmc backend 2.0.55) [Node.js v26.6.0],example-devicetype-valid,3324000,3289959,5089417,141123125,175840,0
jsu-js,jsu 0.9.17 (jmc backend 2.0.55) [Node.js v26.6.0],example-health-record-invalid,9809417,6124666,63667541,137593541,246120,0
jsu-js,jsu 0.9.17 (jmc backend 2.0.55) [Node.js v26.6.0],example-health-record-valid,14750666,10990250,28575875,136221792,192500,0
jsu-js,jsu 0.9.17 (jmc backend 2.0.55) [Node.js v26.6.0],example-job-posting-invalid,5246916,4084083,32755625,133742625,194576,0
jsu-js,jsu 0.9.17 (jmc backend 2.0.55) [Node.js v26.6.0],example-job-posting-valid,7638791,6445542,12709708,136491584,130132,0
jsu-js,jsu 0.9.17 (jmc backend 2.0.55) [Node.js v26.6.0],example-movie-invalid,6376334,3907417,41145750,136852708,204280,0
jsu-js,jsu 0.9.17 (jmc backend 2.0.55) [Node.js v26.6.0],example-movie-valid,8333250,5991708,11050750,136372750,126076,0
jsu-js,jsu 0.9.17 (jmc backend 2.0.55) [Node.js v26.6.0],example-userprofile-invalid,5514666,3793166,35688416,141879959,194156,0
jsu-js,jsu 0.9.17 (jmc backend 2.0.55) [Node.js v26.6.0],example-userprofile-valid,7237750,5496292,10519958,136994251,124672,0
jsu-js,jsu 0.9.17 (jmc backend 2.0.55) [Node.js v26.6.0],fabric-mod,4673542,576958,2150458,157184708,76916,0
jsu-js,jsu 0.9.17 (jmc backend 2.0.55) [Node.js v26.6.0],fabric-mod-invalid,3408667,538083,2662041,155473125,78188,0
jsu-js,jsu 0.9.17 (jmc backend 2.0.55) [Node.js v26.6.0],geojson,13404875,3725333,82390791,227303333,235784,0
jsu-js,jsu 0.9.17 (jmc backend 2.0.55) [Node.js v26.6.0],geojson-invalid,20885208,3087709,83641125,226754042,272908,0
jsu-js,jsu 0.9.17 (jmc backend 2.0.55) [Node.js v26.6.0],gitpod-configuration,2860708,380958,1370625,154061958,67432,0
jsu-js,jsu 0.9.17 (jmc backend 2.0.55) [Node.js v26.6.0],gitpod-configuration-invalid,2130792,262375,2038916,155593626,71108,0
jsu-js,jsu 0.9.17 (jmc backend 2.0.55) [Node.js v26.6.0],importmap,2190083,349542,2066792,136881458,70860,0
jsu-js,jsu 0.9.17 (jmc backend 2.0.55) [Node.js v26.6.0],importmap-invalid,1732792,310709,2880167,135185084,73844,0
jsu-js,jsu 0.9.17 (jmc backend 2.0.55) [Node.js v26.6.0],jasmine,653500,211625,473250,142383458,61816,0
jsu-js,jsu 0.9.17 (jmc backend 2.0.55) [Node.js v26.6.0],jasmine-invalid,385583,111250,964458,142809583,62432,0
jsu-js,jsu 0.9.17 (jmc backend 2.0.55) [Node.js v26.6.0],jsck-complex-invalid,9877750,4499042,7413709,153899375,87908,0
jsu-js,jsu 0.9.17 (jmc backend 2.0.55) [Node.js v26.6.0],jsck-complex-valid,5147833,1380083,8148125,177510000,89284,0
jsu-js,jsu 0.9.17 (jmc backend 2.0.55) [Node.js v26.6.0],jsck-medium-invalid,6730250,3096125,27580541,138865458,119928,0
jsu-js,jsu 0.9.17 (jmc backend 2.0.55) [Node.js v26.6.0],jsck-medium-valid,12097166,7162708,16071542,140201375,91824,0
jsu-js,jsu 0.9.17 (jmc backend 2.0.55) [Node.js v26.6.0],jsconfig-rmUniqueItems,2728750,422709,1417458,185120125,66564,0
jsu-js,jsu 0.9.17 (jmc backend 2.0.55) [Node.js v26.6.0],jsconfig-rmUniqueItems-invalid,1948542,273791,1768250,189044333,66756,0
jsu-js,jsu 0.9.17 (jmc backend 2.0.55) [Node.js v26.6.0],jshintrc,3273125,775667,2852542,145992292,69676,0
jsu-js,jsu 0.9.17 (jmc backend 2.0.55) [Node.js v26.6.0],jshintrc-invalid,2606834,597417,3617000,147044416,66260,0
jsu-js,jsu 0.9.17 (jmc backend 2.0.55) [Node.js v26.6.0],katydid-conf-invalid,3775458,2208458,15830875,142753792,148584,0
jsu-js,jsu 0.9.17 (jmc backend 2.0.55) [Node.js v26.6.0],katydid-conf-valid,4353459,3418917,20631625,143982709,131000,0
jsu-js,jsu 0.9.17 (jmc backend 2.0.55) [Node.js v26.6.0],lazygit-rmUniqueItems,2750250,164083,516541,212320750,74992,0
jsu-js,jsu 0.9.17 (jmc backend 2.0.55) [Node.js v26.6.0],lazygit-rmUniqueItems-invalid,1647542,97666,850583,215358917,77180,0
jsu-js,jsu 0.9.17 (jmc backend 2.0.55) [Node.js v26.6.0],lerna,793833,276417,1190666,143258500,68472,0
jsu-js,jsu 0.9.17 (jmc backend 2.0.55) [Node.js v26.6.0],lerna-invalid,603250,179500,1582542,142602875,66012,0
jsu-js,jsu 0.9.17 (jmc backend 2.0.55) [Node.js v26.6.0],nest-cli,1991167,428459,1402792,160755084,66484,0
jsu-js,jsu 0.9.17 (jmc backend 2.0.55) [Node.js v26.6.0],nest-cli-invalid,1402292,250666,1784666,157823625,68788,0
jsu-js,jsu 0.9.17 (jmc backend 2.0.55) [Node.js v26.6.0],omnisharp,3004292,504083,1434375,154691916,70848,0
jsu-js,jsu 0.9.17 (jmc backend 2.0.55) [Node.js v26.6.0],omnisharp-invalid,2198083,552334,1507375,156091875,72516,0
jsu-js,jsu 0.9.17 (jmc backend 2.0.55) [Node.js v26.6.0],pre-commit-hooks,3303250,514167,1556750,147675125,71200,0
jsu-js,jsu 0.9.17 (jmc backend 2.0.55) [Node.js v26.6.0],pre-commit-hooks-invalid,2417917,321542,2618375,149170458,74904,0
jsu-js,jsu 0.9.17 (jmc backend 2.0.55) [Node.js v26.6.0],pulumi,3631208,1001000,6162959,155176542,80868,0
jsu-js,jsu 0.9.17 (jmc backend 2.0.55) [Node.js v26.6.0],pulumi-invalid,1786250,529500,7116583,154350208,79124,0
jsu-js,jsu 0.9.17 (jmc backend 2.0.55) [Node.js v26.6.0],semantic-release,964125,159750,1476459,139182417,64544,0
jsu-js,jsu 0.9.17 (jmc backend 2.0.55) [Node.js v26.6.0],semantic-release-invalid,712208,145291,2025875,141165375,67036,0
jsu-js,jsu 0.9.17 (jmc backend 2.0.55) [Node.js v26.6.0],stale,852166,574000,1211500,142039334,63160,0
jsu-js,jsu 0.9.17 (jmc backend 2.0.55) [Node.js v26.6.0],stale-invalid,527959,193708,1480250,139519084,66036,0
jsu-js,jsu 0.9.17 (jmc backend 2.0.55) [Node.js v26.6.0],stylecop-rmUniqueItems,3131125,405792,1119667,150961750,73480,0
jsu-js,jsu 0.9.17 (jmc backend 2.0.55) [Node.js v26.6.0],stylecop-rmUniqueItems-invalid,1980666,302083,1899458,148627791,73584,0
jsu-js,jsu 0.9.17 (jmc backend 2.0.55) [Node.js v26.6.0],tmuxinator,1088000,148333,905000,142084584,62568,0
jsu-js,jsu 0.9.17 (jmc backend 2.0.55) [Node.js v26.6.0],tmuxinator-invalid,366541,79042,1530417,143246834,64376,0
jsu-js,jsu 0.9.17 (jmc backend 2.0.55) [Node.js v26.6.0],ui5,7165875,719916,1652833,469600792,78140,0
jsu-js,jsu 0.9.17 (jmc backend 2.0.55) [Node.js v26.6.0],ui5-invalid,6024459,619791,2172167,470316709,77848,0
jsu-js,jsu 0.9.17 (jmc backend 2.0.55) [Node.js v26.6.0],unreal-engine-uproject-rmUniqueItems,2055833,562750,880541,150813375,65804,0
jsu-js,jsu 0.9.17 (jmc backend 2.0.55) [Node.js v26.6.0],unreal-engine-uproject-rmUniqueItems-invalid,1594792,421666,1765875,149835417,66124,0
jsu-js,jsu 0.9.17 (jmc backend 2.0.55) [Node.js v26.6.0],vercel,3946625,741041,872667,205829542,66364,0
jsu-js,jsu 0.9.17 (jmc backend 2.0.55) [Node.js v26.6.0],vercel-invalid,2255958,337167,1523708,205091334,67724,0
jsu-js,jsu 0.9.17 (jmc backend 2.0.55) [Node.js v26.6.0],yamllint,136625,82583,1371292,136878792,62504,0
jsu-js,jsu 0.9.17 (jmc backend 2.0.55) [Node.js v26.6.0],yamllint-invalid,146167,72375,1720083,138339625,62652,0
jsu-js,jsu 0.9.17 (jmc backend 2.0.55) [Node.js v26.6.0],zschema-advanced-rmUniqueItems-invalid,10775458,3930917,43153125,148866000,126840,0
jsu-js,jsu 0.9.17 (jmc backend 2.0.55) [Node.js v26.6.0],zschema-advanced-rmUniqueItems-valid,14108583,7347375,15561458,145556208,92020,0
jsu-js,jsu 0.9.17 (jmc backend 2.0.55) [Node.js v26.6.0],zschema-basic-rmUniqueItems-invalid,468917,182500,3193292,138010084,73640,0
jsu-js,jsu 0.9.17 (jmc backend 2.0.55) [Node.js v26.6.0],zschema-basic-rmUniqueItems-valid,817334,416959,3048208,137652875,89452,0
jsu-py,jsu 0.9.17 (jmc backend 2.0.55) [Python 3.12.3],ajv-cosmicrealms-rmUniqueItems-invalid,150131464,146319628,52152157,147490250,73988,0
jsu-py,jsu 0.9.17 (jmc backend 2.0.55) [Python 3.12.3],ajv-cosmicrealms-rmUniqueItems-valid,302727938,285492897,33231497,146042458,67936,0
jsu-py,jsu 0.9.17 (jmc backend 2.0.55) [Python 3.12.3],ansible-meta,1076460,1059532,665426,236803625,37388,0
jsu-py,jsu 0.9.17 (jmc backend 2.0.55) [Python 3.12.3],ansible-meta-invalid,492573,422955,723362,235966250,35648,0
jsu-py,jsu 0.9.17 (jmc backend 2.0.55) [Python 3.12.3],aws-cdk,132561,136375,1703739,143022416,35212,0
jsu-py,jsu 0.9.17 (jmc backend 2.0.55) [Python 3.12.3],aws-cdk-invalid,67234,63419,978470,144183833,34116,0
jsu-py,jsu 0.9.17 (jmc backend 2.0.55) [Python 3.12.3],babelrc,313997,335217,938654,155621958,34172,0
jsu-py,jsu 0.9.17 (jmc backend 2.0.55) [Python 3.12.3],babelrc-invalid,287771,271797,1237631,155272417,34260,0
jsu-py,jsu 0.9.17 (jmc backend 2.0.55) [Python 3.12.3],clang-format,212431,144958,240326,191266250,33472,0
jsu-py,jsu 0.9.17 (jmc backend 2.0.55) [Python 3.12.3],clang-format-invalid,114202,84400,275850,188680792,35400,0
jsu-py,jsu 0.9.17 (jmc backend 2.0.55) [Python 3.12.3],cmake-presets,36859989,36417246,11719942,340195875,51852,0
jsu-py,jsu 0.9.17 (jmc backend 2.0.55) [Python 3.12.3],cmake-presets-invalid,18101692,18068075,11320591,337256875,52004,0
jsu-py,jsu 0.9.17 (jmc backend 2.0.55) [Python 3.12.3],code-climate,686407,652552,6170988,147378792,39900,0
jsu-py,jsu 0.9.17 (jmc backend 2.0.55) [Python 3.12.3],code-climate-invalid,1034021,1018763,6814480,148185416,40872,0
jsu-py,jsu 0.9.17 (jmc backend 2.0.55) [Python 3.12.3],cypress,463486,483036,2348661,157464333,37404,0
jsu-py,jsu 0.9.17 (jmc backend 2.0.55) [Python 3.12.3],cypress-invalid,328779,294209,1347065,156007083,34320,0
jsu-py,jsu 0.9.17 (jmc backend 2.0.55) [Python 3.12.3],deno-rmUniqueItems,4925966,4518270,3995180,166778084,38036,0
jsu-py,jsu 0.9.17 (jmc backend 2.0.55) [Python 3.12.3],deno-rmUniqueItems-invalid,1704216,1665592,2215147,163942209,35624,0
jsu-py,jsu 0.9.17 (jmc backend 2.0.55) [Python 3.12.3],dependabot,1657009,1673698,2498388,150856292,35788,0
jsu-py,jsu 0.9.17 (jmc backend 2.0.55) [Python 3.12.3],dependabot-invalid,655651,627995,2692699,149553125,35944,0
jsu-py,jsu 0.9.17 (jmc backend 2.0.55) [Python 3.12.3],draft-04-rmUniqueItems,21335363,19440174,34316063,154974916,71288,0
jsu-py,jsu 0.9.17 (jmc backend 2.0.55) [Python 3.12.3],draft-04-rmUniqueItems-invalid,7125378,6207466,31379461,154162292,65764,0
jsu-py,jsu 0.9.17 (jmc backend 2.0.55) [Python 3.12.3],example-address-invalid,3381252,3319740,10578156,145117250,43844,0
jsu-py,jsu 0.9.17 (jmc backend 2.0.55) [Python 3.12.3],example-address-valid,3712893,3592014,10550976,144747791,46004,0
jsu-py,jsu 0.9.17 (jmc backend 2.0.55) [Python 3.12.3],example-blogpost-invalid,44057131,40618420,40356159,145528416,64684,0
jsu-py,jsu 0.9.17 (jmc backend 2.0.55) [Python 3.12.3],example-blogpost-valid,48896551,46122551,21334171,143025834,54788,0
jsu-py,jsu 0.9.17 (jmc backend 2.0.55) [Python 3.12.3],example-calendar-invalid,3493071,3061295,33293962,143161458,66188,0
jsu-py,jsu 0.9.17 (jmc backend 2.0.55) [Python 3.12.3],example-calendar-valid,5640030,5198717,18460751,144026042,53016,0
jsu-py,jsu 0.9.17 (jmc backend 2.0.55) [Python 3.12.3],example-devicetype-invalid,1866341,1748562,19792080,147270625,52228,0
jsu-py,jsu 0.9.17 (jmc backend 2.0.55) [Python 3.12.3],example-devicetype-valid,3047943,2957106,9197950,144791083,41216,0
jsu-py,jsu 0.9.17 (jmc backend 2.0.55) [Python 3.12.3],example-health-record-invalid,17652273,15349388,49832106,145720583,74784,0
jsu-py,jsu 0.9.17 (jmc backend 2.0.55) [Python 3.12.3],example-health-record-valid,42051315,39434671,25232077,143741208,60424,0
jsu-py,jsu 0.9.17 (jmc backend 2.0.55) [Python 3.12.3],example-job-posting-invalid,2570629,2353907,20906687,144312334,55360,0
jsu-py,jsu 0.9.17 (jmc backend 2.0.55) [Python 3.12.3],example-job-posting-valid,3526449,3453016,11597157,140884083,45956,0
jsu-py,jsu 0.9.17 (jmc backend 2.0.55) [Python 3.12.3],example-movie-invalid,3251791,3042459,25429487,145146959,57788,0
jsu-py,jsu 0.9.17 (jmc backend 2.0.55) [Python 3.12.3],example-movie-valid,4822254,4576445,12324333,143192833,47372,0
jsu-py,jsu 0.9.17 (jmc backend 2.0.55) [Python 3.12.3],example-userprofile-invalid,43380260,39780617,23139477,142049250,55824,0
jsu-py,jsu 0.9.17 (jmc backend 2.0.55) [Python 3.12.3],example-userprofile-valid,41892529,38580418,12379408,150115709,46852,0
jsu-py,jsu 0.9.17 (jmc backend 2.0.55) [Python 3.12.3],fabric-mod,3256559,3254175,3101826,159952083,36932,0
jsu-py,jsu 0.9.17 (jmc backend 2.0.55) [Python 3.12.3],fabric-mod-invalid,1046658,983000,3648520,161213917,37280,0
jsu-py,jsu 0.9.17 (jmc backend 2.0.55) [Python 3.12.3],geojson,146411657,143743992,189857244,228012001,215396,0
jsu-py,jsu 0.9.17 (jmc backend 2.0.55) [Python 3.12.3],geojson-invalid,73424578,72520971,188302517,229117792,211136,0
jsu-py,jsu 0.9.17 (jmc backend 2.0.55) [Python 3.12.3],gitpod-configuration,972033,911951,1850605,160228792,35084,0
jsu-py,jsu 0.9.17 (jmc backend 2.0.55) [Python 3.12.3],gitpod-configuration-invalid,546217,495672,2151251,159634042,37348,0
jsu-py,jsu 0.9.17 (jmc backend 2.0.55) [Python 3.12.3],importmap,272274,289679,1841784,142883291,35392,0
jsu-py,jsu 0.9.17 (jmc backend 2.0.55) [Python 3.12.3],importmap-invalid,211477,200272,2164602,142900542,35652,0
jsu-py,jsu 0.9.17 (jmc backend 2.0.55) [Python 3.12.3],jasmine,443697,452995,979662,148183833,34060,0
jsu-py,jsu 0.9.17 (jmc backend 2.0.55) [Python 3.12.3],jasmine-invalid,183105,178814,1186609,148902875,34156,0
jsu-py,jsu 0.9.17 (jmc backend 2.0.55) [Python 3.12.3],jsck-complex-invalid,27247667,26031494,9582043,158220000,44100,0
jsu-py,jsu 0.9.17 (jmc backend 2.0.55) [Python 3.12.3],jsck-complex-valid,3133535,3094912,10600328,186142708,45736,0
jsu-py,jsu 0.9.17 (jmc backend 2.0.55) [Python 3.12.3],jsck-medium-invalid,28037310,24841309,38239717,146521000,68676,0
jsu-py,jsu 0.9.17 (jmc backend 2.0.55) [Python 3.12.3],jsck-medium-valid,68883896,66924334,30024052,144850583,62732,0
jsu-py,jsu 0.9.17 (jmc backend 2.0.55) [Python 3.12.3],jsconfig-rmUniqueItems,3684044,3499269,1396656,189738709,36604,0
jsu-py,jsu 0.9.17 (jmc backend 2.0.55) [Python 3.12.3],jsconfig-rmUniqueItems-invalid,1716375,1734972,1622915,192444917,36860,0
jsu-py,jsu 0.9.17 (jmc backend 2.0.55) [Python 3.12.3],jshintrc,1215219,1259565,2466202,155129666,35460,0
jsu-py,jsu 0.9.17 (jmc backend 2.0.55) [Python 3.12.3],jshintrc-invalid,620842,600100,2827883,155422458,35816,0
jsu-py,jsu 0.9.17 (jmc backend 2.0.55) [Python 3.12.3],katydid-conf-invalid,2678633,2609491,18723011,145574750,55132,0
jsu-py,jsu 0.9.17 (jmc backend 2.0.55) [Python 3.12.3],katydid-conf-valid,3846884,3429413,21828651,148615333,57804,0
jsu-py,jsu 0.9.17 (jmc backend 2.0.55) [Python 3.12.3],lazygit-rmUniqueItems,790119,733376,564814,215286376,35292,0
jsu-py,jsu 0.9.17 (jmc backend 2.0.55) [Python 3.12.3],lazygit-rmUniqueItems-invalid,364542,271082,699997,214693459,36140,0
jsu-py,jsu 0.9.17 (jmc backend 2.0.55) [Python 3.12.3],lerna,427246,427723,1363277,147807000,36092,0
jsu-py,jsu 0.9.17 (jmc backend 2.0.55) [Python 3.12.3],lerna-invalid,298500,303030,1479626,153653584,34332,0
jsu-py,jsu 0.9.17 (jmc backend 2.0.55) [Python 3.12.3],nest-cli,714302,759363,1674652,161920125,34852,0
jsu-py,jsu 0.9.17 (jmc backend 2.0.55) [Python 3.12.3],nest-cli-invalid,386238,388145,1929283,162394709,36956,0
jsu-py,jsu 0.9.17 (jmc backend 2.0.55) [Python 3.12.3],omnisharp,1091957,1046658,2076149,160559292,35552,0
jsu-py,jsu 0.9.17 (jmc backend 2.0.55) [Python 3.12.3],omnisharp-invalid,649929,604630,2260208,160216292,35924,0
jsu-py,jsu 0.9.17 (jmc backend 2.0.55) [Python 3.12.3],pre-commit-hooks,1514435,1531601,2360344,156191625,35692,0
jsu-py,jsu 0.9.17 (jmc backend 2.0.55) [Python 3.12.3],pre-commit-hooks-invalid,724077,669718,2728462,155018167,37768,0
jsu-py,jsu 0.9.17 (jmc backend 2.0.55) [Python 3.12.3],pulumi,1977205,1967669,6381273,161675000,39788,0
jsu-py,jsu 0.9.17 (jmc backend 2.0.55) [Python 3.12.3],pulumi-invalid,716686,675440,6343842,158484292,39912,0
jsu-py,jsu 0.9.17 (jmc backend 2.0.55) [Python 3.12.3],semantic-release,434399,413656,2254963,145176917,35356,0
jsu-py,jsu 0.9.17 (jmc backend 2.0.55) [Python 3.12.3],semantic-release-invalid,301600,260592,2359390,145725709,35560,0
jsu-py,jsu 0.9.17 (jmc backend 2.0.55) [Python 3.12.3],stale,661373,683069,1569748,147617417,34700,0
jsu-py,jsu 0.9.17 (jmc backend 2.0.55) [Python 3.12.3],stale-invalid,327587,348330,1766443,147594750,34960,0
jsu-py,jsu 0.9.17 (jmc backend 2.0.55) [Python 3.12.3],stylecop-rmUniqueItems,3778696,3754377,1993418,155626583,37548,0
jsu-py,jsu 0.9.17 (jmc backend 2.0.55) [Python 3.12.3],stylecop-rmUniqueItems-invalid,1632929,1628160,2161026,154711000,35848,0
jsu-py,jsu 0.9.17 (jmc backend 2.0.55) [Python 3.12.3],tmuxinator,299692,300884,1204729,149146083,34448,0
jsu-py,jsu 0.9.17 (jmc backend 2.0.55) [Python 3.12.3],tmuxinator-invalid,85354,77963,1209021,149042625,34556,0
jsu-py,jsu 0.9.17 (jmc backend 2.0.55) [Python 3.12.3],ui5,2786875,2706528,2614498,466699959,42276,0
jsu-py,jsu 0.9.17 (jmc backend 2.0.55) [Python 3.12.3],ui5-invalid,2114058,2051830,2766371,468820959,42276,0
jsu-py,jsu 0.9.17 (jmc backend 2.0.55) [Python 3.12.3],unreal-engine-uproject-rmUniqueItems,3987312,3985882,1842260,156202250,35328,0
jsu-py,jsu 0.9.17 (jmc backend 2.0.55) [Python 3.12.3],unreal-engine-uproject-rmUniqueItems-invalid,2245665,2251148,2099276,155443083,35488,0
jsu-py,jsu 0.9.17 (jmc backend 2.0.55) [Python 3.12.3],vercel,1052380,935078,1393795,215566376,35520,0
jsu-py,jsu 0.9.17 (jmc backend 2.0.55) [Python 3.12.3],vercel-invalid,573874,501394,1620531,210309334,35448,0
jsu-py,jsu 0.9.17 (jmc backend 2.0.55) [Python 3.12.3],yamllint,79870,74387,2089262,143273209,37176,0
jsu-py,jsu 0.9.17 (jmc backend 2.0.55) [Python 3.12.3],yamllint-invalid,92983,95129,2193928,143248250,37344,0
jsu-py,jsu 0.9.17 (jmc backend 2.0.55) [Python 3.12.3],zschema-advanced-rmUniqueItems-invalid,51482439,50203323,42769432,152330833,71032,0
jsu-py,jsu 0.9.17 (jmc backend 2.0.55) [Python 3.12.3],zschema-advanced-rmUniqueItems-valid,106366396,106376886,31338930,154598417,59920,0
jsu-py,jsu 0.9.17 (jmc backend 2.0.55) [Python 3.12.3],zschema-basic-rmUniqueItems-invalid,293970,272989,2532244,143128376,35548,0
jsu-py,jsu 0.9.17 (jmc backend 2.0.55) [Python 3.12.3],zschema-basic-rmUniqueItems-valid,496387,558615,2529621,145002834,35484,0
jsv,,ajv-cosmicrealms-rmUniqueItems-invalid,298299834,266474625,57646875,17229292,280156,0
jsv,,ajv-cosmicrealms-rmUniqueItems-valid,284086458,268585208,39982208,15309084,222860,0
jsv,,ansible-meta,30859292,27654000,1025625,21311208,124080,0
jsv,,ansible-meta-invalid,28940500,34666834,1045459,18549500,123012,0
jsv,,aws-cdk,3816500,1142167,3180667,17271833,122344,0
jsv,,aws-cdk-invalid,3333917,1032541,1380083,17458167,120260,0
jsv,,babelrc,5126000,3166958,1048333,18846125,119948,0
jsv,,babelrc-invalid,5870292,3399209,1544417,19168875,122664,0
jsv,,clang-format,3150000,1527875,297583,19258084,116956,0
jsv,,clang-format-invalid,3703625,1571250,434667,19765583,117216,0
jsv,,cmake-presets,892845500,2161027917,17779583,21678625,197520,0
jsv,,cmake-presets-invalid,1740181835,2250445335,19934334,21201875,187676,0
jsv,,code-climate,7890833,3742542,7638375,18838041,144352,0
jsv,,code-climate-invalid,18172625,12377709,9540209,18655458,148196,0
jsv,,cypress,6059625,3509875,3860583,17718125,125492,0
jsv,,cypress-invalid,6138458,3523209,1716666,17767209,120904,0
jsv,,deno-rmUniqueItems,9063208,5449791,6340500,18126709,135800,0
jsv,,deno-rmUniqueItems-invalid,9739333,12019417,3373584,18278084,132656,0
jsv,,dependabot,10836250,8230167,3304500,17531500,135052,0
jsv,,dependabot-invalid,11906708,16507666,3378291,18280125,146900,0
jsv,,draft-04-rmUniqueItems,184337042,171072000,49949500,18655958,258588,0
jsv,,draft-04-rmUniqueItems-invalid,187905000,172198501,51443958,20037542,252004,0
jsv,,example-address-invalid,26468834,22879667,12138000,14502917,177316,0
jsv,,example-address-valid,26125292,23285708,13004041,14676834,186364,0
jsv,,example-blogpost-invalid,127075625,89565709,37691166,16851458,253344,0
jsv,,example-blogpost-valid,110992666,93229000,25672000,16985792,197900,0
jsv,,example-calendar-invalid,54896000,42165917,43604750,16938708,242000,0
jsv,,example-calendar-valid,48633833,44596917,22867708,16590625,182900,0
jsv,,example-devicetype-invalid,44170167,39562375,27803083,16441333,208500,0
jsv,,example-devicetype-valid,41158416,38908667,9339584,16365833,177804,0
jsv,,example-health-record-invalid,158149458,110016083,49741958,16882750,257344,0
jsv,,example-health-record-valid,129941375,106326750,32354334,17415208,225436,0
jsv,,example-job-posting-invalid,44703750,23951500,26597000,15137250,206200,0
jsv,,example-job-posting-valid,31775250,24258042,13624417,15847834,175444,0
jsv,,example-movie-invalid,63868542,34555875,32074209,15519125,235696,0
jsv,,example-movie-valid,45441208,35972000,14165667,15567375,199176,0
jsv,,example-userprofile-invalid,79571500,53901541,28934333,15613709,228516,0
jsv,,example-userprofile-valid,62455667,53519750,14467958,15375125,193592,0
jsv,,fabric-mod,20239000,16988500,4915250,17863750,141584,0
jsv,,fabric-mod-invalid,22211084,18480667,5195875,18602833,131192,0
jsv,,geojson,5227055794,4935057627,350978500,18376708,1132496,0
jsv,,geojson-invalid,5918417710,5271899336,348718625,18062750,1294272,0
jsv,,gitpod-configuration,7971208,5672250,3045667,19409709,129848,0
jsv,,gitpod-configuration-invalid,8935917,5325709,3319042,18706209,128912,0
jsv,,importmap,5551458,3681625,2352042,17794583,127228,0
jsv,,importmap-invalid,5949667,3603166,3089041,17137291,126180,0
jsv,,jasmine,5255416,3733916,973875,18131125,121616,0
jsv,,jasmine-invalid,5722708,3510666,1413375,18471083,124216,0
jsv,,jsck-complex-invalid,99553709,166770542,14345417,16558166,171816,0
jsv,,jsck-complex-valid,335515834,210803000,15997500,17275333,159608,0
jsv,,jsck-medium-invalid,138719875,118726250,38270042,16272542,242168,0
jsv,,jsck-medium-valid,145269584,132876291,30564000,16055959,209988,0
jsv,,jsconfig-rmUniqueItems,15241250,13029791,1739792,19342375,125340,0
jsv,,jsconfig-rmUniqueItems-invalid,16458750,13255625,2515750,19354292,123232,0
jsv,,jshintrc,11610834,10039042,4883750,17376667,126536,0
jsv,,jshintrc-invalid,13248584,10302083,5636208,18418292,131992,0
jsv,,katydid-conf-invalid,47381375,39155250,26537500,16310041,192588,0
jsv,,katydid-conf-valid,55767125,49134791,25992458,15922417,214504,0
jsv,,lazygit-rmUniqueItems,5185292,2960667,956166,21994458,117424,0
jsv,,lazygit-rmUniqueItems-invalid,5369541,2765542,1016791,21276625,120956,0
jsv,,lerna,4292541,2440875,1624917,16276584,121152,0
jsv,,lerna-invalid,5008084,2344791,1700459,17460667,125524,0
jsv,,nest-cli,8911625,6418583,2153500,18016917,131580,0
jsv,,nest-cli-invalid,9796084,6116292,2818125,19023500,124720,0
jsv,,omnisharp,9086958,6304334,3752167,18288750,132240,0
jsv,,omnisharp-invalid,11507125,7498125,4037292,17439833,128140,0
jsv,,pre-commit-hooks,16555708,13275834,4230750,18721459,137228,0
jsv,,pre-commit-hooks-invalid,17808916,25352167,4363083,18107166,136900,0
jsv,,pulumi,47638416,27724001,9115709,19335084,165332,0
jsv,,pulumi-invalid,16832125,11219250,9515083,19018208,157996,0
jsv,,semantic-release,7649583,4950250,3020750,19206208,122948,0
jsv,,semantic-release-invalid,8809667,5123500,3539750,19405250,129528,0
jsv,,stale,7157626,5309958,1904542,18685833,122908,0
jsv,,stale-invalid,7695834,5050583,2562792,18657958,123004,0
jsv,,stylecop-rmUniqueItems,8099208,5292958,2868709,18423333,129412,0
jsv,,stylecop-rmUniqueItems-invalid,8800500,5071584,3152958,17621167,133532,0
jsv,,tmuxinator,4135666,2070500,1206125,17682583,124832,0
jsv,,tmuxinator-invalid,4646625,1864750,1662125,18089583,123116,0
jsv,,ui5,18523583,14020167,3580375,22385125,136624,0
jsv,,ui5-invalid,19017708,14107458,2724000,22224666,129448,0
jsv,,unreal-engine-uproject-rmUniqueItems,11223917,8288916,2771750,18085959,124464,0
jsv,,unreal-engine-uproject-rmUniqueItems-invalid,11396500,8224875,3464667,17222708,126596,0
jsv,,vercel,8523625,7946917,2490125,18596375,132680,0
jsv,,vercel-invalid,9423709,11377708,2547000,18577917,140424,0
jsv,,yamllint,2698917,859084,3308167,17246084,131428,0
jsv,,yamllint-invalid,3400375,863000,3337791,17991625,127792,0
jsv,,zschema-advanced-rmUniqueItems-invalid,259494667,194736958,46737542,19937667,267124,0
jsv,,zschema-advanced-rmUniqueItems-valid,245842084,200158417,29097416,19422292,202480,0
jsv,,zschema-basic-rmUniqueItems-invalid,7529750,3618542,4119250,18062833,125760,0
jsv,,zschema-basic-rmUniqueItems-valid,6115833,3493833,3979625,17051417,124248,0
kmp,0.5.5,ajv-cosmicrealms-rmUniqueItems-invalid,172283084,46320042,47866083,55850583,111996,0
kmp,0.5.5,ajv-cosmicrealms-rmUniqueItems-valid,156247750,49194208,35704167,54997458,111976,0
kmp,0.5.5,ansible-meta,48995250,7019625,2088000,68733500,113684,0
kmp,0.5.5,ansible-meta-invalid,46643709,5648250,2805125,66996833,112032,0
kmp,0.5.5,aws-cdk,14212167,283041,10972417,53742125,113288,0
kmp,0.5.5,aws-cdk-invalid,15043917,207500,5998083,68293583,111564,0
kmp,0.5.5,babelrc,22511000,831375,4063208,59552083,111536,0
kmp,0.5.5,babelrc-invalid,22564625,680542,5382708,56219291,112292,0
kmp,0.5.5,clang-format,12615333,148917,1336750,66730959,111800,0
kmp,0.5.5,clang-format-invalid,15157083,135375,3268084,89195500,112572,0
kmp,0.5.5,cmake-presets,308094291,179313916,17790125,71109834,111196,0
kmp,0.5.5,cmake-presets-invalid,243258667,133886875,23471375,71158750,115016,0
kmp,0.5.5,code-climate,27678417,825625,15678542,55233042,112664,0
kmp,0.5.5,code-climate-invalid,40419167,2645042,14314083,55841750,112980,0
kmp,0.5.5,cypress,23260084,963750,10280167,62996166,111048,0
kmp,0.5.5,cypress-invalid,22517583,755500,5019750,58942001,112660,0
kmp,0.5.5,deno-rmUniqueItems,30516000,1113958,13557750,60473917,111956,0
kmp,0.5.5,deno-rmUniqueItems-invalid,29395500,1254708,9269542,60120542,112284,0
kmp,0.5.5,dependabot,35006583,1849583,7687166,56073125,112072,0
kmp,0.5.5,dependabot-invalid,34785000,1540916,9647792,56997042,111632,0
kmp,0.5.5,draft-04-rmUniqueItems,123687834,20900459,53559167,57979709,111516,0
kmp,0.5.5,draft-04-rmUniqueItems-invalid,118580458,22962459,50942459,62270208,111876,0
kmp,0.5.5,example-address-invalid,43433792,4111500,20206667,53147458,111124,0
kmp,0.5.5,example-address-valid,39521125,5144417,20365416,54400583,111464,0
kmp,0.5.5,example-blogpost-invalid,102044875,15843250,35308875,55793125,111784,0
kmp,0.5.5,example-blogpost-valid,92500500,17194792,27475333,53989666,112244,0
kmp,0.5.5,example-calendar-invalid,61498084,8486667,36686667,55915959,111640,0
kmp,0.5.5,example-calendar-valid,56515667,8054833,22540417,55155458,114016,0
kmp,0.5.5,example-devicetype-invalid,56274042,8059167,30957042,58362541,111048,0
kmp,0.5.5,example-devicetype-valid,75465375,13684375,20103792,54657833,111608,0
kmp,0.5.5,example-health-record-invalid,102531083,18504208,39559917,55993083,112164,0
kmp,0.5.5,example-health-record-valid,91832125,18494250,31132500,56524333,111560,0
kmp,0.5.5,example-job-posting-invalid,62822375,5665459,31356791,54381500,111336,0
kmp,0.5.5,example-job-posting-valid,57004834,6820417,21742500,54627667,112156,0
kmp,0.5.5,example-movie-invalid,65419167,7634708,31236209,54129542,112064,0
kmp,0.5.5,example-movie-valid,63582791,7992291,21365375,53638875,111624,0
kmp,0.5.5,example-userprofile-invalid,64866458,6780459,32290625,53978625,112024,0
kmp,0.5.5,example-userprofile-valid,60238000,6591667,21319417,58697459,111916,0
kmp,0.5.5,fabric-mod,43899542,2924375,10366917,60583417,112624,0
kmp,0.5.5,fabric-mod-invalid,43460542,2994709,11183500,60931500,113076,0
kmp,0.5.5,geojson,2550032209,2407168001,169694250,65409333,111480,0
kmp,0.5.5,geojson-invalid,2413404501,2159478668,183118625,65626792,111836,0
kmp,0.5.5,gitpod-configuration,31381792,1300250,8514333,57898042,111812,0
kmp,0.5.5,gitpod-configuration-invalid,34672333,1181125,10277958,59321708,111516,0
kmp,0.5.5,importmap,18938042,759166,8401625,53222500,112360,0
kmp,0.5.5,importmap-invalid,20388958,511375,9492833,53468458,112300,0
kmp,0.5.5,jasmine,26956250,1100292,4785125,56191458,111244,0
kmp,0.5.5,jasmine-invalid,26359000,953666,5241708,56550792,111776,0
kmp,0.5.5,jsck-complex-invalid,120311959,19564208,15626292,61372666,111392,0
kmp,0.5.5,jsck-complex-valid,119477792,22732791,17141958,58817959,111220,0
kmp,0.5.5,jsck-medium-invalid,112991000,14653458,33850667,56556708,111600,0
kmp,0.5.5,jsck-medium-valid,112907084,17461875,32030000,54994292,112084,0
kmp,0.5.5,jsconfig-rmUniqueItems,43602583,3285125,3484584,66545876,111368,0
kmp,0.5.5,jsconfig-rmUniqueItems-invalid,42919292,2967083,3969791,65156708,112156,0
kmp,0.5.5,jshintrc,26274542,1333333,9410916,57589334,111864,0
kmp,0.5.5,jshintrc-invalid,27407125,1077750,10120416,57171417,112412,0
kmp,0.5.5,katydid-conf-invalid,72309833,9620084,25681417,55523500,111764,0
kmp,0.5.5,katydid-conf-valid,78877583,12828042,31786833,58671458,111528,0
kmp,0.5.5,lazygit-rmUniqueItems,24274333,647667,1965083,71980833,114152,0
kmp,0.5.5,lazygit-rmUniqueItems-invalid,25721583,489167,3000375,70874542,111500,0
kmp,0.5.5,lerna,18602250,600583,5871333,54871042,114044,0
kmp,0.5.5,lerna-invalid,20656125,554125,6518541,69651708,111748,0
kmp,0.5.5,nest-cli,28771791,1493041,5668208,60842167,111892,0
kmp,0.5.5,nest-cli-invalid,29518375,1375584,6343792,59364917,111900,0
kmp,0.5.5,omnisharp,22719583,1101791,8990583,58806500,113296,0
kmp,0.5.5,omnisharp-invalid,25515417,2057084,9234625,58622458,112432,0
kmp,0.5.5,pre-commit-hooks,35646792,2021833,9308959,58646042,111476,0
kmp,0.5.5,pre-commit-hooks-invalid,35871875,1993042,10315542,57391333,111680,0
kmp,0.5.5,pulumi,44643542,3241291,15411000,59139458,115836,0
kmp,0.5.5,pulumi-invalid,39578625,2261291,15224833,58159542,111776,0
kmp,0.5.5,semantic-release,26024709,1349708,7960500,56153584,114168,0
kmp,0.5.5,semantic-release-invalid,25533375,1189000,8717625,55634625,112268,0
kmp,0.5.5,stale,27342292,1191958,8858625,56481708,112336,0
kmp,0.5.5,stale-invalid,26803209,1113708,9646625,56667583,113808,0
kmp,0.5.5,stylecop-rmUniqueItems,30836500,1237250,9476042,58635500,111912,0
kmp,0.5.5,stylecop-rmUniqueItems-invalid,36911709,1050917,9779083,56130833,112080,0
kmp,0.5.5,tmuxinator,19857000,551417,5120375,56511000,112612,0
kmp,0.5.5,tmuxinator-invalid,18997417,468709,5793500,56972666,112584,0
kmp,0.5.5,ui5,45440083,4134166,6703583,81203416,112560,0
kmp,0.5.5,ui5-invalid,43328875,4522458,6816833,82356958,111244,0
kmp,0.5.5,unreal-engine-uproject-rmUniqueItems,51830583,1556250,13073542,74867833,112292,0
kmp,0.5.5,unreal-engine-uproject-rmUniqueItems-invalid,36889042,1545334,7671250,58835458,111576,0
kmp,0.5.5,vercel,33028667,1361042,4314250,66904625,112384,0
kmp,0.5.5,vercel-invalid,38151292,1958042,4900333,67423875,112532,0
kmp,0.5.5,yamllint,13295250,205417,8372542,54859708,111900,0
kmp,0.5.5,yamllint-invalid,14594208,189125,11098708,58433166,111896,0
kmp,0.5.5,zschema-advanced-rmUniqueItems-invalid,126792750,27312833,37580333,57710625,111432,0
kmp,0.5.5,zschema-advanced-rmUniqueItems-valid,142594833,37977666,29825959,56775375,112872,0
kmp,0.5.5,zschema-basic-rmUniqueItems-invalid,30254792,872625,11768876,55245458,111592,0
kmp,0.5.5,zschema-basic-rmUniqueItems-valid,24515292,2067166,11925584,55097334,112004,0
networknt,3.0.5,ajv-cosmicrealms-rmUniqueItems-invalid,167760791,54651041,0,74158083,111344,0
networknt,3.0.5,ajv-cosmicrealms-rmUniqueItems-valid,176430250,78529292,0,71802083,111512,0
networknt,3.0.5,ansible-meta,82046125,4203334,0,123590625,112112,0
networknt,3.0.5,ansible-meta-invalid,80616666,3611500,0,123545166,111804,0
networknt,3.0.5,aws-cdk,34739833,1047375,0,70735708,112016,0
networknt,3.0.5,aws-cdk-invalid,22237208,741792,0,69630625,111912,0
networknt,3.0.5,babelrc,27634292,1030959,0,78802084,112260,0
networknt,3.0.5,babelrc-invalid,31192542,1347292,0,76327334,111900,0
networknt,3.0.5,clang-format,56214459,1119666,0,120828792,112368,0
networknt,3.0.5,clang-format-invalid,9969084,264709,0,121599667,111620,0
networknt,3.0.5,cmake-presets,460654542,252506708,0,125050625,112152,0
networknt,3.0.5,cmake-presets-invalid,500839959,276314875,0,116333792,113264,0
networknt,3.0.5,code-climate,38325958,2690542,0,71667333,111316,0
networknt,3.0.5,code-climate-invalid,47309916,4839625,0,73149333,112568,0
networknt,3.0.5,cypress,44506500,1777584,0,78815292,111948,0
networknt,3.0.5,cypress-invalid,32510834,1379750,0,78650875,111940,0
networknt,3.0.5,deno-rmUniqueItems,150874708,6825208,0,113752250,112124,0
networknt,3.0.5,deno-rmUniqueItems-invalid,115469125,3042708,0,115100875,113244,0
networknt,3.0.5,dependabot,32858791,2503708,0,77395917,111716,0
networknt,3.0.5,dependabot-invalid,37735584,2771208,0,77032958,112060,0
networknt,3.0.5,draft-04-rmUniqueItems,227063834,28664876,0,84857917,111572,0
networknt,3.0.5,draft-04-rmUniqueItems-invalid,159323459,24777750,0,79546500,110808,0
networknt,3.0.5,example-address-invalid,58463541,8455417,0,70249792,111448,0
networknt,3.0.5,example-address-valid,52842208,7841792,0,70110459,111488,0
networknt,3.0.5,example-blogpost-invalid,151770750,37598083,0,71797000,111344,0
networknt,3.0.5,example-blogpost-valid,105363417,24347541,0,72433500,111092,0
networknt,3.0.5,example-calendar-invalid,121106417,38299750,0,71870708,111556,0
networknt,3.0.5,example-calendar-valid,65529875,15196417,0,71163917,113036,0
networknt,3.0.5,example-devicetype-invalid,137100208,32155750,0,71210167,111092,0
networknt,3.0.5,example-devicetype-valid,89717250,15958875,0,69868625,111964,0
networknt,3.0.5,example-health-record-invalid,145461833,43938334,0,73237167,111892,0
networknt,3.0.5,example-health-record-valid,106344750,27418000,0,70751291,113468,0
networknt,3.0.5,example-job-posting-invalid,121677041,26853667,0,70916625,111572,0
networknt,3.0.5,example-job-posting-valid,71146167,9808916,0,72293167,111480,0
networknt,3.0.5,example-movie-invalid,129285916,32341833,0,77485334,113628,0
networknt,3.0.5,example-movie-valid,71191750,9692958,0,75890333,111756,0
networknt,3.0.5,example-userprofile-invalid,134662833,34555209,0,71656083,112852,0
networknt,3.0.5,example-userprofile-valid,79825083,15384750,0,72024042,112960,0
networknt,3.0.5,fabric-mod,111767709,5537083,0,116351584,112092,0
networknt,3.0.5,fabric-mod-invalid,123879416,5460292,0,117979625,112056,0
networknt,3.0.5,geojson,474424000,360236833,0,82826625,111520,0
networknt,3.0.5,geojson-invalid,466317125,357522417,0,83011000,112336,0
networknt,3.0.5,gitpod-configuration,56051958,1990917,0,114286041,112600,0
networknt,3.0.5,gitpod-configuration-invalid,63961291,2075000,0,116512584,112068,0
networknt,3.0.5,importmap,28215333,1335000,0,70160458,111604,0
networknt,3.0.5,importmap-invalid,36707292,1646708,0,70127417,111988,0
networknt,3.0.5,jasmine,30477958,1075958,0,69681709,112056,0
networknt,3.0.5,jasmine-invalid,32466209,1334333,0,70814376,111868,0
networknt,3.0.5,jsck-complex-invalid,268975958,29906125,0,130006875,111792,0
networknt,3.0.5,jsck-complex-valid,258605167,64126125,0,116999209,112604,0
networknt,3.0.5,jsck-medium-invalid,124307208,31922625,0,69600126,111728,0
networknt,3.0.5,jsck-medium-valid,82183500,21116291,0,72840917,112064,0
networknt,3.0.5,jsconfig-rmUniqueItems,141581458,4223541,0,143293209,111700,0
networknt,3.0.5,jsconfig-rmUniqueItems-invalid,118359500,2979417,0,143486042,113160,0
networknt,3.0.5,jshintrc,29781125,2248333,0,79818375,112040,0
networknt,3.0.5,jshintrc-invalid,31898125,2118583,0,78653750,111692,0
networknt,3.0.5,katydid-conf-invalid,102780958,17141583,0,70595083,112156,0
networknt,3.0.5,katydid-conf-valid,94007251,16620500,0,72354042,111340,0
networknt,3.0.5,lazygit-rmUniqueItems,70753250,1181583,0,128058791,112268,0
networknt,3.0.5,lazygit-rmUniqueItems-invalid,64563334,1160458,0,132583750,111992,0
networknt,3.0.5,lerna,27323375,836042,0,70963625,112328,0
networknt,3.0.5,lerna-invalid,30581917,1176250,0,71756416,111676,0
networknt,3.0.5,nest-cli,31365791,1884583,0,78560583,112028,0
networknt,3.0.5,nest-cli-invalid,32874667,1885292,0,79209708,111712,0
networknt,3.0.5,omnisharp,28471792,2152167,0,78725250,111636,0
networknt,3.0.5,omnisharp-invalid,32219708,2886500,0,78883292,114220,0
networknt,3.0.5,pre-commit-hooks,30186542,3331167,0,80565792,112644,0
networknt,3.0.5,pre-commit-hooks-invalid,33929917,2520708,0,80159542,111492,0
networknt,3.0.5,pulumi,51708292,5210542,0,79061209,111628,0
networknt,3.0.5,pulumi-invalid,62597125,5828709,0,82826166,112016,0
networknt,3.0.5,semantic-release,33001875,1563959,0,73881791,112104,0
networknt,3.0.5,semantic-release-invalid,37016542,2093000,0,72605166,112192,0
networknt,3.0.5,stale,33694459,1589667,0,78116666,111500,0
networknt,3.0.5,stale-invalid,35072584,1945667,0,78310542,111416,0
networknt,3.0.5,stylecop-rmUniqueItems,120344333,3759208,0,115924709,112092,0
networknt,3.0.5,stylecop-rmUniqueItems-invalid,116544041,3565375,0,116036167,112640,0
networknt,3.0.5,tmuxinator,21010333,904292,0,71836917,112308,0
networknt,3.0.5,tmuxinator-invalid,41318000,847333,0,93442708,112044,0
networknt,3.0.5,ui5,101798083,5076000,0,132029000,111896,0
networknt,3.0.5,ui5-invalid,96916625,5073041,0,135902583,112040,0
networknt,3.0.5,unreal-engine-uproject-rmUniqueItems,101732542,3157250,0,119526959,111608,0
networknt,3.0.5,unreal-engine-uproject-rmUniqueItems-invalid,103435083,2921250,0,120418292,112524,0
networknt,3.0.5,vercel,71270875,2006875,0,124315167,111908,0
networknt,3.0.5,vercel-invalid,69510000,2942292,0,126486166,112060,0
networknt,3.0.5,yamllint,26812875,1011792,0,77152083,111964,0
networknt,3.0.5,yamllint-invalid,33578208,1531208,0,77037708,111776,0
networknt,3.0.5,zschema-advanced-rmUniqueItems-invalid,358460708,90849333,0,121223375,111296,0
networknt,3.0.5,zschema-advanced-rmUniqueItems-valid,314636292,81331916,0,119382542,111616,0
networknt,3.0.5,zschema-basic-rmUniqueItems-invalid,40464875,1921167,0,71031750,112448,0
networknt,3.0.5,zschema-basic-rmUniqueItems-valid,39875334,1920042,0,70719166,112124,0
py-jsonschema,,ajv-cosmicrealms-rmUniqueItems-invalid,155907708,152362416,49547417,40583,66780,0
py-jsonschema,,ajv-cosmicrealms-rmUniqueItems-valid,961918125,940826625,39044875,38000,57736,0
py-jsonschema,,ansible-meta,192575167,189889625,792583,18667,51708,0
py-jsonschema,,ansible-meta-invalid,63362542,62920083,805000,17167,51728,0
py-jsonschema,,aws-cdk,7402292,7188250,1971459,19417,51848,0
py-jsonschema,,aws-cdk-invalid,5093209,4841042,1042875,16208,51788,0
py-jsonschema,,babelrc,25066584,24115083,1079833,16083,51692,0
py-jsonschema,,babelrc-invalid,22836625,22275459,1390500,18125,51708,0
py-jsonschema,,clang-format,5120125,4856542,257000,16584,51848,0
py-jsonschema,,clang-format-invalid,3664625,3247375,275917,18875,51788,0
py-jsonschema,,cmake-presets,2048132085,2040033335,13209333,30625,51664,0
py-jsonschema,,cmake-presets-invalid,6234077794,6244017072,13876667,26834,53068,0
py-jsonschema,,code-climate,27677666,26534625,7627292,22500,55512,0
py-jsonschema,,code-climate-invalid,84493542,82387500,8546166,25583,51712,0
py-jsonschema,,cypress,20676625,20541625,2794875,20583,51620,0
py-jsonschema,,cypress-invalid,19763083,19027959,1481583,21083,51636,0
py-jsonschema,,deno-rmUniqueItems,30702250,29194708,4270458,19583,51824,0
py-jsonschema,,deno-rmUniqueItems-invalid,22884208,22099792,2604334,19375,51584,0
py-jsonschema,,dependabot,53238583,52128334,2679250,18125,51648,0
py-jsonschema,,dependabot-invalid,30025167,29179084,2895916,17792,51620,0
py-jsonschema,,draft-04-rmUniqueItems,937685334,927000000,31481875,46375,60808,0
py-jsonschema,,draft-04-rmUniqueItems-invalid,470123292,462031876,28803916,36916,58680,0
py-jsonschema,,example-address-invalid,154302500,151221000,12052250,31417,51696,0
py-jsonschema,,example-address-valid,137104500,133802583,12219417,30500,51632,0
py-jsonschema,,example-blogpost-invalid,201070750,200587083,33671833,38917,54312,0
py-jsonschema,,example-blogpost-valid,461953125,460625417,25171916,42750,51720,0
py-jsonschema,,example-calendar-invalid,178802792,178399458,38632375,31708,58116,0
py-jsonschema,,example-calendar-valid,308604542,301170917,21762125,31084,51720,0
py-jsonschema,,example-devicetype-invalid,575812819,541948334,23495542,30250,51640,0
py-jsonschema,,example-devicetype-valid,430381666,419922250,10244042,28292,51620,0
py-jsonschema,,example-health-record-invalid,262110250,256470250,43951667,36958,64488,0
py-jsonschema,,example-health-record-valid,591370791,583616084,30008625,44042,51844,0
py-jsonschema,,example-job-posting-invalid,131177334,127190708,24696084,32708,51716,0
py-jsonschema,,example-job-posting-valid,159154583,154235208,13034958,23583,51624,0
py-jsonschema,,example-movie-invalid,139710042,139354750,29439458,36750,51660,0
py-jsonschema,,example-movie-valid,212822625,205388459,15494875,24959,51712,0
py-jsonschema,,example-userprofile-invalid,139601667,136947042,27684708,39625,51628,0
py-jsonschema,,example-userprofile-valid,203731792,201092375,15207333,30375,51720,0
py-jsonschema,,fabric-mod,166317875,164032125,3545958,21500,51700,0
py-jsonschema,,fabric-mod-invalid,109648750,110169708,3867125,21500,51672,0
py-jsonschema,,geojson,23838919955,23949846595,220582625,40334,1053816,0
py-jsonschema,,geojson-invalid,26318623457,27068993790,222218291,37166,1636024,0
py-jsonschema,,gitpod-configuration,36369250,35937417,2052500,21917,51612,0
py-jsonschema,,gitpod-configuration-invalid,24299000,24103750,2408500,19750,51724,0
py-jsonschema,,importmap,22751708,22931125,2005834,18208,51628,0
py-jsonschema,,importmap-invalid,17840000,17043084,2356750,19083,49908,0
py-jsonschema,,jasmine,33108834,32059500,1116500,16000,51708,0
py-jsonschema,,jasmine-invalid,20583916,20608125,1313791,15959,51696,0
py-jsonschema,,jsck-complex-invalid,223895292,222538209,10911750,21875,51724,0
py-jsonschema,,jsck-complex-valid,622638750,620400542,12365500,35083,51660,0
py-jsonschema,,jsck-medium-invalid,133127875,128846083,36449000,42625,59252,0
py-jsonschema,,jsck-medium-valid,430923792,426281500,29974292,33917,54216,0
py-jsonschema,,jsconfig-rmUniqueItems,88655000,86288375,1606417,17084,51700,0
py-jsonschema,,jsconfig-rmUniqueItems-invalid,36696250,34190750,1906792,17542,51832,0
py-jsonschema,,jshintrc,39180833,39325875,2895833,22875,51644,0
py-jsonschema,,jshintrc-invalid,26417792,25746167,3242333,19417,51720,0
py-jsonschema,,katydid-conf-invalid,435863875,427203542,23646375,45459,51724,0
py-jsonschema,,katydid-conf-valid,467675792,462550541,26007125,41250,51724,0
py-jsonschema,,lazygit-rmUniqueItems,20562291,20217458,688375,15666,51596,0
py-jsonschema,,lazygit-rmUniqueItems-invalid,11100667,10600250,698083,16792,51848,0
py-jsonschema,,lerna,15187166,14185291,1479625,15666,51832,0
py-jsonschema,,lerna-invalid,13169000,12940042,1594458,16500,51704,0
py-jsonschema,,nest-cli,45461834,44892000,1909417,20167,51656,0
py-jsonschema,,nest-cli-invalid,32947833,32351708,2189667,18083,51728,0
py-jsonschema,,omnisharp,29485417,29024417,2672541,19500,51660,0
py-jsonschema,,omnisharp-invalid,26649709,26229167,2794000,19333,51724,0
py-jsonschema,,pre-commit-hooks,92027458,90040334,2705458,20292,51644,0
py-jsonschema,,pre-commit-hooks-invalid,35087292,34134000,3095250,18708,51640,0
py-jsonschema,,pulumi,98737750,96397917,8409667,23000,51632,0
py-jsonschema,,pulumi-invalid,80677916,89230000,8413667,23625,51728,0
py-jsonschema,,semantic-release,46961792,45022917,2106041,20750,51696,0
py-jsonschema,,semantic-release-invalid,47964167,45641292,2223208,18208,51532,0
py-jsonschema,,stale,31150583,29873625,1652000,19000,51724,0
py-jsonschema,,stale-invalid,24682458,24012167,1916333,18500,51652,0
py-jsonschema,,stylecop-rmUniqueItems,34222959,32656125,2259541,16458,51696,0
py-jsonschema,,stylecop-rmUniqueItems-invalid,24691292,23976500,2673125,18625,51720,0
py-jsonschema,,tmuxinator,23916208,23464542,1257500,17250,51664,0
py-jsonschema,,tmuxinator-invalid,3829625,3612333,1329792,15459,51744,0
py-jsonschema,,ui5,109924958,107906000,2733333,17167,51696,0
py-jsonschema,,ui5-invalid,90701333,88516917,2584000,19583,51720,0
py-jsonschema,,unreal-engine-uproject-rmUniqueItems,66545875,65422583,2060375,18500,51640,0
py-jsonschema,,unreal-engine-uproject-rmUniqueItems-invalid,26664333,25079625,2497667,19250,51716,0
py-jsonschema,,vercel,37039583,36013584,1559583,22375,51716,0
py-jsonschema,,vercel-invalid,20693875,20226125,1702458,17708,51708,0
py-jsonschema,,yamllint,7670250,7437417,2474458,19250,51852,0
py-jsonschema,,yamllint-invalid,13709250,13776041,2517792,17917,51632,0
py-jsonschema,,zschema-advanced-rmUniqueItems-invalid,1561337084,1515824418,40014667,40125,62848,0
py-jsonschema,,zschema-advanced-rmUniqueItems-valid,1916799876,1878054584,27167041,41917,51720,0
py-jsonschema,,zschema-basic-rmUniqueItems-invalid,15211792,14459333,2739708,15709,51584,0
py-jsonschema,,zschema-basic-rmUniqueItems-valid,26142166,25404667,2561333,18958,51704,0
