implementation,version,name,cold_ns,warm_ns,parse_ns,compile_ns,memory,exit_status
ajv,v8.20.0,ajv-cosmicrealms-rmUniqueItems-invalid,18620125,9220375,78179625,31403833,155248,0
ajv,v8.20.0,ajv-cosmicrealms-rmUniqueItems-valid,23906875,17348417,58045250,33596083,150864,0
ajv,v8.20.0,ansible-meta,6725042,255166,620083,50603958,125308,0
ajv,v8.20.0,ansible-meta-invalid,5903000,85334,780125,48837750,106808,0
ajv,v8.20.0,aws-cdk,1071833,33750,1481500,16845958,75340,0
ajv,v8.20.0,aws-cdk-invalid,583292,26625,863375,17369500,74868,0
ajv,v8.20.0,babelrc,2038959,134292,776125,24169959,80552,0
ajv,v8.20.0,babelrc-invalid,1905125,126125,1293208,23462958,87664,0
ajv,v8.20.0,clang-format,5733791,862083,393209,42898542,135528,0
ajv,v8.20.0,clang-format-invalid,4852917,147375,416000,42215584,89888,0
ajv,v8.20.0,cmake-presets,40990708,9953875,9541500,77468875,179256,0
ajv,v8.20.0,cmake-presets-invalid,31072208,7826666,10102750,80450792,191636,0
ajv,v8.20.0,code-climate,2261417,181208,6061250,22349292,84920,0
ajv,v8.20.0,code-climate-invalid,3900458,269417,5869166,21622584,86192,0
ajv,v8.20.0,cypress,6044042,2869583,2269875,35282625,103572,0
ajv,v8.20.0,cypress-invalid,4489833,814541,1636125,34080125,100584,0
ajv,v8.20.0,deno-rmUniqueItems,3621958,926292,4118333,26665917,96408,0
ajv,v8.20.0,deno-rmUniqueItems-invalid,2902875,390916,3028875,28198208,99616,0
ajv,v8.20.0,dependabot,2545000,337375,1950750,20949875,76324,0
ajv,v8.20.0,dependabot-invalid,1883375,175666,2456125,22352875,85516,0
ajv,v8.20.0,draft-04-rmUniqueItems,36612917,11965542,32879500,35551292,169792,0
ajv,v8.20.0,draft-04-rmUniqueItems-invalid,12228167,3945792,22480125,24172083,149852,0
ajv,v8.20.0,example-address-invalid,7290542,4621542,12676125,27514542,128612,0
ajv,v8.20.0,example-address-valid,5941291,4270750,17072542,27551125,119008,0
ajv,v8.20.0,example-blogpost-invalid,10483000,3260125,51438375,28301042,131752,0
ajv,v8.20.0,example-blogpost-valid,16740667,8804333,28004209,28734083,127672,0
ajv,v8.20.0,example-calendar-invalid,6491875,4297000,92199417,31535917,155688,0
ajv,v8.20.0,example-calendar-valid,10404542,7368375,37139208,26922834,144124,0
ajv,v8.20.0,example-devicetype-invalid,5831541,1079375,40217625,29324750,100064,0
ajv,v8.20.0,example-devicetype-valid,5417208,2282625,6838875,29500792,91412,0
ajv,v8.20.0,example-health-record-invalid,9726167,4418083,80152875,31374375,147800,0
ajv,v8.20.0,example-health-record-valid,13937083,8967750,40111209,29091209,166268,0
ajv,v8.20.0,example-job-posting-invalid,5325208,3144125,44572584,27307542,107304,0
ajv,v8.20.0,example-job-posting-valid,15060250,5014875,16544834,27667667,107868,0
ajv,v8.20.0,example-movie-invalid,6147583,2794958,53659083,28154209,109768,0
ajv,v8.20.0,example-movie-valid,10800001,4634084,13417708,30299125,103780,0
ajv,v8.20.0,example-userprofile-invalid,6394084,2659125,47549750,28267209,108048,0
ajv,v8.20.0,example-userprofile-valid,8692416,5237459,13965459,27365792,109928,0
ajv,v8.20.0,fabric-mod,6563334,1229167,3410250,30415166,104520,0
ajv,v8.20.0,fabric-mod-invalid,5434375,1176584,3748584,32737708,96632,0
ajv,v8.20.0,geojson,135974667,8978417,107493334,63099625,234784,0
ajv,v8.20.0,geojson-invalid,78817583,7321708,107396750,61817875,242048,0
ajv,v8.20.0,gitpod-configuration,3541958,346083,1256750,28138667,87352,0
ajv,v8.20.0,gitpod-configuration-invalid,3092375,150334,2051833,31567584,90596,0
ajv,v8.20.0,importmap,982458,88166,3145625,16801958,76636,0
ajv,v8.20.0,importmap-invalid,1536084,113833,3953792,18686042,77432,0
ajv,v8.20.0,jasmine,1189792,77542,683667,19076208,73028,0
ajv,v8.20.0,jasmine-invalid,1075000,51083,1241083,19360375,75444,0
ajv,v8.20.0,jsck-complex-invalid,11352875,4395500,8681875,32679959,93716,0
ajv,v8.20.0,jsck-complex-valid,21919334,12717417,10749458,33112542,97340,0
ajv,v8.20.0,jsck-medium-invalid,8285916,1389375,36547958,30222542,117392,0
ajv,v8.20.0,jsck-medium-valid,8926959,2876584,21813542,29424875,91708,0
ajv,v8.20.0,jsconfig-rmUniqueItems,9614584,4190792,1521000,37250708,107140,0
ajv,v8.20.0,jsconfig-rmUniqueItems-invalid,6940042,2055542,2598167,36889000,121504,0
ajv,v8.20.0,jshintrc,6157958,4154334,4243125,25207459,103488,0
ajv,v8.20.0,jshintrc-invalid,4032167,2142917,4923958,22624958,106824,0
ajv,v8.20.0,katydid-conf-invalid,11819959,1366875,21222333,29960250,95124,0
ajv,v8.20.0,katydid-conf-valid,11131959,1907292,25515000,29071083,93764,0
ajv,v8.20.0,lazygit-rmUniqueItems,7778167,654041,751167,52390917,101040,0
ajv,v8.20.0,lazygit-rmUniqueItems-invalid,6858375,255833,1087292,52851791,85908,0
ajv,v8.20.0,lerna,1542125,286167,1281000,19740667,78116,0
ajv,v8.20.0,lerna-invalid,1118583,71375,1519708,19642042,78812,0
ajv,v8.20.0,nest-cli,3062291,320500,1700333,26995042,78600,0
ajv,v8.20.0,nest-cli-invalid,2356916,112042,2320875,28315251,78584,0
ajv,v8.20.0,omnisharp,3778959,1432459,1920583,26054416,102956,0
ajv,v8.20.0,omnisharp-invalid,3157292,802875,2302042,24887709,91748,0
ajv,v8.20.0,pre-commit-hooks,8193833,2337041,2068333,25885833,103940,0
ajv,v8.20.0,pre-commit-hooks-invalid,4256292,765917,3001625,24496584,83760,0
ajv,v8.20.0,pulumi,6358750,1419458,7133417,26201417,101988,0
ajv,v8.20.0,pulumi-invalid,5632333,532334,8512583,26721291,99744,0
ajv,v8.20.0,semantic-release,2259875,207209,1350917,21779583,76468,0
ajv,v8.20.0,semantic-release-invalid,1907083,140667,2148042,20532375,79704,0
ajv,v8.20.0,stale,1464083,110125,948250,21361834,77072,0
ajv,v8.20.0,stale-invalid,1978291,56584,1509709,24311291,78996,0
ajv,v8.20.0,stylecop-rmUniqueItems,3140209,476458,1797250,23533875,79976,0
ajv,v8.20.0,stylecop-rmUniqueItems-invalid,2203416,186500,2628459,24234458,85684,0
ajv,v8.20.0,tmuxinator,2073916,203291,1137750,21718667,76976,0
ajv,v8.20.0,tmuxinator-invalid,1382542,36458,1393958,22958167,79392,0
ajv,v8.20.0,ui5,28410875,415875,1652792,157795459,212492,0
ajv,v8.20.0,ui5-invalid,27417917,470792,2527541,156960292,218336,0
ajv,v8.20.0,unreal-engine-uproject-rmUniqueItems,2716292,354791,1104333,25453584,76700,0
ajv,v8.20.0,unreal-engine-uproject-rmUniqueItems-invalid,2150458,156000,1868375,24981542,77712,0
ajv,v8.20.0,vercel,9133667,932834,1053167,47636208,94244,0
ajv,v8.20.0,vercel-invalid,6888625,293750,1577417,48287417,96276,0
ajv,v8.20.0,yamllint,384292,7833,1502292,19402291,73008,0
ajv,v8.20.0,yamllint-invalid,969125,13458,2010500,16160583,73280,0
ajv,v8.20.0,zschema-advanced-rmUniqueItems-invalid,14203750,2804833,56996750,22503541,132104,0
ajv,v8.20.0,zschema-advanced-rmUniqueItems-valid,22537625,6529292,18382417,23038500,93304,0
ajv,v8.20.0,zschema-basic-rmUniqueItems-invalid,1007583,95833,5132292,16948375,76088,0
ajv,v8.20.0,zschema-basic-rmUniqueItems-valid,989208,285666,4284166,16481334,73960,0
ajv-bun,v8.20.0,ajv-cosmicrealms-rmUniqueItems-invalid,13116208,2959750,38996584,21708333,194244,0
ajv-bun,v8.20.0,ajv-cosmicrealms-rmUniqueItems-valid,26938458,13675250,34877083,20819708,172444,0
ajv-bun,v8.20.0,ansible-meta,7294166,190417,612250,36039292,237620,0
ajv-bun,v8.20.0,ansible-meta-invalid,5010833,258500,762500,37348917,134932,0
ajv-bun,v8.20.0,aws-cdk,672166,59250,1115250,13472708,82396,0
ajv-bun,v8.20.0,aws-cdk-invalid,647500,72708,635084,13421333,91052,0
ajv-bun,v8.20.0,babelrc,2331167,125125,604750,19073833,99500,0
ajv-bun,v8.20.0,babelrc-invalid,2464250,84583,853209,18030125,113532,0
ajv-bun,v8.20.0,clang-format,5072542,252000,235667,28596083,142560,0
ajv-bun,v8.20.0,clang-format-invalid,2937625,82083,304125,30913166,116060,0
ajv-bun,v8.20.0,cmake-presets,25475542,5824708,5837959,60871166,250384,0
ajv-bun,v8.20.0,cmake-presets-invalid,20304792,4622625,6483709,62671375,316036,0
ajv-bun,v8.20.0,code-climate,2284250,141500,3324834,20449667,123128,0
ajv-bun,v8.20.0,code-climate-invalid,2875167,415083,2990584,17532708,134556,0
ajv-bun,v8.20.0,cypress,5035000,494042,1389416,25093042,140764,0
ajv-bun,v8.20.0,cypress-invalid,4591958,188417,1104208,23941875,139360,0
ajv-bun,v8.20.0,deno-rmUniqueItems,3802333,354542,2520708,19543250,119220,0
ajv-bun,v8.20.0,deno-rmUniqueItems-invalid,3918084,237458,2347792,19927417,124720,0
ajv-bun,v8.20.0,dependabot,2045084,221833,968334,15576875,105248,0
ajv-bun,v8.20.0,dependabot-invalid,2003708,142458,1650792,16179500,123728,0
ajv-bun,v8.20.0,draft-04-rmUniqueItems,18335708,4460541,13711292,17436542,174392,0
ajv-bun,v8.20.0,draft-04-rmUniqueItems-invalid,7386000,1768000,12822792,19458041,175560,0
ajv-bun,v8.20.0,example-address-invalid,4068833,1412583,6979834,18605458,122524,0
ajv-bun,v8.20.0,example-address-valid,3314375,1057541,8594375,19181250,125208,0
ajv-bun,v8.20.0,example-blogpost-invalid,6477125,1867042,26491458,20078250,152908,0
ajv-bun,v8.20.0,example-blogpost-valid,8593416,5001958,14507167,19830083,137368,0
ajv-bun,v8.20.0,example-calendar-invalid,6040625,1405209,40089083,19481792,162496,0
ajv-bun,v8.20.0,example-calendar-valid,4985834,2063000,19035875,19922875,139812,0
ajv-bun,v8.20.0,example-devicetype-invalid,4774625,601875,16187667,20425959,143348,0
ajv-bun,v8.20.0,example-devicetype-valid,4521167,804709,4416417,20444958,122040,0
ajv-bun,v8.20.0,example-health-record-invalid,10223125,3212958,42728000,19186041,168016,0
ajv-bun,v8.20.0,example-health-record-valid,9041416,3595250,28578167,20361042,153464,0
ajv-bun,v8.20.0,example-job-posting-invalid,4752458,1630500,19806833,19483126,141256,0
ajv-bun,v8.20.0,example-job-posting-valid,4646750,1808333,9649667,18608042,128808,0
ajv-bun,v8.20.0,example-movie-invalid,4628750,1329333,22726458,20007542,145848,0
ajv-bun,v8.20.0,example-movie-valid,5223792,1858833,9513750,20601209,129392,0
ajv-bun,v8.20.0,example-userprofile-invalid,4440667,1409041,20299625,18425583,142772,0
ajv-bun,v8.20.0,example-userprofile-valid,4648500,1686875,9032709,19737541,126540,0
ajv-bun,v8.20.0,fabric-mod,5937000,682708,2038750,23552791,150300,0
ajv-bun,v8.20.0,fabric-mod-invalid,4733541,431542,2752375,22440666,153240,0
ajv-bun,v8.20.0,geojson,50744000,8153333,61050750,39790875,635368,0
ajv-bun,v8.20.0,geojson-invalid,37996416,5229708,62025708,39945666,644664,0
ajv-bun,v8.20.0,gitpod-configuration,4459375,244417,1171833,21273500,118656,0
ajv-bun,v8.20.0,gitpod-configuration-invalid,4780208,307416,1700458,20704833,132992,0
ajv-bun,v8.20.0,importmap,893792,392292,1836208,13044958,98336,0
ajv-bun,v8.20.0,importmap-invalid,1120833,159625,2689167,14197542,111872,0
ajv-bun,v8.20.0,jasmine,1192959,190041,469083,14775000,97280,0
ajv-bun,v8.20.0,jasmine-invalid,1240833,48750,867542,14420125,107584,0
ajv-bun,v8.20.0,jsck-complex-invalid,8827000,2262708,5249208,23523042,133792,0
ajv-bun,v8.20.0,jsck-complex-valid,14246500,7283750,5843792,24496583,131920,0
ajv-bun,v8.20.0,jsck-medium-invalid,17523666,10749791,18524833,30294959,145780,0
ajv-bun,v8.20.0,jsck-medium-valid,44981125,39723458,12553041,19446958,126940,0
ajv-bun,v8.20.0,jsconfig-rmUniqueItems,7557291,836667,990041,28272709,150004,0
ajv-bun,v8.20.0,jsconfig-rmUniqueItems-invalid,6324542,698625,1270625,28190459,151372,0
ajv-bun,v8.20.0,jshintrc,3148125,678875,1822500,17959750,112784,0
ajv-bun,v8.20.0,jshintrc-invalid,3213333,381958,2359375,17834500,121408,0
ajv-bun,v8.20.0,katydid-conf-invalid,4484750,737667,12992708,21150250,129488,0
ajv-bun,v8.20.0,katydid-conf-valid,5152125,894083,15224958,20473250,131840,0
ajv-bun,v8.20.0,lazygit-rmUniqueItems,12927292,390791,392708,39323792,204308,0
ajv-bun,v8.20.0,lazygit-rmUniqueItems-invalid,8949417,170375,745958,40794458,197908,0
ajv-bun,v8.20.0,lerna,1344709,140625,815750,15274917,97268,0
ajv-bun,v8.20.0,lerna-invalid,1652875,80750,1112792,14926416,108720,0
ajv-bun,v8.20.0,nest-cli,2392083,195833,964500,22202417,123128,0
ajv-bun,v8.20.0,nest-cli-invalid,2408250,126416,1251167,20501209,127232,0
ajv-bun,v8.20.0,omnisharp,3421708,334167,1304542,19488125,128932,0
ajv-bun,v8.20.0,omnisharp-invalid,3422209,232542,1657708,19529958,127720,0
ajv-bun,v8.20.0,pre-commit-hooks,3896125,1130042,1557708,19019625,118736,0
ajv-bun,v8.20.0,pre-commit-hooks-invalid,2523625,417458,2367041,18339167,124416,0
ajv-bun,v8.20.0,pulumi,4711334,621000,3543625,18763833,144536,0
ajv-bun,v8.20.0,pulumi-invalid,3709458,553000,4731583,19492208,145768,0
ajv-bun,v8.20.0,semantic-release,1611209,261417,1147541,16123000,114992,0
ajv-bun,v8.20.0,semantic-release-invalid,1624459,132208,1569709,15818875,119176,0
ajv-bun,v8.20.0,stale,1884041,107041,856250,15594833,98176,0
ajv-bun,v8.20.0,stale-invalid,1591459,64958,1290208,15609750,110560,0
ajv-bun,v8.20.0,stylecop-rmUniqueItems,2552125,331083,1006791,17213166,107824,0
ajv-bun,v8.20.0,stylecop-rmUniqueItems-invalid,2933042,199375,1737125,16008250,119344,0
ajv-bun,v8.20.0,tmuxinator,1577416,101291,739625,16264625,114744,0
ajv-bun,v8.20.0,tmuxinator-invalid,1279000,78791,962958,15812625,96960,0
ajv-bun,v8.20.0,ui5,46788875,876750,1104792,109253667,229060,0
ajv-bun,v8.20.0,ui5-invalid,44973667,791958,1306792,112825791,227456,0
ajv-bun,v8.20.0,unreal-engine-uproject-rmUniqueItems,2229209,165750,864375,18654041,114992,0
ajv-bun,v8.20.0,unreal-engine-uproject-rmUniqueItems-invalid,2076708,183708,1392792,20279875,118816,0
ajv-bun,v8.20.0,vercel,12618000,421417,710958,33548958,202704,0
ajv-bun,v8.20.0,vercel-invalid,12294166,399042,1184750,32821375,203316,0
ajv-bun,v8.20.0,yamllint,422667,58417,1003583,13473792,91000,0
ajv-bun,v8.20.0,yamllint-invalid,517834,36417,1231875,13178500,100872,0
ajv-bun,v8.20.0,zschema-advanced-rmUniqueItems-invalid,11320833,3262917,26722292,16999541,171876,0
ajv-bun,v8.20.0,zschema-advanced-rmUniqueItems-valid,14723292,5696250,13160375,16256625,144144,0
ajv-bun,v8.20.0,zschema-basic-rmUniqueItems-invalid,947417,95083,2899792,14043833,86136,0
ajv-bun,v8.20.0,zschema-basic-rmUniqueItems-valid,928833,157541,2711667,13505208,80568,0
blaze,bcc61aee,ajv-cosmicrealms-rmUniqueItems-invalid,5220791,3662750,40308917,794625,52732,0
blaze,bcc61aee,ajv-cosmicrealms-rmUniqueItems-valid,10100875,8920542,31929875,545833,42036,0
blaze,bcc61aee,ansible-meta,155292,100334,1065750,14447750,9756,0
blaze,bcc61aee,ansible-meta-invalid,101958,35000,873958,14630208,10020,0
blaze,bcc61aee,aws-cdk,47833,22666,2271459,344667,8436,0
blaze,bcc61aee,aws-cdk-invalid,30750,7708,1401125,355959,6428,0
blaze,bcc61aee,babelrc,68625,46375,1230916,1665500,6376,0
blaze,bcc61aee,babelrc-invalid,66666,32958,2198500,1639792,6636,0
blaze,bcc61aee,clang-format,95167,62791,575833,10122666,7656,0
blaze,bcc61aee,clang-format-invalid,54500,23583,685833,9762292,7852,0
blaze,bcc61aee,cmake-presets,2585083,1814125,14138375,14206958,27788,0
blaze,bcc61aee,cmake-presets-invalid,1359042,883750,14226834,14182791,27864,0
blaze,bcc61aee,code-climate,234833,79958,5797959,1443542,11476,0
blaze,bcc61aee,code-climate-invalid,249791,125542,6483167,1416792,12940,0
blaze,bcc61aee,cypress,149792,83709,3149625,2157000,9028,0
blaze,bcc61aee,cypress-invalid,73625,35208,1900041,2379875,7360,0
blaze,bcc61aee,deno-rmUniqueItems,247125,109833,4271875,3836625,12296,0
blaze,bcc61aee,deno-rmUniqueItems-invalid,158208,53208,2546292,3850291,9636,0
blaze,bcc61aee,dependabot,213792,144209,3004584,2235875,8708,0
blaze,bcc61aee,dependabot-invalid,116334,68417,2682625,2114250,8596,0
blaze,bcc61aee,draft-04-rmUniqueItems,3264334,2775209,32409834,1380750,52140,0
blaze,bcc61aee,draft-04-rmUniqueItems-invalid,1228125,859166,29436958,1612708,47792,0
blaze,bcc61aee,example-address-invalid,210875,106958,7507875,328625,15120,0
blaze,bcc61aee,example-address-valid,871375,730084,10261458,346417,15708,0
blaze,bcc61aee,example-blogpost-invalid,1831375,1509625,28434875,536250,38404,0
blaze,bcc61aee,example-blogpost-valid,2735458,2310667,19944833,535625,26692,0
blaze,bcc61aee,example-calendar-invalid,1695167,1144167,30611667,545625,44456,0
blaze,bcc61aee,example-calendar-valid,2490625,2017458,15314792,699375,23604,0
blaze,bcc61aee,example-devicetype-invalid,752250,486208,18653500,672208,29172,0
blaze,bcc61aee,example-devicetype-valid,834750,691500,6490750,714291,13308,0
blaze,bcc61aee,example-health-record-invalid,2261959,1571666,36194875,603583,48252,0
blaze,bcc61aee,example-health-record-valid,2965125,2633500,24376084,574834,31364,0
blaze,bcc61aee,example-job-posting-invalid,878833,528833,19471833,336375,30036,0
blaze,bcc61aee,example-job-posting-valid,1368333,857917,9426459,367917,16784,0
blaze,bcc61aee,example-movie-invalid,947250,476542,24660667,324125,35832,0
blaze,bcc61aee,example-movie-valid,1445833,933292,10649750,385542,16760,0
blaze,bcc61aee,example-userprofile-invalid,887125,601292,21630084,291292,34008,0
blaze,bcc61aee,example-userprofile-valid,1695666,1344709,10140208,353458,16456,0
blaze,bcc61aee,fabric-mod,403750,300333,3360417,2479083,10128,0
blaze,bcc61aee,fabric-mod-invalid,351083,133000,3908167,2451292,10604,0
blaze,bcc61aee,geojson,6752500,5536375,168796917,9821083,252224,0
blaze,bcc61aee,geojson-invalid,3818166,2885959,167906833,9820083,252316,0
blaze,bcc61aee,gitpod-configuration,217291,98958,2237500,3921208,8736,0
blaze,bcc61aee,gitpod-configuration-invalid,188834,45291,2679542,3760167,8960,0
blaze,bcc61aee,importmap,38625,14333,1816416,315250,7844,0
blaze,bcc61aee,importmap-invalid,58833,9083,2536125,289292,8344,0
blaze,bcc61aee,jasmine,288458,50000,705292,901542,6124,0
blaze,bcc61aee,jasmine-invalid,45292,19750,1372209,829166,6684,0
blaze,bcc61aee,jsck-complex-invalid,1319083,1039083,10840750,1460083,21808,0
blaze,bcc61aee,jsck-complex-valid,3474292,2841042,13069709,1571500,24072,0
blaze,bcc61aee,jsck-medium-invalid,1452209,698875,30630292,631250,40276,0
blaze,bcc61aee,jsck-medium-valid,3482209,3336125,24307417,591541,33148,0
blaze,bcc61aee,jsconfig-rmUniqueItems,255125,163667,1631083,11965208,10268,0
blaze,bcc61aee,jsconfig-rmUniqueItems-invalid,135291,136083,2128959,9845667,10380,0
blaze,bcc61aee,jshintrc,589167,476167,3535792,2516709,8980,0
blaze,bcc61aee,jshintrc-invalid,268792,153834,3038834,2087959,9672,0
blaze,bcc61aee,katydid-conf-invalid,655292,561708,18969542,645542,25888,0
blaze,bcc61aee,katydid-conf-valid,1007708,822084,22009042,579417,28600,0
blaze,bcc61aee,lazygit-rmUniqueItems,137250,57792,610584,19455041,11996,0
blaze,bcc61aee,lazygit-rmUniqueItems-invalid,66833,19416,757584,19595208,12012,0
blaze,bcc61aee,lerna,176417,59750,1391417,1368791,6504,0
blaze,bcc61aee,lerna-invalid,141833,35208,2413958,1312500,6856,0
blaze,bcc61aee,nest-cli,130417,82042,1971375,3989083,8048,0
blaze,bcc61aee,nest-cli-invalid,101125,39625,3388625,4095417,8492,0
blaze,bcc61aee,omnisharp,396791,262041,2389167,4290250,9544,0
blaze,bcc61aee,omnisharp-invalid,212375,124875,2623458,3455625,10072,0
blaze,bcc61aee,pre-commit-hooks,375208,218833,2862334,2596042,8944,0
blaze,bcc61aee,pre-commit-hooks-invalid,184875,93375,3241833,2616541,9356,0
blaze,bcc61aee,pulumi,477916,323208,5754000,2189459,12232,0
blaze,bcc61aee,pulumi-invalid,247792,117500,6180417,2172209,12952,0
blaze,bcc61aee,semantic-release,129000,41875,2448042,1269416,7532,0
blaze,bcc61aee,semantic-release-invalid,102042,34208,3799708,983500,7824,0
blaze,bcc61aee,stale,99625,72500,1490667,984708,7376,0
blaze,bcc61aee,stale-invalid,71875,33959,2656458,990833,7544,0
blaze,bcc61aee,stylecop-rmUniqueItems,187083,118416,2641208,3310000,9340,0
blaze,bcc61aee,stylecop-rmUniqueItems-invalid,125292,51333,2635500,3174417,9504,0
blaze,bcc61aee,tmuxinator,63542,63375,1670959,1009125,6920,0
blaze,bcc61aee,tmuxinator-invalid,55833,9916,2005792,1509125,6964,0
blaze,bcc61aee,ui5,339375,232333,3799750,29825083,18732,0
blaze,bcc61aee,ui5-invalid,228583,149875,3706667,28122500,18788,0
blaze,bcc61aee,unreal-engine-uproject-rmUniqueItems,162250,135042,2508208,2232167,8624,0
blaze,bcc61aee,unreal-engine-uproject-rmUniqueItems-invalid,152625,66833,2674459,3493708,8908,0
blaze,bcc61aee,vercel,216375,125667,2285500,7034042,10416,0
blaze,bcc61aee,vercel-invalid,126917,54750,2298708,8073375,10452,0
blaze,bcc61aee,yamllint,30167,5125,3590084,448000,7428,0
blaze,bcc61aee,yamllint-invalid,28625,7667,2906000,360458,7708,0
blaze,bcc61aee,zschema-advanced-rmUniqueItems-invalid,1959500,1412125,34735541,1166625,46928,0
blaze,bcc61aee,zschema-advanced-rmUniqueItems-valid,3314667,2944333,23088917,1147958,30928,0
blaze,bcc61aee,zschema-basic-rmUniqueItems-invalid,88000,25833,3474750,385250,8576,0
blaze,bcc61aee,zschema-basic-rmUniqueItems-valid,155542,52000,3506459,395459,8500,0
boon,0.6,ajv-cosmicrealms-rmUniqueItems-invalid,18219708,16429917,39709125,5373459,48280,0
boon,0.6,ajv-cosmicrealms-rmUniqueItems-valid,16504417,15052459,31473459,5381500,41116,0
boon,0.6,ansible-meta,11237584,7919791,865708,14490000,4516,0
boon,0.6,ansible-meta-invalid,10237917,6752000,1200333,17004250,4688,0
boon,0.6,aws-cdk,189834,143625,2557667,3169750,5820,0
boon,0.6,aws-cdk-invalid,203709,179834,1091042,4735750,3856,0
boon,0.6,babelrc,395208,293875,1292375,5761084,4268,0
boon,0.6,babelrc-invalid,673417,532084,1484833,6268291,4520,0
boon,0.6,clang-format,131750,84625,323542,17653833,3524,0
boon,0.6,clang-format-invalid,150416,103958,338625,17923041,3520,0
boon,0.6,cmake-presets,94857584,92136917,13746125,31491000,27976,0
boon,0.6,cmake-presets-invalid,120682250,115926125,13304791,31667416,28220,0
boon,0.6,code-climate,907750,456292,7938791,5689459,17084,0
boon,0.6,code-climate-invalid,3403875,2001875,8838667,5734250,19512,0
boon,0.6,cypress,416875,347541,3116750,8312416,8012,0
boon,0.6,cypress-invalid,690000,594958,1068917,8219041,4300,0
boon,0.6,deno-rmUniqueItems,717541,489875,5117166,9637875,9976,0
boon,0.6,deno-rmUniqueItems-invalid,825417,709083,2447083,9521125,6488,0
boon,0.6,dependabot,1111208,1209834,3366042,6869834,8372,0
boon,0.6,dependabot-invalid,1272792,1100083,3306917,6531250,8532,0
boon,0.6,draft-04-rmUniqueItems,12663791,10667417,33674125,5762792,59064,0
boon,0.6,draft-04-rmUniqueItems-invalid,13936875,12017542,31890875,4675292,55188,0
boon,0.6,example-address-invalid,5301666,4431458,8619709,4426209,12292,0
boon,0.6,example-address-valid,4294708,3576250,9077625,3406875,12560,0
boon,0.6,example-blogpost-invalid,9754958,8947500,26028667,5168292,33300,0
boon,0.6,example-blogpost-valid,7933625,7348416,18902625,4984750,25108,0
boon,0.6,example-calendar-invalid,6964667,6697750,27653292,5044375,33940,0
boon,0.6,example-calendar-valid,6078584,5285458,16790167,4984625,20112,0
boon,0.6,example-devicetype-invalid,11061375,10008375,16370083,4681417,22680,0
boon,0.6,example-devicetype-valid,8281000,7398417,7183208,3649209,11416,0
boon,0.6,example-health-record-invalid,23948125,21554333,33431500,5057375,40084,0
boon,0.6,example-health-record-valid,10146666,9663459,25020625,3643417,27928,0
boon,0.6,example-job-posting-invalid,4594333,4241167,17501458,4589334,21648,0
boon,0.6,example-job-posting-valid,4375458,3713500,8946583,4863292,12420,0
boon,0.6,example-movie-invalid,5479375,5074958,21163167,3379625,26680,0
boon,0.6,example-movie-valid,4374500,3939000,10724709,4960125,14456,0
boon,0.6,example-userprofile-invalid,5546458,4972959,20371000,3111167,24848,0
boon,0.6,example-userprofile-valid,4662750,3960583,10447750,3202250,14220,0
boon,0.6,fabric-mod,2039500,1767250,3488334,7552500,8144,0
boon,0.6,fabric-mod-invalid,2459542,2089166,3616000,7430959,8400,0
boon,0.6,geojson,485675625,475688001,157870458,16763209,272596,0
boon,0.6,geojson-invalid,537137000,548598458,158160291,16867459,326788,0
boon,0.6,gitpod-configuration,591166,495667,2307792,7780125,6348,0
boon,0.6,gitpod-configuration-invalid,785875,685375,2515333,7652667,6732,0
boon,0.6,importmap,476958,407334,2112291,4870250,5260,0
boon,0.6,importmap-invalid,1028125,554083,2470667,4840958,5516,0
boon,0.6,jasmine,520208,455625,949292,5355792,3864,0
boon,0.6,jasmine-invalid,4692209,3333583,1194708,4895875,3992,0
boon,0.6,jsck-complex-invalid,11428792,10565875,11603291,6270500,21944,0
boon,0.6,jsck-complex-valid,11279958,10324458,13136750,5838208,25012,0
boon,0.6,jsck-medium-invalid,14060583,12277875,30943666,3802167,54552,0
boon,0.6,jsck-medium-valid,10263167,7969417,28093333,4909750,52120,0
boon,0.6,jsconfig-rmUniqueItems,1364542,1087292,1640334,21426875,6372,0
boon,0.6,jsconfig-rmUniqueItems-invalid,1533375,1369375,1601292,21303333,6580,0
boon,0.6,jshintrc,867667,698250,2932208,7108916,6220,0
boon,0.6,jshintrc-invalid,1053375,882416,3010791,7599500,6732,0
boon,0.6,katydid-conf-invalid,12189708,10444083,20565500,4815542,32404,0
boon,0.6,katydid-conf-valid,9326792,7691000,22306416,5058250,35604,0
boon,0.6,lazygit-rmUniqueItems,352083,254708,665333,27052125,4480,0
boon,0.6,lazygit-rmUniqueItems-invalid,511625,400875,721667,27223375,4660,0
boon,0.6,lerna,346458,295458,1333375,5230750,4516,0
boon,0.6,lerna-invalid,487375,436916,1397417,5517958,4644,0
boon,0.6,nest-cli,672458,611500,1935666,8818333,6000,0
boon,0.6,nest-cli-invalid,944042,847708,2050625,8968167,6256,0
boon,0.6,omnisharp,997959,785584,2800542,7489458,6892,0
boon,0.6,omnisharp-invalid,1493125,1345834,2834916,7681459,6924,0
boon,0.6,pre-commit-hooks,1545250,1407125,2562291,6858667,5436,0
boon,0.6,pre-commit-hooks-invalid,1716542,1562208,2642667,6476125,5740,0
boon,0.6,pulumi,1944834,1464250,7059375,6885250,14400,0
boon,0.6,pulumi-invalid,2598750,2005000,6594375,6575333,14148,0
boon,0.6,semantic-release,763250,671750,2455333,5401667,6432,0
boon,0.6,semantic-release-invalid,1156584,950375,2612833,5208083,6432,0
boon,0.6,stale,841375,460166,1577792,5511333,4124,0
boon,0.6,stale-invalid,800000,699500,1958250,5231750,4424,0
boon,0.6,stylecop-rmUniqueItems,764083,588833,2425917,6981416,6736,0
boon,0.6,stylecop-rmUniqueItems-invalid,854250,727084,2453500,6897875,6588,0
boon,0.6,tmuxinator,328542,285750,1667458,6134334,5544,0
boon,0.6,tmuxinator-invalid,406333,313584,1766791,5346959,5420,0
boon,0.6,ui5,2426958,2171917,3229750,35060958,10532,0
boon,0.6,ui5-invalid,3082209,2799042,2756042,34909625,10304,0
boon,0.6,unreal-engine-uproject-rmUniqueItems,887583,818583,2392250,6661041,6340,0
boon,0.6,unreal-engine-uproject-rmUniqueItems-invalid,1077292,952667,2324083,7761042,6596,0
boon,0.6,vercel,1030792,747958,2243500,17826958,7968,0
boon,0.6,vercel-invalid,1385209,656875,2260417,18132750,8176,0
boon,0.6,yamllint,188417,142375,2599125,5178125,6796,0
boon,0.6,yamllint-invalid,398875,345166,2658042,4854500,6924,0
boon,0.6,zschema-advanced-rmUniqueItems-invalid,26897209,25415292,33931292,5730708,52632,0
boon,0.6,zschema-advanced-rmUniqueItems-valid,26230167,24612667,25629292,5650667,43284,0
boon,0.6,zschema-basic-rmUniqueItems-invalid,437875,398791,2902750,5303958,5652,0
boon,0.6,zschema-basic-rmUniqueItems-valid,435917,360459,2718292,4937625,5524,0
corvus,4.2.3,ajv-cosmicrealms-rmUniqueItems-invalid,124684300,13046600,60894100,4563240794,218508,0
corvus,4.2.3,ajv-cosmicrealms-rmUniqueItems-valid,150366400,22384500,51669000,4437563544,219032,0
corvus,4.2.3,ansible-meta,138195000,2787200,9539200,9218531671,231396,0
corvus,4.2.3,ansible-meta-invalid,134868400,2020000,9569600,8973356532,232088,0
corvus,4.2.3,aws-cdk,22069000,228400,13257200,4237759252,222920,0
corvus,4.2.3,aws-cdk-invalid,18162000,279200,9978600,4337790752,217184,0
corvus,4.2.3,babelrc,29136600,532400,9957400,4524139169,225488,0
corvus,4.2.3,babelrc-invalid,29718800,498500,10998500,4747854169,220816,0
corvus,4.2.3,clang-format,115140300,2137600,9973200,6537374905,225212,0
corvus,4.2.3,clang-format-invalid,109855400,910800,9568900,6626632462,224028,0
corvus,4.2.3,cmake-presets,256441900,29759900,28092900,9101250880,228416,0
corvus,4.2.3,cmake-presets-invalid,370303800,72461600,27376200,9447330490,230516,0
corvus,4.2.3,code-climate,27781200,855300,17172100,4095320544,223228,0
corvus,4.2.3,code-climate-invalid,30437400,1386200,18413300,6159528252,223176,0
corvus,4.2.3,cypress,52051400,1127000,14503100,5706740211,225804,0
corvus,4.2.3,cypress-invalid,45138500,565400,11237900,5268167127,230712,0
corvus,4.2.3,deno-rmUniqueItems,67957700,1198100,16950500,5479632211,226320,0
corvus,4.2.3,deno-rmUniqueItems-invalid,59683500,1650700,12296800,5306398211,236512,0
corvus,4.2.3,dependabot,44214400,2289700,13213900,4461815044,221624,0
corvus,4.2.3,dependabot-invalid,41831200,1255400,12631900,4804650211,223952,0
corvus,4.2.3,draft-04-rmUniqueItems,231208800,38297700,56566900,4661585752,221604,0
corvus,4.2.3,draft-04-rmUniqueItems-invalid,121957000,11760800,53142300,4338772127,220340,0
corvus,4.2.3,example-address-invalid,42270300,5305300,23404000,3903728252,219796,0
corvus,4.2.3,example-address-valid,45060700,5905000,23699900,4006205294,216200,0
corvus,4.2.3,example-blogpost-invalid,78565300,7209200,48062700,4177326585,219840,0
corvus,4.2.3,example-blogpost-valid,95499300,9193500,46929000,4262542335,221808,0
corvus,4.2.3,example-calendar-invalid,74760600,6480700,50781500,4046487696,220656,0
corvus,4.2.3,example-calendar-valid,69631400,9566000,32715800,4289486294,219860,0
corvus,4.2.3,example-devicetype-invalid,63470500,4983000,38185900,4199108627,221292,0
corvus,4.2.3,example-devicetype-valid,62307300,8031100,23360700,4226093127,223648,0
corvus,4.2.3,example-health-record-invalid,98283100,7819200,61617600,4229651002,221136,0
corvus,4.2.3,example-health-record-valid,92668000,11036600,43904900,4220250780,225408,0
corvus,4.2.3,example-job-posting-invalid,53359700,3958100,36880500,4129149835,216912,0
corvus,4.2.3,example-job-posting-valid,45676900,5304400,23024000,4977449253,220876,0
corvus,4.2.3,example-movie-invalid,62353000,4244100,42779500,3867858460,216108,0
corvus,4.2.3,example-movie-valid,51891700,5894300,25795600,4086257294,220936,0
corvus,4.2.3,example-userprofile-invalid,59358300,3545600,39864700,3825624696,222440,0
corvus,4.2.3,example-userprofile-valid,52376100,4855500,26185200,4366924460,216948,0
corvus,4.2.3,fabric-mod,55800400,2396000,13605600,5306780836,232760,0
corvus,4.2.3,fabric-mod-invalid,48981600,1199000,13238000,5626053086,229144,0
corvus,4.2.3,geojson,674812600,72039600,337215800,9774193672,271840,0
corvus,4.2.3,geojson-invalid,628037700,50722600,363435000,9924245630,275300,0
corvus,4.2.3,gitpod-configuration,43894600,1345800,12232500,4492182211,227536,0
corvus,4.2.3,gitpod-configuration-invalid,57258700,846900,18458300,4629290002,221272,0
corvus,4.2.3,importmap,20789200,349700,12464400,4063688252,215984,0
corvus,4.2.3,importmap-invalid,21165700,236600,11654200,4057152904,221228,0
corvus,4.2.3,jasmine,25349300,723100,9872700,4077627001,218712,0
corvus,4.2.3,jasmine-invalid,23050000,534800,10325100,4192070669,216096,0
corvus,4.2.3,jsck-complex-invalid,72273500,5588100,24439200,4544202378,222256,0
corvus,4.2.3,jsck-complex-valid,101571500,13722500,27917200,4501238210,230012,0
corvus,4.2.3,jsck-medium-invalid,82652000,7888500,51883900,4390243418,221356,0
corvus,4.2.3,jsck-medium-valid,93372200,13092400,43374900,4356841377,230448,0
corvus,4.2.3,jsconfig-rmUniqueItems,96231000,2537900,10762700,6193264211,225224,0
corvus,4.2.3,jsconfig-rmUniqueItems-invalid,88990200,1310200,11314900,6445806837,226096,0
corvus,4.2.3,jshintrc,73689600,4805200,12904900,4529073169,225604,0
corvus,4.2.3,jshintrc-invalid,57415800,1903600,12726900,4857788613,222328,0
corvus,4.2.3,katydid-conf-invalid,63169700,5573300,37581100,4080158794,221952,0
corvus,4.2.3,katydid-conf-valid,72520600,8416300,39158600,4332883044,216596,0
corvus,4.2.3,lazygit-rmUniqueItems,119863000,2068900,9241100,7252537462,225888,0
corvus,4.2.3,lazygit-rmUniqueItems-invalid,104066400,675000,9836000,7473495712,230852,0
corvus,4.2.3,lerna,27077100,613700,11805300,4348996086,219928,0
corvus,4.2.3,lerna-invalid,25083000,532900,10796200,4506954419,218084,0
corvus,4.2.3,nest-cli,54405100,1172200,13196800,4749859377,231044,0
corvus,4.2.3,nest-cli-invalid,43490500,726500,11684100,4832336253,231924,0
corvus,4.2.3,omnisharp,73881200,2253900,12689400,5306383336,222980,0
corvus,4.2.3,omnisharp-invalid,67588900,1214700,12293300,5091497239,222844,0
corvus,4.2.3,pre-commit-hooks,67521500,8067400,12480100,4316248960,216652,0
corvus,4.2.3,pre-commit-hooks-invalid,41521100,2641800,13060000,4628111211,223424,0
corvus,4.2.3,pulumi,47171400,2487000,17942200,4860813211,223520,0
corvus,4.2.3,pulumi-invalid,46267800,1739700,19172900,4776972544,230240,0
corvus,4.2.3,semantic-release,28858000,544900,11762500,4587143612,218492,0
corvus,4.2.3,semantic-release-invalid,27067800,418200,12202100,4473751086,222180,0
corvus,4.2.3,stale,31347200,834400,11844500,4310222419,220912,0
corvus,4.2.3,stale-invalid,30174000,404000,12547300,4122002960,219880,0
corvus,4.2.3,stylecop-rmUniqueItems,50701100,1532400,11944500,4824543294,232156,0
corvus,4.2.3,stylecop-rmUniqueItems-invalid,47082300,982400,12241700,4865962169,221624,0
corvus,4.2.3,tmuxinator,24950700,571600,10517400,4648960404,218976,0
corvus,4.2.3,tmuxinator-invalid,25213100,425900,11157900,4572687836,221472,0
corvus,4.2.3,ui5,229432000,5118000,12868200,12796896089,214064,0
corvus,4.2.3,ui5-invalid,214440500,3435000,13277500,13752463743,221356,0
corvus,4.2.3,unreal-engine-uproject-rmUniqueItems,39537300,1810200,13272600,4761008085,221368,0
corvus,4.2.3,unreal-engine-uproject-rmUniqueItems-invalid,36081700,1088700,12801500,5667707294,234420,0
corvus,4.2.3,vercel,84933900,2032100,11009800,7944076920,230148,0
corvus,4.2.3,vercel-invalid,81280400,985800,11471500,7894875990,238368,0
corvus,4.2.3,yamllint,16945200,282700,11850100,4130034627,219508,0
corvus,4.2.3,yamllint-invalid,17878900,170800,13327800,4123549460,220044,0
corvus,4.2.3,zschema-advanced-rmUniqueItems-invalid,124758100,13085300,59749000,4608111294,230552,0
corvus,4.2.3,zschema-advanced-rmUniqueItems-valid,145211200,27773200,43404300,4370866502,230264,0
corvus,4.2.3,zschema-basic-rmUniqueItems-invalid,21205200,336000,12881800,4611742738,221732,0
corvus,4.2.3,zschema-basic-rmUniqueItems-valid,23185700,627000,12753200,4270762710,221532,0
go-kaptinlin,0.9.2,ajv-cosmicrealms-rmUniqueItems-invalid,254511958,249215166,73727542,258167,80732,0
go-kaptinlin,0.9.2,ajv-cosmicrealms-rmUniqueItems-valid,271557834,264060792,54218209,710792,59588,0
go-kaptinlin,0.9.2,ansible-meta,79371083,62502917,1819500,1516958,17580,0
go-kaptinlin,0.9.2,ansible-meta-invalid,75396292,62458375,1815416,1583125,17800,0
go-kaptinlin,0.9.2,aws-cdk,1944000,1816625,4806791,551417,21356,0
go-kaptinlin,0.9.2,aws-cdk-invalid,3453125,1853000,2330541,487125,14292,0
go-kaptinlin,0.9.2,babelrc,10569584,7398750,1576833,445458,17568,0
go-kaptinlin,0.9.2,babelrc-invalid,12390417,8756208,2875167,729041,16536,0
go-kaptinlin,0.9.2,clang-format,5551542,3837500,400000,2283708,16944,0
go-kaptinlin,0.9.2,clang-format-invalid,6737167,4041333,564959,1238333,16032,0
go-kaptinlin,0.9.2,cmake-presets,1757004084,1743214959,21271500,2741500,44976,0
go-kaptinlin,0.9.2,cmake-presets-invalid,1772441626,1761084543,21372500,3383416,50388,0
go-kaptinlin,0.9.2,code-climate,6890125,5195834,8736834,862625,30476,0
go-kaptinlin,0.9.2,code-climate-invalid,23470500,20775459,10852875,775666,32732,0
go-kaptinlin,0.9.2,cypress,15612250,12098083,4849416,586666,20068,0
go-kaptinlin,0.9.2,cypress-invalid,17642416,13437626,2577708,1333375,17680,0
go-kaptinlin,0.9.2,deno-rmUniqueItems,15162125,11438625,9065500,1360750,22544,0
go-kaptinlin,0.9.2,deno-rmUniqueItems-invalid,18575166,14479708,5215916,1073333,17904,0
go-kaptinlin,0.9.2,dependabot,18518792,13435125,5351042,794792,18900,0
go-kaptinlin,0.9.2,dependabot-invalid,18834833,16374875,4588459,1170084,21860,0
go-kaptinlin,0.9.2,draft-04-rmUniqueItems,386551459,378811083,54241250,1218042,82568,0
go-kaptinlin,0.9.2,draft-04-rmUniqueItems-invalid,393536250,390545834,51281208,858167,78836,0
go-kaptinlin,0.9.2,example-address-invalid,46040042,39541333,14501292,464125,23992,0
go-kaptinlin,0.9.2,example-address-valid,42889958,38519959,13513958,546084,24968,0
go-kaptinlin,0.9.2,example-blogpost-invalid,114831584,102728209,46697417,303334,52472,0
go-kaptinlin,0.9.2,example-blogpost-valid,117530709,101379291,27902875,518417,40960,0
go-kaptinlin,0.9.2,example-calendar-invalid,87841125,81160334,52748417,437917,60384,0
go-kaptinlin,0.9.2,example-calendar-valid,86163334,82316917,23763959,250917,40908,0
go-kaptinlin,0.9.2,example-devicetype-invalid,93716834,92876750,29784250,687542,49148,0
go-kaptinlin,0.9.2,example-devicetype-valid,95487000,85249459,10401417,579917,24104,0
go-kaptinlin,0.9.2,example-health-record-invalid,140345500,146409834,52320916,779500,68900,0
go-kaptinlin,0.9.2,example-health-record-valid,123245334,121313001,32764666,346000,47900,0
go-kaptinlin,0.9.2,example-job-posting-invalid,51214250,49654959,31280042,637291,40924,0
go-kaptinlin,0.9.2,example-job-posting-valid,47288375,39543500,13462792,267750,33028,0
go-kaptinlin,0.9.2,example-movie-invalid,60345792,55935250,37102750,299292,49608,0
go-kaptinlin,0.9.2,example-movie-valid,53215791,55564500,13938708,757792,28572,0
go-kaptinlin,0.9.2,example-userprofile-invalid,60038125,58859458,33047917,561083,43800,0
go-kaptinlin,0.9.2,example-userprofile-valid,59489167,53033083,14064875,273208,32440,0
go-kaptinlin,0.9.2,fabric-mod,39412375,35452375,6004208,1343000,21260,0
go-kaptinlin,0.9.2,fabric-mod-invalid,45254375,38596166,6628333,1272625,21768,0
go-kaptinlin,0.9.2,geojson,2849667917,2876166918,259450250,1974083,643088,0
go-kaptinlin,0.9.2,geojson-invalid,2856975959,2867684085,269240667,2374750,944464,0
go-kaptinlin,0.9.2,gitpod-configuration,13683541,12153834,4448750,600709,18184,0
go-kaptinlin,0.9.2,gitpod-configuration-invalid,15787292,11965583,4666834,430041,18404,0
go-kaptinlin,0.9.2,importmap,11474500,9380458,3996833,326250,17732,0
go-kaptinlin,0.9.2,importmap-invalid,10879667,10432417,5573417,278750,17520,0
go-kaptinlin,0.9.2,jasmine,7659584,6303333,1740666,698625,16360,0
go-kaptinlin,0.9.2,jasmine-invalid,9716042,7126334,2187208,777166,17400,0
go-kaptinlin,0.9.2,jsck-complex-invalid,155722333,145081500,18412375,763125,37180,0
go-kaptinlin,0.9.2,jsck-complex-valid,180067916,181826042,20016666,525041,42952,0
go-kaptinlin,0.9.2,jsck-medium-invalid,107566459,105357208,40635000,291875,77624,0
go-kaptinlin,0.9.2,jsck-medium-valid,95406375,100192417,31827958,305333,69376,0
go-kaptinlin,0.9.2,jsconfig-rmUniqueItems,35991750,24255583,2997875,1572333,22740,0
go-kaptinlin,0.9.2,jsconfig-rmUniqueItems-invalid,32776541,27301959,2892750,1989042,18180,0
go-kaptinlin,0.9.2,jshintrc,19312209,15414208,5705917,588583,19200,0
go-kaptinlin,0.9.2,jshintrc-invalid,20623875,17262416,5772208,728542,19716,0
go-kaptinlin,0.9.2,katydid-conf-invalid,85314917,77419708,23607166,309459,47348,0
go-kaptinlin,0.9.2,katydid-conf-valid,79252792,74163459,28545333,317250,51856,0
go-kaptinlin,0.9.2,lazygit-rmUniqueItems,7182250,5332792,940500,3073250,15664,0
go-kaptinlin,0.9.2,lazygit-rmUniqueItems-invalid,7938000,6088125,1072916,2848791,15404,0
go-kaptinlin,0.9.2,lerna,5341791,3661208,1965125,569500,22224,0
go-kaptinlin,0.9.2,lerna-invalid,6811125,4770167,2525041,617542,15844,0
go-kaptinlin,0.9.2,nest-cli,16618250,11862708,2583834,1044041,17656,0
go-kaptinlin,0.9.2,nest-cli-invalid,16525083,12957958,3811292,1333458,19692,0
go-kaptinlin,0.9.2,omnisharp,12973334,11466375,5324625,829959,18548,0
go-kaptinlin,0.9.2,omnisharp-invalid,17962750,13707625,5371584,949166,19644,0
go-kaptinlin,0.9.2,pre-commit-hooks,40945791,38378251,4253250,802417,19216,0
go-kaptinlin,0.9.2,pre-commit-hooks-invalid,44404042,37167417,5371708,678209,17716,0
go-kaptinlin,0.9.2,pulumi,29384250,26537209,10040750,554792,26508,0
go-kaptinlin,0.9.2,pulumi-invalid,34477375,29868208,10045083,797667,34572,0
go-kaptinlin,0.9.2,semantic-release,13938542,11449291,4633209,853083,19540,0
go-kaptinlin,0.9.2,semantic-release-invalid,17573500,14294958,5115458,689083,17916,0
go-kaptinlin,0.9.2,stale,15080917,11185625,3362291,453708,17976,0
go-kaptinlin,0.9.2,stale-invalid,17530291,12523833,3513916,671708,17736,0
go-kaptinlin,0.9.2,stylecop-rmUniqueItems,13470833,10194875,4662375,455583,18220,0
go-kaptinlin,0.9.2,stylecop-rmUniqueItems-invalid,15907125,11764458,4692042,715750,20544,0
go-kaptinlin,0.9.2,tmuxinator,5822416,4807042,2435916,962875,17448,0
go-kaptinlin,0.9.2,tmuxinator-invalid,6299750,4417333,2351500,896334,18104,0
go-kaptinlin,0.9.2,ui5,32426000,30011333,4168083,7725958,28548,0
go-kaptinlin,0.9.2,ui5-invalid,38083750,31605167,4503208,6725542,23612,0
go-kaptinlin,0.9.2,unreal-engine-uproject-rmUniqueItems,20185666,16866250,4512458,395458,19992,0
go-kaptinlin,0.9.2,unreal-engine-uproject-rmUniqueItems-invalid,21141917,18197334,4316584,903959,17760,0
go-kaptinlin,0.9.2,vercel,22782458,17842375,3025291,2106750,19848,0
go-kaptinlin,0.9.2,vercel-invalid,24050625,19133791,3739042,1899416,20360,0
go-kaptinlin,0.9.2,yamllint,2882917,2803041,4513042,364458,19776,0
go-kaptinlin,0.9.2,yamllint-invalid,2693291,2347875,4856416,209375,28004,0
go-kaptinlin,0.9.2,zschema-advanced-rmUniqueItems-invalid,405263917,397826584,47154500,419542,74964,0
go-kaptinlin,0.9.2,zschema-advanced-rmUniqueItems-valid,391627417,379865125,29645791,696709,60168,0
go-kaptinlin,0.9.2,zschema-basic-rmUniqueItems-invalid,8037792,6336500,4934458,510917,17236,0
go-kaptinlin,0.9.2,zschema-basic-rmUniqueItems-valid,7699208,6523625,4979834,817791,17648,0
go-katydid-auto-json,	github.com/katydid/validator-go-jsonschema v0.1.3,ajv-cosmicrealms-rmUniqueItems-invalid,37578875,33742501,0,422388375,117080,0
go-katydid-auto-json,	github.com/katydid/validator-go-jsonschema v0.1.3,ajv-cosmicrealms-rmUniqueItems-valid,48119834,43349751,0,436910375,119332,0
go-katydid-auto-json,	github.com/katydid/validator-go-jsonschema v0.1.3,ansible-meta,4861292,854084,0,93844917,42696,0
go-katydid-auto-json,	github.com/katydid/validator-go-jsonschema v0.1.3,ansible-meta-invalid,5290584,717750,0,97669042,41960,0
go-katydid-auto-json,	github.com/katydid/validator-go-jsonschema v0.1.3,aws-cdk,1363500,1028875,0,343875,17740,0
go-katydid-auto-json,	github.com/katydid/validator-go-jsonschema v0.1.3,aws-cdk-invalid,546875,541708,0,513500,15748,0
go-katydid-auto-json,	github.com/katydid/validator-go-jsonschema v0.1.3,babelrc,679708,578458,0,7055416,20516,0
go-katydid-auto-json,	github.com/katydid/validator-go-jsonschema v0.1.3,babelrc-invalid,860250,714334,0,6743959,21080,0
go-katydid-auto-json,	github.com/katydid/validator-go-jsonschema v0.1.3,clang-format,262208,179416,0,90833084,30164,0
go-katydid-auto-json,	github.com/katydid/validator-go-jsonschema v0.1.3,clang-format-invalid,232834,190958,0,88484459,30000,0
go-katydid-auto-json,	github.com/katydid/validator-go-jsonschema v0.1.3,cmake-presets,11067333,10854375,0,5483868377,578120,0
go-katydid-auto-json,	github.com/katydid/validator-go-jsonschema v0.1.3,cmake-presets-invalid,9430584,9158417,0,5429096586,580264,0
go-katydid-auto-json,	github.com/katydid/validator-go-jsonschema v0.1.3,code-climate,3093583,2930541,0,2233250,18212,0
go-katydid-auto-json,	github.com/katydid/validator-go-jsonschema v0.1.3,code-climate-invalid,3955167,3821541,0,1992917,17992,0
go-katydid-auto-json,	github.com/katydid/validator-go-jsonschema v0.1.3,cypress,1468208,1314750,0,20894750,23156,0
go-katydid-auto-json,	github.com/katydid/validator-go-jsonschema v0.1.3,cypress-invalid,879083,780709,0,21238000,21440,0
go-katydid-auto-json,	github.com/katydid/validator-go-jsonschema v0.1.3,deno-rmUniqueItems,2514917,2361208,0,3563542,18604,0
go-katydid-auto-json,	github.com/katydid/validator-go-jsonschema v0.1.3,deno-rmUniqueItems-invalid,2050292,1378792,0,3670708,17608,0
go-katydid-auto-json,	github.com/katydid/validator-go-jsonschema v0.1.3,dependabot,1929042,1822416,0,4672750,18972,0
go-katydid-auto-json,	github.com/katydid/validator-go-jsonschema v0.1.3,dependabot-invalid,1744708,1581542,0,6533417,20948,0
go-katydid-auto-json,	github.com/katydid/validator-go-jsonschema v0.1.3,draft-04-rmUniqueItems,24336583,22917000,0,31010333,29576,0
go-katydid-auto-json,	github.com/katydid/validator-go-jsonschema v0.1.3,draft-04-rmUniqueItems-invalid,15397250,15241875,0,35432250,28760,0
go-katydid-auto-json,	github.com/katydid/validator-go-jsonschema v0.1.3,example-address-invalid,7393416,6780125,0,8082667,20548,0
go-katydid-auto-json,	github.com/katydid/validator-go-jsonschema v0.1.3,example-address-valid,7334542,7141875,0,7834250,22752,0
go-katydid-auto-json,	github.com/katydid/validator-go-jsonschema v0.1.3,example-blogpost-invalid,18655334,17433125,0,2358625,24596,0
go-katydid-auto-json,	github.com/katydid/validator-go-jsonschema v0.1.3,example-blogpost-valid,17842459,16972083,0,2555084,18424,0
go-katydid-auto-json,	github.com/katydid/validator-go-jsonschema v0.1.3,example-calendar-invalid,18939375,18525666,0,2331292,22376,0
go-katydid-auto-json,	github.com/katydid/validator-go-jsonschema v0.1.3,example-calendar-valid,12195708,11558542,0,2266625,18472,0
go-katydid-auto-json,	github.com/katydid/validator-go-jsonschema v0.1.3,example-devicetype-invalid,11299334,11049750,0,366585167,64936,0
go-katydid-auto-json,	github.com/katydid/validator-go-jsonschema v0.1.3,example-devicetype-valid,6328291,6362250,0,369188583,59616,0
go-katydid-auto-json,	github.com/katydid/validator-go-jsonschema v0.1.3,example-health-record-invalid,23710750,22736542,0,2056458,23364,0
go-katydid-auto-json,	github.com/katydid/validator-go-jsonschema v0.1.3,example-health-record-valid,22445750,20242791,0,2053625,17828,0
go-katydid-auto-json,	github.com/katydid/validator-go-jsonschema v0.1.3,example-job-posting-invalid,12016292,10936750,0,2528667,24300,0
go-katydid-auto-json,	github.com/katydid/validator-go-jsonschema v0.1.3,example-job-posting-valid,7495417,7888042,0,2450917,16780,0
go-katydid-auto-json,	github.com/katydid/validator-go-jsonschema v0.1.3,example-movie-invalid,14891666,13409375,0,1881917,19388,0
go-katydid-auto-json,	github.com/katydid/validator-go-jsonschema v0.1.3,example-movie-valid,9250667,9136875,0,2097000,16628,0
go-katydid-auto-json,	github.com/katydid/validator-go-jsonschema v0.1.3,example-userprofile-invalid,13772875,13021792,0,749458,19732,0
go-katydid-auto-json,	github.com/katydid/validator-go-jsonschema v0.1.3,example-userprofile-valid,10027583,9512334,0,1407083,15484,0
go-katydid-auto-json,	github.com/katydid/validator-go-jsonschema v0.1.3,fabric-mod,2555917,2452167,0,8051792,17984,0
go-katydid-auto-json,	github.com/katydid/validator-go-jsonschema v0.1.3,fabric-mod-invalid,2131750,2034000,0,7640000,18812,0
go-katydid-auto-json,	github.com/katydid/validator-go-jsonschema v0.1.3,geojson,165713750,165232000,0,133428911144,2282756,0
go-katydid-auto-json,	github.com/katydid/validator-go-jsonschema v0.1.3,geojson-invalid,118488125,118023458,0,132331148685,2284432,0
go-katydid-auto-json,	github.com/katydid/validator-go-jsonschema v0.1.3,gitpod-configuration,1567041,1437708,0,12845375,25244,0
go-katydid-auto-json,	github.com/katydid/validator-go-jsonschema v0.1.3,gitpod-configuration-invalid,1442333,1305541,0,13363000,25284,0
go-katydid-auto-json,	github.com/katydid/validator-go-jsonschema v0.1.3,importmap,1245041,1054125,0,333292,19760,0
go-katydid-auto-json,	github.com/katydid/validator-go-jsonschema v0.1.3,importmap-invalid,1242417,1117583,0,277084,17700,0
go-katydid-auto-json,	github.com/katydid/validator-go-jsonschema v0.1.3,jasmine,778792,601333,0,5745292,20684,0
go-katydid-auto-json,	github.com/katydid/validator-go-jsonschema v0.1.3,jasmine-invalid,831375,742541,0,5803500,20756,0
go-katydid-auto-json,	github.com/katydid/validator-go-jsonschema v0.1.3,jsck-complex-invalid,8043000,8270083,0,3383250,22704,0
go-katydid-auto-json,	github.com/katydid/validator-go-jsonschema v0.1.3,jsck-complex-valid,12833542,12358833,0,3639875,20496,0
go-katydid-auto-json,	github.com/katydid/validator-go-jsonschema v0.1.3,jsck-medium-invalid,19467625,17788750,0,2937209,24468,0
go-katydid-auto-json,	github.com/katydid/validator-go-jsonschema v0.1.3,jsck-medium-valid,21250958,19634875,0,2738167,22644,0
go-katydid-auto-json,	github.com/katydid/validator-go-jsonschema v0.1.3,jsconfig-rmUniqueItems,1219750,1080084,0,2129540084,299840,0
go-katydid-auto-json,	github.com/katydid/validator-go-jsonschema v0.1.3,jsconfig-rmUniqueItems-invalid,1248625,1078875,0,2195888709,299840,0
go-katydid-auto-json,	github.com/katydid/validator-go-jsonschema v0.1.3,jshintrc,2417542,2336583,0,5492833,20552,0
go-katydid-auto-json,	github.com/katydid/validator-go-jsonschema v0.1.3,jshintrc-invalid,2116500,1948833,0,5971958,20632,0
go-katydid-auto-json,	github.com/katydid/validator-go-jsonschema v0.1.3,katydid-conf-invalid,13201500,12244000,0,3133792,20304,0
go-katydid-auto-json,	github.com/katydid/validator-go-jsonschema v0.1.3,katydid-conf-valid,16963833,15799041,0,2230458,20256,0
go-katydid-auto-json,	github.com/katydid/validator-go-jsonschema v0.1.3,lazygit-rmUniqueItems,599583,377958,0,1075520583,161760,0
go-katydid-auto-json,	github.com/katydid/validator-go-jsonschema v0.1.3,lazygit-rmUniqueItems-invalid,515167,296500,0,1058455917,167916,0
go-katydid-auto-json,	github.com/katydid/validator-go-jsonschema v0.1.3,lerna,935208,791667,0,2023167,16512,0
go-katydid-auto-json,	github.com/katydid/validator-go-jsonschema v0.1.3,lerna-invalid,933084,816000,0,1730292,15616,0
go-katydid-auto-json,	github.com/katydid/validator-go-jsonschema v0.1.3,nest-cli,1285417,1143292,0,23173625,26976,0
go-katydid-auto-json,	github.com/katydid/validator-go-jsonschema v0.1.3,nest-cli-invalid,1197291,1037583,0,25359791,29600,0
go-katydid-auto-json,	github.com/katydid/validator-go-jsonschema v0.1.3,omnisharp,1678125,1552000,0,4789291,21308,0
go-katydid-auto-json,	github.com/katydid/validator-go-jsonschema v0.1.3,omnisharp-invalid,1663333,1549833,0,4398750,20816,0
go-katydid-auto-json,	github.com/katydid/validator-go-jsonschema v0.1.3,pre-commit-hooks,3512167,1911458,0,3605250,29192,0
go-katydid-auto-json,	github.com/katydid/validator-go-jsonschema v0.1.3,pre-commit-hooks-invalid,2749834,1593958,0,3430125,28608,0
go-katydid-auto-json,	github.com/katydid/validator-go-jsonschema v0.1.3,pulumi,3446916,3444666,0,4928667,20464,0
go-katydid-auto-json,	github.com/katydid/validator-go-jsonschema v0.1.3,pulumi-invalid,3363833,4935583,0,5673583,20608,0
go-katydid-auto-json,	github.com/katydid/validator-go-jsonschema v0.1.3,semantic-release,1214125,1112958,0,1560208,20140,0
go-katydid-auto-json,	github.com/katydid/validator-go-jsonschema v0.1.3,semantic-release-invalid,1491708,1342625,0,1766125,16128,0
go-katydid-auto-json,	github.com/katydid/validator-go-jsonschema v0.1.3,stale,1090042,1093875,0,2999125,18096,0
go-katydid-auto-json,	github.com/katydid/validator-go-jsonschema v0.1.3,stale-invalid,1314833,1236375,0,2929709,18072,0
go-katydid-auto-json,	github.com/katydid/validator-go-jsonschema v0.1.3,stylecop-rmUniqueItems,1638334,1570584,0,6937708,20780,0
go-katydid-auto-json,	github.com/katydid/validator-go-jsonschema v0.1.3,stylecop-rmUniqueItems-invalid,1376833,1255667,0,6382916,23312,0
go-katydid-auto-json,	github.com/katydid/validator-go-jsonschema v0.1.3,tmuxinator,952917,712958,0,1822041,18504,0
go-katydid-auto-json,	github.com/katydid/validator-go-jsonschema v0.1.3,tmuxinator-invalid,814208,566459,0,1730042,18344,0
go-katydid-auto-json,	github.com/katydid/validator-go-jsonschema v0.1.3,ui5,30002042,8622459,0,13334542,34688,0
go-katydid-auto-json,	github.com/katydid/validator-go-jsonschema v0.1.3,ui5-invalid,57812167,11074958,0,13038958,68324,0
go-katydid-auto-json,	github.com/katydid/validator-go-jsonschema v0.1.3,unreal-engine-uproject-rmUniqueItems,1832417,1659042,0,2857292,18440,0
go-katydid-auto-json,	github.com/katydid/validator-go-jsonschema v0.1.3,unreal-engine-uproject-rmUniqueItems-invalid,1529792,1364167,0,2889917,18320,0
go-katydid-auto-json,	github.com/katydid/validator-go-jsonschema v0.1.3,vercel,1415917,1124583,0,645917499,365360,0
go-katydid-auto-json,	github.com/katydid/validator-go-jsonschema v0.1.3,vercel-invalid,1114208,870917,0,650062417,359428,0
go-katydid-auto-json,	github.com/katydid/validator-go-jsonschema v0.1.3,yamllint,2105417,920334,0,298500,17700,0
go-katydid-auto-json,	github.com/katydid/validator-go-jsonschema v0.1.3,yamllint-invalid,1283792,1057833,0,365500,17420,0
go-katydid-auto-json,	github.com/katydid/validator-go-jsonschema v0.1.3,zschema-advanced-rmUniqueItems-invalid,23414042,21794625,0,2944500,24736,0
go-katydid-auto-json,	github.com/katydid/validator-go-jsonschema v0.1.3,zschema-advanced-rmUniqueItems-valid,25312875,23354750,0,1469084,24164,0
go-katydid-auto-json,	github.com/katydid/validator-go-jsonschema v0.1.3,zschema-basic-rmUniqueItems-invalid,1921583,1669334,0,2371083,17964,0
go-katydid-auto-json,	github.com/katydid/validator-go-jsonschema v0.1.3,zschema-basic-rmUniqueItems-valid,2106583,1884375,0,2662667,16200,0
go-katydid-auto-reflect,	github.com/katydid/validator-go-jsonschema v0.1.3,ajv-cosmicrealms-rmUniqueItems-invalid,33318250,29422500,57329084,441662376,121384,0
go-katydid-auto-reflect,	github.com/katydid/validator-go-jsonschema v0.1.3,ajv-cosmicrealms-rmUniqueItems-valid,57689792,59457000,42114542,423385625,136192,0
go-katydid-auto-reflect,	github.com/katydid/validator-go-jsonschema v0.1.3,ansible-meta,14298416,4687125,777917,95031875,45048,0
go-katydid-auto-reflect,	github.com/katydid/validator-go-jsonschema v0.1.3,ansible-meta-invalid,14295875,7839458,910208,90653167,49184,0
go-katydid-auto-reflect,	github.com/katydid/validator-go-jsonschema v0.1.3,aws-cdk,402208,384333,3383917,556958,17960,0
go-katydid-auto-reflect,	github.com/katydid/validator-go-jsonschema v0.1.3,aws-cdk-invalid,229958,197250,2212834,427875,18000,0
go-katydid-auto-reflect,	github.com/katydid/validator-go-jsonschema v0.1.3,babelrc,625916,613125,1606625,7947667,20776,0
go-katydid-auto-reflect,	github.com/katydid/validator-go-jsonschema v0.1.3,babelrc-invalid,563334,519959,2134583,5977500,20780,0
go-katydid-auto-reflect,	github.com/katydid/validator-go-jsonschema v0.1.3,clang-format,253833,233291,375792,94357250,29872,0
go-katydid-auto-reflect,	github.com/katydid/validator-go-jsonschema v0.1.3,clang-format-invalid,137083,127458,494125,94046625,28224,0
go-katydid-auto-reflect,	github.com/katydid/validator-go-jsonschema v0.1.3,cmake-presets,14993625,14756291,16385208,5501902836,576520,0
go-katydid-auto-reflect,	github.com/katydid/validator-go-jsonschema v0.1.3,cmake-presets-invalid,10714334,9889334,16194125,5456664794,578808,0
go-katydid-auto-reflect,	github.com/katydid/validator-go-jsonschema v0.1.3,code-climate,3030375,2395250,7803167,1971041,27092,0
go-katydid-auto-reflect,	github.com/katydid/validator-go-jsonschema v0.1.3,code-climate-invalid,4049916,3850917,11005584,2347250,31436,0
go-katydid-auto-reflect,	github.com/katydid/validator-go-jsonschema v0.1.3,cypress,763292,729458,3683167,22024833,22948,0
go-katydid-auto-reflect,	github.com/katydid/validator-go-jsonschema v0.1.3,cypress-invalid,776459,715959,2209209,20072333,21732,0
go-katydid-auto-reflect,	github.com/katydid/validator-go-jsonschema v0.1.3,deno-rmUniqueItems,1818583,1692000,7207958,3695834,23456,0
go-katydid-auto-reflect,	github.com/katydid/validator-go-jsonschema v0.1.3,deno-rmUniqueItems-invalid,1143959,1138334,3250500,3683667,21272,0
go-katydid-auto-reflect,	github.com/katydid/validator-go-jsonschema v0.1.3,dependabot,2845166,2763167,3615458,4717334,21256,0
go-katydid-auto-reflect,	github.com/katydid/validator-go-jsonschema v0.1.3,dependabot-invalid,1589500,1547959,3830667,4658125,21312,0
go-katydid-auto-reflect,	github.com/katydid/validator-go-jsonschema v0.1.3,draft-04-rmUniqueItems,28479792,26617458,46019375,31015417,86408,0
go-katydid-auto-reflect,	github.com/katydid/validator-go-jsonschema v0.1.3,draft-04-rmUniqueItems-invalid,14166917,13089208,44341291,30705083,69628,0
go-katydid-auto-reflect,	github.com/katydid/validator-go-jsonschema v0.1.3,example-address-invalid,7557833,7528916,11621167,7454250,31656,0
go-katydid-auto-reflect,	github.com/katydid/validator-go-jsonschema v0.1.3,example-address-valid,8426500,8067292,12753375,7357042,29468,0
go-katydid-auto-reflect,	github.com/katydid/validator-go-jsonschema v0.1.3,example-blogpost-invalid,14436209,11243125,40539833,2202042,47924,0
go-katydid-auto-reflect,	github.com/katydid/validator-go-jsonschema v0.1.3,example-blogpost-valid,18701167,20571500,25489750,1972708,39708,0
go-katydid-auto-reflect,	github.com/katydid/validator-go-jsonschema v0.1.3,example-calendar-invalid,11058000,8855750,47491709,1996375,49944,0
go-katydid-auto-reflect,	github.com/katydid/validator-go-jsonschema v0.1.3,example-calendar-valid,15482958,18195792,21457583,1805583,39756,0
go-katydid-auto-reflect,	github.com/katydid/validator-go-jsonschema v0.1.3,example-devicetype-invalid,6332583,6133208,27245000,358333625,63616,0
go-katydid-auto-reflect,	github.com/katydid/validator-go-jsonschema v0.1.3,example-devicetype-valid,7473292,8970833,7560708,361057334,61660,0
go-katydid-auto-reflect,	github.com/katydid/validator-go-jsonschema v0.1.3,example-health-record-invalid,16301250,14368125,50055625,2256750,54464,0
go-katydid-auto-reflect,	github.com/katydid/validator-go-jsonschema v0.1.3,example-health-record-valid,24129166,24647917,29656834,2015459,41912,0
go-katydid-auto-reflect,	github.com/katydid/validator-go-jsonschema v0.1.3,example-job-posting-invalid,5528333,5519375,29123750,2683416,39620,0
go-katydid-auto-reflect,	github.com/katydid/validator-go-jsonschema v0.1.3,example-job-posting-valid,9939875,8543333,11837125,2699167,27224,0
go-katydid-auto-reflect,	github.com/katydid/validator-go-jsonschema v0.1.3,example-movie-invalid,6265291,6198375,34486500,2385708,43744,0
go-katydid-auto-reflect,	github.com/katydid/validator-go-jsonschema v0.1.3,example-movie-valid,13312000,9739917,13247500,2079250,27184,0
go-katydid-auto-reflect,	github.com/katydid/validator-go-jsonschema v0.1.3,example-userprofile-invalid,6560167,6625625,33155958,694916,39476,0
go-katydid-auto-reflect,	github.com/katydid/validator-go-jsonschema v0.1.3,example-userprofile-valid,11802583,10682666,12608000,1440958,29064,0
go-katydid-auto-reflect,	github.com/katydid/validator-go-jsonschema v0.1.3,fabric-mod,4607209,3138500,5003291,6909500,23284,0
go-katydid-auto-reflect,	github.com/katydid/validator-go-jsonschema v0.1.3,fabric-mod-invalid,1961542,1895625,5812625,10063708,21424,0
go-katydid-auto-reflect,	github.com/katydid/validator-go-jsonschema v0.1.3,geojson,262905708,258816250,265046917,135552817770,2294872,0
go-katydid-auto-reflect,	github.com/katydid/validator-go-jsonschema v0.1.3,geojson-invalid,130744292,130896792,187227292,134513499354,2299864,0
go-katydid-auto-reflect,	github.com/katydid/validator-go-jsonschema v0.1.3,gitpod-configuration,1769625,1715250,2488500,12355875,27772,0
go-katydid-auto-reflect,	github.com/katydid/validator-go-jsonschema v0.1.3,gitpod-configuration-invalid,1016167,957834,3054666,15613125,27808,0
go-katydid-auto-reflect,	github.com/katydid/validator-go-jsonschema v0.1.3,importmap,1268750,1193708,3355708,243291,18100,0
go-katydid-auto-reflect,	github.com/katydid/validator-go-jsonschema v0.1.3,importmap-invalid,844916,662625,4033583,453416,18088,0
go-katydid-auto-reflect,	github.com/katydid/validator-go-jsonschema v0.1.3,jasmine,705292,697958,1019167,6198125,20680,0
go-katydid-auto-reflect,	github.com/katydid/validator-go-jsonschema v0.1.3,jasmine-invalid,770125,733625,1423958,6410375,20900,0
go-katydid-auto-reflect,	github.com/katydid/validator-go-jsonschema v0.1.3,jsck-complex-invalid,6047875,5795084,17378791,5738209,35356,0
go-katydid-auto-reflect,	github.com/katydid/validator-go-jsonschema v0.1.3,jsck-complex-valid,16210583,15954959,19144916,3747000,39552,0
go-katydid-auto-reflect,	github.com/katydid/validator-go-jsonschema v0.1.3,jsck-medium-invalid,15785083,13692750,40894334,2839291,69324,0
go-katydid-auto-reflect,	github.com/katydid/validator-go-jsonschema v0.1.3,jsck-medium-valid,27069125,28513875,28656416,2940375,65112,0
go-katydid-auto-reflect,	github.com/katydid/validator-go-jsonschema v0.1.3,jsconfig-rmUniqueItems,1460042,1452750,1466625,2066362792,296292,0
go-katydid-auto-reflect,	github.com/katydid/validator-go-jsonschema v0.1.3,jsconfig-rmUniqueItems-invalid,1159875,1115292,1856083,2058289376,295724,0
go-katydid-auto-reflect,	github.com/katydid/validator-go-jsonschema v0.1.3,jshintrc,3022375,2947792,3982000,5469875,21128,0
go-katydid-auto-reflect,	github.com/katydid/validator-go-jsonschema v0.1.3,jshintrc-invalid,1674417,1564250,4446833,5237208,23152,0
go-katydid-auto-reflect,	github.com/katydid/validator-go-jsonschema v0.1.3,katydid-conf-invalid,10872750,11433416,22522916,2499958,41536,0
go-katydid-auto-reflect,	github.com/katydid/validator-go-jsonschema v0.1.3,katydid-conf-valid,19619750,16852542,24447125,1997250,46040,0
go-katydid-auto-reflect,	github.com/katydid/validator-go-jsonschema v0.1.3,lazygit-rmUniqueItems,718292,557667,676375,1021408501,169692,0
go-katydid-auto-reflect,	github.com/katydid/validator-go-jsonschema v0.1.3,lazygit-rmUniqueItems-invalid,449750,328667,774833,1022650334,167772,0
go-katydid-auto-reflect,	github.com/katydid/validator-go-jsonschema v0.1.3,lerna,959208,938958,1414750,1933208,18588,0
go-katydid-auto-reflect,	github.com/katydid/validator-go-jsonschema v0.1.3,lerna-invalid,659750,622750,1791375,1564625,20684,0
go-katydid-auto-reflect,	github.com/katydid/validator-go-jsonschema v0.1.3,nest-cli,1534625,1473416,2005625,21236750,30104,0
go-katydid-auto-reflect,	github.com/katydid/validator-go-jsonschema v0.1.3,nest-cli-invalid,948333,829125,2350125,21377541,30096,0
go-katydid-auto-reflect,	github.com/katydid/validator-go-jsonschema v0.1.3,omnisharp,1961417,2032250,4266334,4784083,21236,0
go-katydid-auto-reflect,	github.com/katydid/validator-go-jsonschema v0.1.3,omnisharp-invalid,1426750,1299167,4531875,4853834,21260,0
go-katydid-auto-reflect,	github.com/katydid/validator-go-jsonschema v0.1.3,pre-commit-hooks,2242208,2216292,4159958,3467667,18728,0
go-katydid-auto-reflect,	github.com/katydid/validator-go-jsonschema v0.1.3,pre-commit-hooks-invalid,1148500,1106334,4470875,3665166,19124,0
go-katydid-auto-reflect,	github.com/katydid/validator-go-jsonschema v0.1.3,pulumi,3524208,3299292,8817292,5398417,27424,0
go-katydid-auto-reflect,	github.com/katydid/validator-go-jsonschema v0.1.3,pulumi-invalid,2487708,2217416,8447958,4994667,27704,0
go-katydid-auto-reflect,	github.com/katydid/validator-go-jsonschema v0.1.3,semantic-release,821500,767875,2690708,1611375,18532,0
go-katydid-auto-reflect,	github.com/katydid/validator-go-jsonschema v0.1.3,semantic-release-invalid,561875,506083,3532875,3926750,18384,0
go-katydid-auto-reflect,	github.com/katydid/validator-go-jsonschema v0.1.3,stale,1146708,1105416,3130750,3211334,20900,0
go-katydid-auto-reflect,	github.com/katydid/validator-go-jsonschema v0.1.3,stale-invalid,1103584,1062792,3352750,3240667,18720,0
go-katydid-auto-reflect,	github.com/katydid/validator-go-jsonschema v0.1.3,stylecop-rmUniqueItems,1843125,1815834,3111042,6250292,23664,0
go-katydid-auto-reflect,	github.com/katydid/validator-go-jsonschema v0.1.3,stylecop-rmUniqueItems-invalid,1189250,1160500,3493875,6197416,23456,0
go-katydid-auto-reflect,	github.com/katydid/validator-go-jsonschema v0.1.3,tmuxinator,670834,589791,1733750,2091125,18592,0
go-katydid-auto-reflect,	github.com/katydid/validator-go-jsonschema v0.1.3,tmuxinator-invalid,300375,268958,1770916,1757959,18596,0
go-katydid-auto-reflect,	github.com/katydid/validator-go-jsonschema v0.1.3,ui5,87571917,27141958,3470792,13058167,125396,0
go-katydid-auto-reflect,	github.com/katydid/validator-go-jsonschema v0.1.3,ui5-invalid,86751708,28155500,3819459,13163708,123184,0
go-katydid-auto-reflect,	github.com/katydid/validator-go-jsonschema v0.1.3,unreal-engine-uproject-rmUniqueItems,2224291,2173208,3179333,2940417,20788,0
go-katydid-auto-reflect,	github.com/katydid/validator-go-jsonschema v0.1.3,unreal-engine-uproject-rmUniqueItems-invalid,1290709,1219917,3383000,3182042,21040,0
go-katydid-auto-reflect,	github.com/katydid/validator-go-jsonschema v0.1.3,vercel,1736209,1615667,2170041,654337042,361304,0
go-katydid-auto-reflect,	github.com/katydid/validator-go-jsonschema v0.1.3,vercel-invalid,979000,841292,2882500,653629625,375796,0
go-katydid-auto-reflect,	github.com/katydid/validator-go-jsonschema v0.1.3,yamllint,386625,346125,3536000,336167,18072,0
go-katydid-auto-reflect,	github.com/katydid/validator-go-jsonschema v0.1.3,yamllint-invalid,332541,322833,3684917,347792,16036,0
go-katydid-auto-reflect,	github.com/katydid/validator-go-jsonschema v0.1.3,zschema-advanced-rmUniqueItems-invalid,14118458,14130084,46869667,2251917,65064,0
go-katydid-auto-reflect,	github.com/katydid/validator-go-jsonschema v0.1.3,zschema-advanced-rmUniqueItems-valid,28061416,27896833,27623292,1965083,62872,0
go-katydid-auto-reflect,	github.com/katydid/validator-go-jsonschema v0.1.3,zschema-basic-rmUniqueItems-invalid,783708,1642458,4261042,2193625,20912,0
go-katydid-auto-reflect,	github.com/katydid/validator-go-jsonschema v0.1.3,zschema-basic-rmUniqueItems-valid,2318875,1419583,3918542,2298792,20676,0
go-katydid-mem-json,	github.com/katydid/validator-go-jsonschema v0.1.3,ajv-cosmicrealms-rmUniqueItems-invalid,483409792,53035875,0,642750,334228,0
go-katydid-mem-json,	github.com/katydid/validator-go-jsonschema v0.1.3,ajv-cosmicrealms-rmUniqueItems-valid,591101083,67401875,0,1414375,382316,0
go-katydid-mem-json,	github.com/katydid/validator-go-jsonschema v0.1.3,ansible-meta,6323125,873708,0,3231417,21160,0
go-katydid-mem-json,	github.com/katydid/validator-go-jsonschema v0.1.3,ansible-meta-invalid,6192875,696041,0,3375792,21356,0
go-katydid-mem-json,	github.com/katydid/validator-go-jsonschema v0.1.3,aws-cdk,1322583,1001000,0,330375,20016,0
go-katydid-mem-json,	github.com/katydid/validator-go-jsonschema v0.1.3,aws-cdk-invalid,777041,458458,0,435000,17832,0
go-katydid-mem-json,	github.com/katydid/validator-go-jsonschema v0.1.3,babelrc,1502916,645125,0,1653500,18056,0
go-katydid-mem-json,	github.com/katydid/validator-go-jsonschema v0.1.3,babelrc-invalid,1407250,707292,0,1505459,17928,0
go-katydid-mem-json,	github.com/katydid/validator-go-jsonschema v0.1.3,clang-format,36445583,192334,0,8711125,44468,0
go-katydid-mem-json,	github.com/katydid/validator-go-jsonschema v0.1.3,clang-format-invalid,40498834,160375,0,8582583,46892,0
go-katydid-mem-json,	github.com/katydid/validator-go-jsonschema v0.1.3,cmake-presets,31210291,12743041,0,5587083,29920,0
go-katydid-mem-json,	github.com/katydid/validator-go-jsonschema v0.1.3,cmake-presets-invalid,34218500,11495500,0,6556292,40784,0
go-katydid-mem-json,	github.com/katydid/validator-go-jsonschema v0.1.3,code-climate,3778166,3180958,0,1934250,20160,0
go-katydid-mem-json,	github.com/katydid/validator-go-jsonschema v0.1.3,code-climate-invalid,4818708,4056833,0,1787291,18228,0
go-katydid-mem-json,	github.com/katydid/validator-go-jsonschema v0.1.3,cypress,3979583,1580833,0,1932875,18212,0
go-katydid-mem-json,	github.com/katydid/validator-go-jsonschema v0.1.3,cypress-invalid,3420875,927709,0,1994000,20372,0
go-katydid-mem-json,	github.com/katydid/validator-go-jsonschema v0.1.3,deno-rmUniqueItems,4538583,2491917,0,2131959,20840,0
go-katydid-mem-json,	github.com/katydid/validator-go-jsonschema v0.1.3,deno-rmUniqueItems-invalid,2687541,1452125,0,2692958,20616,0
go-katydid-mem-json,	github.com/katydid/validator-go-jsonschema v0.1.3,dependabot,2970959,2014334,0,2393500,18220,0
go-katydid-mem-json,	github.com/katydid/validator-go-jsonschema v0.1.3,dependabot-invalid,2655292,1660583,0,1796666,18352,0
go-katydid-mem-json,	github.com/katydid/validator-go-jsonschema v0.1.3,draft-04-rmUniqueItems,63721542,58383209,0,1480000,26540,0
go-katydid-mem-json,	github.com/katydid/validator-go-jsonschema v0.1.3,draft-04-rmUniqueItems-invalid,27229458,23373000,0,1340000,24912,0
go-katydid-mem-json,	github.com/katydid/validator-go-jsonschema v0.1.3,example-address-invalid,10584000,8065292,0,388625,20120,0
go-katydid-mem-json,	github.com/katydid/validator-go-jsonschema v0.1.3,example-address-valid,13281292,8695125,0,353083,20564,0
go-katydid-mem-json,	github.com/katydid/validator-go-jsonschema v0.1.3,example-blogpost-invalid,20386375,18207958,0,310417,22452,0
go-katydid-mem-json,	github.com/katydid/validator-go-jsonschema v0.1.3,example-blogpost-valid,21682667,18808166,0,313375,20064,0
go-katydid-mem-json,	github.com/katydid/validator-go-jsonschema v0.1.3,example-calendar-invalid,19933250,17148125,0,902375,24300,0
go-katydid-mem-json,	github.com/katydid/validator-go-jsonschema v0.1.3,example-calendar-valid,15066500,13274459,0,471584,20388,0
go-katydid-mem-json,	github.com/katydid/validator-go-jsonschema v0.1.3,example-devicetype-invalid,18934250,12005708,0,317208,22328,0
go-katydid-mem-json,	github.com/katydid/validator-go-jsonschema v0.1.3,example-devicetype-valid,12270250,8038416,0,569292,18276,0
go-katydid-mem-json,	github.com/katydid/validator-go-jsonschema v0.1.3,example-health-record-invalid,27471583,23942000,0,327584,24304,0
go-katydid-mem-json,	github.com/katydid/validator-go-jsonschema v0.1.3,example-health-record-valid,26727958,23929541,0,467333,22432,0
go-katydid-mem-json,	github.com/katydid/validator-go-jsonschema v0.1.3,example-job-posting-invalid,13191542,11012500,0,275166,21996,0
go-katydid-mem-json,	github.com/katydid/validator-go-jsonschema v0.1.3,example-job-posting-valid,10162417,8285375,0,620042,18164,0
go-katydid-mem-json,	github.com/katydid/validator-go-jsonschema v0.1.3,example-movie-invalid,15563208,13696750,0,296083,24044,0
go-katydid-mem-json,	github.com/katydid/validator-go-jsonschema v0.1.3,example-movie-valid,11371042,9771375,0,616125,17984,0
go-katydid-mem-json,	github.com/katydid/validator-go-jsonschema v0.1.3,example-userprofile-invalid,15619583,12819125,0,248625,22180,0
go-katydid-mem-json,	github.com/katydid/validator-go-jsonschema v0.1.3,example-userprofile-valid,11918500,10266292,0,292708,18000,0
go-katydid-mem-json,	github.com/katydid/validator-go-jsonschema v0.1.3,fabric-mod,4148375,2558542,0,2062917,18560,0
go-katydid-mem-json,	github.com/katydid/validator-go-jsonschema v0.1.3,fabric-mod-invalid,3055792,1984292,0,1953750,18468,0
go-katydid-mem-json,	github.com/katydid/validator-go-jsonschema v0.1.3,geojson,204203000,195062250,0,5591709,49712,0
go-katydid-mem-json,	github.com/katydid/validator-go-jsonschema v0.1.3,geojson-invalid,141682916,131380375,0,5384250,47776,0
go-katydid-mem-json,	github.com/katydid/validator-go-jsonschema v0.1.3,gitpod-configuration,2351875,1405000,0,2088167,16448,0
go-katydid-mem-json,	github.com/katydid/validator-go-jsonschema v0.1.3,gitpod-configuration-invalid,2200917,1205791,0,1818959,18492,0
go-katydid-mem-json,	github.com/katydid/validator-go-jsonschema v0.1.3,importmap,1417458,1097292,0,261208,19916,0
go-katydid-mem-json,	github.com/katydid/validator-go-jsonschema v0.1.3,importmap-invalid,1505000,1070000,0,209708,17884,0
go-katydid-mem-json,	github.com/katydid/validator-go-jsonschema v0.1.3,jasmine,2266583,658708,0,376875,17956,0
go-katydid-mem-json,	github.com/katydid/validator-go-jsonschema v0.1.3,jasmine-invalid,2434333,848042,0,471541,16044,0
go-katydid-mem-json,	github.com/katydid/validator-go-jsonschema v0.1.3,jsck-complex-invalid,12122750,7757917,0,1798167,20808,0
go-katydid-mem-json,	github.com/katydid/validator-go-jsonschema v0.1.3,jsck-complex-valid,16695667,12984000,0,644916,20468,0
go-katydid-mem-json,	github.com/katydid/validator-go-jsonschema v0.1.3,jsck-medium-invalid,21559459,18730500,0,397541,31528,0
go-katydid-mem-json,	github.com/katydid/validator-go-jsonschema v0.1.3,jsck-medium-valid,25356375,21521458,0,468666,27036,0
go-katydid-mem-json,	github.com/katydid/validator-go-jsonschema v0.1.3,jsconfig-rmUniqueItems,7549166,1557583,0,4403750,25624,0
go-katydid-mem-json,	github.com/katydid/validator-go-jsonschema v0.1.3,jsconfig-rmUniqueItems-invalid,7885750,1605292,0,4211959,23648,0
go-katydid-mem-json,	github.com/katydid/validator-go-jsonschema v0.1.3,jshintrc,14143125,9558542,0,1936042,20728,0
go-katydid-mem-json,	github.com/katydid/validator-go-jsonschema v0.1.3,jshintrc-invalid,8311417,4090375,0,2145916,20620,0
go-katydid-mem-json,	github.com/katydid/validator-go-jsonschema v0.1.3,katydid-conf-invalid,15813666,13275333,0,524167,20460,0
go-katydid-mem-json,	github.com/katydid/validator-go-jsonschema v0.1.3,katydid-conf-valid,19963958,18436000,0,533750,19936,0
go-katydid-mem-json,	github.com/katydid/validator-go-jsonschema v0.1.3,lazygit-rmUniqueItems,6507042,474583,0,5157625,21580,0
go-katydid-mem-json,	github.com/katydid/validator-go-jsonschema v0.1.3,lazygit-rmUniqueItems-invalid,3379542,371000,0,4902833,21084,0
go-katydid-mem-json,	github.com/katydid/validator-go-jsonschema v0.1.3,lerna,1232667,891000,0,1694417,18236,0
go-katydid-mem-json,	github.com/katydid/validator-go-jsonschema v0.1.3,lerna-invalid,1225917,874958,0,509208,18164,0
go-katydid-mem-json,	github.com/katydid/validator-go-jsonschema v0.1.3,nest-cli,2571125,1283542,0,2090875,16280,0
go-katydid-mem-json,	github.com/katydid/validator-go-jsonschema v0.1.3,nest-cli-invalid,2265000,1121416,0,1924417,20388,0
go-katydid-mem-json,	github.com/katydid/validator-go-jsonschema v0.1.3,omnisharp,5011375,2154208,0,2518083,21004,0
go-katydid-mem-json,	github.com/katydid/validator-go-jsonschema v0.1.3,omnisharp-invalid,4545208,1672750,0,2332125,18980,0
go-katydid-mem-json,	github.com/katydid/validator-go-jsonschema v0.1.3,pre-commit-hooks,4700125,2020875,0,1479459,28976,0
go-katydid-mem-json,	github.com/katydid/validator-go-jsonschema v0.1.3,pre-commit-hooks-invalid,3648667,1825750,0,1514084,26724,0
go-katydid-mem-json,	github.com/katydid/validator-go-jsonschema v0.1.3,pulumi,4664500,3488167,0,2052917,18036,0
go-katydid-mem-json,	github.com/katydid/validator-go-jsonschema v0.1.3,pulumi-invalid,4413625,3415500,0,2087042,18356,0
go-katydid-mem-json,	github.com/katydid/validator-go-jsonschema v0.1.3,semantic-release,1497458,1178375,0,543208,19976,0
go-katydid-mem-json,	github.com/katydid/validator-go-jsonschema v0.1.3,semantic-release-invalid,1650458,1095709,0,366625,17960,0
go-katydid-mem-json,	github.com/katydid/validator-go-jsonschema v0.1.3,stale,1830375,1109375,0,512333,18008,0
go-katydid-mem-json,	github.com/katydid/validator-go-jsonschema v0.1.3,stale-invalid,2092083,1244708,0,558292,18240,0
go-katydid-mem-json,	github.com/katydid/validator-go-jsonschema v0.1.3,stylecop-rmUniqueItems,3149416,1582166,0,2444667,18576,0
go-katydid-mem-json,	github.com/katydid/validator-go-jsonschema v0.1.3,stylecop-rmUniqueItems-invalid,2216500,1352958,0,1876667,18504,0
go-katydid-mem-json,	github.com/katydid/validator-go-jsonschema v0.1.3,tmuxinator,1077209,707500,0,706542,18212,0
go-katydid-mem-json,	github.com/katydid/validator-go-jsonschema v0.1.3,tmuxinator-invalid,1035084,583541,0,1001458,18208,0
go-katydid-mem-json,	github.com/katydid/validator-go-jsonschema v0.1.3,ui5,29529834,8417291,0,6558417,34824,0
go-katydid-mem-json,	github.com/katydid/validator-go-jsonschema v0.1.3,ui5-invalid,55680208,10062667,0,6711584,68312,0
go-katydid-mem-json,	github.com/katydid/validator-go-jsonschema v0.1.3,unreal-engine-uproject-rmUniqueItems,2333666,1871084,0,1766959,18144,0
go-katydid-mem-json,	github.com/katydid/validator-go-jsonschema v0.1.3,unreal-engine-uproject-rmUniqueItems-invalid,2244208,1514625,0,1502792,18216,0
go-katydid-mem-json,	github.com/katydid/validator-go-jsonschema v0.1.3,vercel,52967416,1272958,0,12674958,65692,0
go-katydid-mem-json,	github.com/katydid/validator-go-jsonschema v0.1.3,vercel-invalid,36905917,1084750,0,15399375,46512,0
go-katydid-mem-json,	github.com/katydid/validator-go-jsonschema v0.1.3,yamllint,1145917,877459,0,264750,18020,0
go-katydid-mem-json,	github.com/katydid/validator-go-jsonschema v0.1.3,yamllint-invalid,1270167,981458,0,411917,18016,0
go-katydid-mem-json,	github.com/katydid/validator-go-jsonschema v0.1.3,zschema-advanced-rmUniqueItems-invalid,26301916,23113542,0,802792,24444,0
go-katydid-mem-json,	github.com/katydid/validator-go-jsonschema v0.1.3,zschema-advanced-rmUniqueItems-valid,29499833,26651666,0,1452584,20280,0
go-katydid-mem-json,	github.com/katydid/validator-go-jsonschema v0.1.3,zschema-basic-rmUniqueItems-invalid,2540333,1645542,0,530333,17972,0
go-katydid-mem-json,	github.com/katydid/validator-go-jsonschema v0.1.3,zschema-basic-rmUniqueItems-valid,2727792,1943959,0,454417,20032,0
go-katydid-mem-reflect,	github.com/katydid/validator-go-jsonschema v0.1.3,ajv-cosmicrealms-rmUniqueItems-invalid,439225792,48218292,57577209,837792,554196,0
go-katydid-mem-reflect,	github.com/katydid/validator-go-jsonschema v0.1.3,ajv-cosmicrealms-rmUniqueItems-valid,563746583,75550375,45134667,816750,498004,0
go-katydid-mem-reflect,	github.com/katydid/validator-go-jsonschema v0.1.3,ansible-meta,13179708,1066917,839666,3339959,74816,0
go-katydid-mem-reflect,	github.com/katydid/validator-go-jsonschema v0.1.3,ansible-meta-invalid,18409042,832584,890708,3273625,108112,0
go-katydid-mem-reflect,	github.com/katydid/validator-go-jsonschema v0.1.3,aws-cdk,549625,405833,3274500,312458,25172,0
go-katydid-mem-reflect,	github.com/katydid/validator-go-jsonschema v0.1.3,aws-cdk-invalid,329334,234959,1443833,551042,22664,0
go-katydid-mem-reflect,	github.com/katydid/validator-go-jsonschema v0.1.3,babelrc,1218916,701125,1517292,856916,22784,0
go-katydid-mem-reflect,	github.com/katydid/validator-go-jsonschema v0.1.3,babelrc-invalid,1154042,582250,1806958,583458,25064,0
go-katydid-mem-reflect,	github.com/katydid/validator-go-jsonschema v0.1.3,clang-format,45431709,270042,329541,8469792,57512,0
go-katydid-mem-reflect,	github.com/katydid/validator-go-jsonschema v0.1.3,clang-format-invalid,42405959,167375,426000,7989541,53084,0
go-katydid-mem-reflect,	github.com/katydid/validator-go-jsonschema v0.1.3,cmake-presets,46913458,16604041,19866375,6168959,102788,0
go-katydid-mem-reflect,	github.com/katydid/validator-go-jsonschema v0.1.3,cmake-presets-invalid,57652416,13048833,19397500,6126500,151704,0
go-katydid-mem-reflect,	github.com/katydid/validator-go-jsonschema v0.1.3,code-climate,3060125,2506125,7353041,1753833,40284,0
go-katydid-mem-reflect,	github.com/katydid/validator-go-jsonschema v0.1.3,code-climate-invalid,5549958,4546417,8604208,1894458,41900,0
go-katydid-mem-reflect,	github.com/katydid/validator-go-jsonschema v0.1.3,cypress,3077584,1092833,4280250,2107208,29916,0
go-katydid-mem-reflect,	github.com/katydid/validator-go-jsonschema v0.1.3,cypress-invalid,4123625,910792,1608583,2180542,27680,0
go-katydid-mem-reflect,	github.com/katydid/validator-go-jsonschema v0.1.3,deno-rmUniqueItems,3054000,1931375,7789375,2774625,33836,0
go-katydid-mem-reflect,	github.com/katydid/validator-go-jsonschema v0.1.3,deno-rmUniqueItems-invalid,2724792,1334542,4169542,2147917,27676,0
go-katydid-mem-reflect,	github.com/katydid/validator-go-jsonschema v0.1.3,dependabot,4958709,3555334,3300541,1875167,31544,0
go-katydid-mem-reflect,	github.com/katydid/validator-go-jsonschema v0.1.3,dependabot-invalid,3550291,1871500,3778167,1862917,29720,0
go-katydid-mem-reflect,	github.com/katydid/validator-go-jsonschema v0.1.3,draft-04-rmUniqueItems,71167292,67732333,46295667,1774375,96560,0
go-katydid-mem-reflect,	github.com/katydid/validator-go-jsonschema v0.1.3,draft-04-rmUniqueItems-invalid,35470084,31372666,43209167,1468708,90308,0
go-katydid-mem-reflect,	github.com/katydid/validator-go-jsonschema v0.1.3,example-address-invalid,12753417,11028833,11748875,366000,35896,0
go-katydid-mem-reflect,	github.com/katydid/validator-go-jsonschema v0.1.3,example-address-valid,13858417,10883542,11382500,521959,38644,0
go-katydid-mem-reflect,	github.com/katydid/validator-go-jsonschema v0.1.3,example-blogpost-invalid,15848292,13039416,37492417,438875,61212,0
go-katydid-mem-reflect,	github.com/katydid/validator-go-jsonschema v0.1.3,example-blogpost-valid,25512041,23741375,23708291,717958,50824,0
go-katydid-mem-reflect,	github.com/katydid/validator-go-jsonschema v0.1.3,example-calendar-invalid,12784875,10002458,47305375,476625,72260,0
go-katydid-mem-reflect,	github.com/katydid/validator-go-jsonschema v0.1.3,example-calendar-valid,20183250,17871500,20864417,798583,50856,0
go-katydid-mem-reflect,	github.com/katydid/validator-go-jsonschema v0.1.3,example-devicetype-invalid,17335458,9244376,29068333,414458,55424,0
go-katydid-mem-reflect,	github.com/katydid/validator-go-jsonschema v0.1.3,example-devicetype-valid,13539541,9812125,8730958,338750,36236,0
go-katydid-mem-reflect,	github.com/katydid/validator-go-jsonschema v0.1.3,example-health-record-invalid,20293792,16398792,49511542,616875,74372,0
go-katydid-mem-reflect,	github.com/katydid/validator-go-jsonschema v0.1.3,example-health-record-valid,31362541,29445625,29042583,505167,55160,0
go-katydid-mem-reflect,	github.com/katydid/validator-go-jsonschema v0.1.3,example-job-posting-invalid,7077875,6145541,28331250,364125,49172,0
go-katydid-mem-reflect,	github.com/katydid/validator-go-jsonschema v0.1.3,example-job-posting-valid,11597167,11994375,12010458,424000,35464,0
go-katydid-mem-reflect,	github.com/katydid/validator-go-jsonschema v0.1.3,example-movie-invalid,7790875,7334833,34463000,395917,55244,0
go-katydid-mem-reflect,	github.com/katydid/validator-go-jsonschema v0.1.3,example-movie-valid,12971625,11632208,13070333,295875,36196,0
go-katydid-mem-reflect,	github.com/katydid/validator-go-jsonschema v0.1.3,example-userprofile-invalid,9613333,7458125,31443166,429833,50932,0
go-katydid-mem-reflect,	github.com/katydid/validator-go-jsonschema v0.1.3,example-userprofile-valid,13270541,13301459,13107083,533875,36068,0
go-katydid-mem-reflect,	github.com/katydid/validator-go-jsonschema v0.1.3,fabric-mod,6285708,3190917,5154500,2443333,32172,0
go-katydid-mem-reflect,	github.com/katydid/validator-go-jsonschema v0.1.3,fabric-mod-invalid,4772083,2573250,5762292,1884416,32148,0
go-katydid-mem-reflect,	github.com/katydid/validator-go-jsonschema v0.1.3,geojson,285473542,275076584,193126208,4980083,324132,0
go-katydid-mem-reflect,	github.com/katydid/validator-go-jsonschema v0.1.3,geojson-invalid,147659750,132961708,199309667,5678250,321436,0
go-katydid-mem-reflect,	github.com/katydid/validator-go-jsonschema v0.1.3,gitpod-configuration,3643250,1725250,2520500,2065542,29820,0
go-katydid-mem-reflect,	github.com/katydid/validator-go-jsonschema v0.1.3,gitpod-configuration-invalid,3440042,1148333,2983583,2055750,27828,0
go-katydid-mem-reflect,	github.com/katydid/validator-go-jsonschema v0.1.3,importmap,1417458,1297917,3802209,197084,24768,0
go-katydid-mem-reflect,	github.com/katydid/validator-go-jsonschema v0.1.3,importmap-invalid,887917,738625,3816917,188334,24824,0
go-katydid-mem-reflect,	github.com/katydid/validator-go-jsonschema v0.1.3,jasmine,1362125,775084,1275583,666125,22712,0
go-katydid-mem-reflect,	github.com/katydid/validator-go-jsonschema v0.1.3,jasmine-invalid,1666583,880458,1643416,461334,22940,0
go-katydid-mem-reflect,	github.com/katydid/validator-go-jsonschema v0.1.3,jsck-complex-invalid,8838584,6723334,16938209,662709,48836,0
go-katydid-mem-reflect,	github.com/katydid/validator-go-jsonschema v0.1.3,jsck-complex-valid,19259542,16588292,19892708,1629708,50844,0
go-katydid-mem-reflect,	github.com/katydid/validator-go-jsonschema v0.1.3,jsck-medium-invalid,18560667,16022208,36819000,514750,82752,0
go-katydid-mem-reflect,	github.com/katydid/validator-go-jsonschema v0.1.3,jsck-medium-valid,30435250,29721042,27450625,536333,78200,0
go-katydid-mem-reflect,	github.com/katydid/validator-go-jsonschema v0.1.3,jsconfig-rmUniqueItems,7248417,1875292,2311250,4650458,34448,0
go-katydid-mem-reflect,	github.com/katydid/validator-go-jsonschema v0.1.3,jsconfig-rmUniqueItems-invalid,7011250,1660083,2578042,4537542,34688,0
go-katydid-mem-reflect,	github.com/katydid/validator-go-jsonschema v0.1.3,jshintrc,14116000,10858042,4502500,2035375,32084,0
go-katydid-mem-reflect,	github.com/katydid/validator-go-jsonschema v0.1.3,jshintrc-invalid,8092708,5479667,4798583,2005375,33504,0
go-katydid-mem-reflect,	github.com/katydid/validator-go-jsonschema v0.1.3,katydid-conf-invalid,13877250,13824167,21468167,456833,56980,0
go-katydid-mem-reflect,	github.com/katydid/validator-go-jsonschema v0.1.3,katydid-conf-valid,22887459,20126416,23818917,594375,61108,0
go-katydid-mem-reflect,	github.com/katydid/validator-go-jsonschema v0.1.3,lazygit-rmUniqueItems,7752084,654125,994000,5132875,51828,0
go-katydid-mem-reflect,	github.com/katydid/validator-go-jsonschema v0.1.3,lazygit-rmUniqueItems-invalid,6222334,372875,1336500,4905583,51408,0
go-katydid-mem-reflect,	github.com/katydid/validator-go-jsonschema v0.1.3,lerna,1404000,1070875,1427875,1536291,23460,0
go-katydid-mem-reflect,	github.com/katydid/validator-go-jsonschema v0.1.3,lerna-invalid,1000208,1183917,1804667,1224542,24032,0
go-katydid-mem-reflect,	github.com/katydid/validator-go-jsonschema v0.1.3,nest-cli,4102041,1788834,2032917,2406250,29672,0
go-katydid-mem-reflect,	github.com/katydid/validator-go-jsonschema v0.1.3,nest-cli-invalid,3385167,1051625,2414625,2254792,31884,0
go-katydid-mem-reflect,	github.com/katydid/validator-go-jsonschema v0.1.3,omnisharp,4539958,2485500,4164375,2379708,29652,0
go-katydid-mem-reflect,	github.com/katydid/validator-go-jsonschema v0.1.3,omnisharp-invalid,3892292,1655458,4644542,1927959,29620,0
go-katydid-mem-reflect,	github.com/katydid/validator-go-jsonschema v0.1.3,pre-commit-hooks,6394583,2434334,3541208,1224500,29668,0
go-katydid-mem-reflect,	github.com/katydid/validator-go-jsonschema v0.1.3,pre-commit-hooks-invalid,5122250,1487417,3885458,780042,29424,0
go-katydid-mem-reflect,	github.com/katydid/validator-go-jsonschema v0.1.3,pulumi,5000625,3525541,8275209,2073375,37592,0
go-katydid-mem-reflect,	github.com/katydid/validator-go-jsonschema v0.1.3,pulumi-invalid,3826250,2759875,8604625,2118708,38220,0
go-katydid-mem-reflect,	github.com/katydid/validator-go-jsonschema v0.1.3,semantic-release,1189500,1004167,3155292,835750,25088,0
go-katydid-mem-reflect,	github.com/katydid/validator-go-jsonschema v0.1.3,semantic-release-invalid,843167,626500,3130750,1020541,26956,0
go-katydid-mem-reflect,	github.com/katydid/validator-go-jsonschema v0.1.3,stale,1696500,1233792,2429166,633625,23244,0
go-katydid-mem-reflect,	github.com/katydid/validator-go-jsonschema v0.1.3,stale-invalid,1980458,1304458,3125416,699250,25328,0
go-katydid-mem-reflect,	github.com/katydid/validator-go-jsonschema v0.1.3,stylecop-rmUniqueItems,4656500,1875291,3226333,1995459,32112,0
go-katydid-mem-reflect,	github.com/katydid/validator-go-jsonschema v0.1.3,stylecop-rmUniqueItems-invalid,3573166,1305750,3242667,1940084,30556,0
go-katydid-mem-reflect,	github.com/katydid/validator-go-jsonschema v0.1.3,tmuxinator,931917,595000,1895875,805791,26304,0
go-katydid-mem-reflect,	github.com/katydid/validator-go-jsonschema v0.1.3,tmuxinator-invalid,687791,778625,1808416,1154208,25280,0
go-katydid-mem-reflect,	github.com/katydid/validator-go-jsonschema v0.1.3,ui5,84383250,9132125,4123417,6530041,249568,0
go-katydid-mem-reflect,	github.com/katydid/validator-go-jsonschema v0.1.3,ui5-invalid,87697083,9839625,4167959,7296375,243464,0
go-katydid-mem-reflect,	github.com/katydid/validator-go-jsonschema v0.1.3,unreal-engine-uproject-rmUniqueItems,3903750,2467166,2407750,1609750,26464,0
go-katydid-mem-reflect,	github.com/katydid/validator-go-jsonschema v0.1.3,unreal-engine-uproject-rmUniqueItems-invalid,2577916,1446875,2664500,2032958,27496,0
go-katydid-mem-reflect,	github.com/katydid/validator-go-jsonschema v0.1.3,vercel,56950166,1660791,3572000,15671167,83212,0
go-katydid-mem-reflect,	github.com/katydid/validator-go-jsonschema v0.1.3,vercel-invalid,38090000,955917,3940625,16850583,59804,0
go-katydid-mem-reflect,	github.com/katydid/validator-go-jsonschema v0.1.3,yamllint,502959,391083,3412458,325417,26696,0
go-katydid-mem-reflect,	github.com/katydid/validator-go-jsonschema v0.1.3,yamllint-invalid,456209,367125,3181459,279542,24616,0
go-katydid-mem-reflect,	github.com/katydid/validator-go-jsonschema v0.1.3,zschema-advanced-rmUniqueItems-invalid,17934292,16777625,47357292,975458,85004,0
go-katydid-mem-reflect,	github.com/katydid/validator-go-jsonschema v0.1.3,zschema-advanced-rmUniqueItems-valid,36608791,33710166,27228458,765458,67864,0
go-katydid-mem-reflect,	github.com/katydid/validator-go-jsonschema v0.1.3,zschema-basic-rmUniqueItems-invalid,1467250,842166,4221833,362833,26976,0
go-katydid-mem-reflect,	github.com/katydid/validator-go-jsonschema v0.1.3,zschema-basic-rmUniqueItems-valid,2339083,1619791,3927291,421791,27256,0
go-santhosh-tekuri,6.0.2,ajv-cosmicrealms-rmUniqueItems-invalid,101670125,99333417,65010042,227541,79888,0
go-santhosh-tekuri,6.0.2,ajv-cosmicrealms-rmUniqueItems-valid,102660958,98069084,51492666,298125,65424,0
go-santhosh-tekuri,6.0.2,ansible-meta,10827166,9109541,995708,2834958,19524,0
go-santhosh-tekuri,6.0.2,ansible-meta-invalid,10999208,7934167,1085750,2489250,19372,0
go-santhosh-tekuri,6.0.2,aws-cdk,1134583,386833,4614958,325417,16004,0
go-santhosh-tekuri,6.0.2,aws-cdk-invalid,534625,439667,2503250,148500,13800,0
go-santhosh-tekuri,6.0.2,babelrc,1686542,913209,1919250,696500,14488,0
go-santhosh-tekuri,6.0.2,babelrc-invalid,2583250,1472125,3045584,261458,12612,0
go-santhosh-tekuri,6.0.2,clang-format,487792,363791,385583,2576166,14432,0
go-santhosh-tekuri,6.0.2,clang-format-invalid,505125,736959,582000,3030834,12972,0
go-santhosh-tekuri,6.0.2,cmake-presets,192681167,173184667,21162042,4705500,44516,0
go-santhosh-tekuri,6.0.2,cmake-presets-invalid,373983250,365936542,22412083,4632000,47376,0
go-santhosh-tekuri,6.0.2,code-climate,1706208,1349125,10386542,702042,27748,0
go-santhosh-tekuri,6.0.2,code-climate-invalid,6591584,5633458,11538333,381334,31864,0
go-santhosh-tekuri,6.0.2,cypress,1956375,1580084,5114959,517084,18856,0
go-santhosh-tekuri,6.0.2,cypress-invalid,2087583,1849833,2551959,720791,13944,0
go-santhosh-tekuri,6.0.2,deno-rmUniqueItems,2202833,1772667,8922750,1175708,21252,0
go-santhosh-tekuri,6.0.2,deno-rmUniqueItems-invalid,3547334,3124958,5045625,990250,17008,0
go-santhosh-tekuri,6.0.2,dependabot,3941167,3840417,4825792,392167,18940,0
go-santhosh-tekuri,6.0.2,dependabot-invalid,4389084,3719084,5248666,396834,16824,0
go-santhosh-tekuri,6.0.2,draft-04-rmUniqueItems,43471250,41202958,48768875,374291,87668,0
go-santhosh-tekuri,6.0.2,draft-04-rmUniqueItems-invalid,45538250,40116542,46326458,593375,82384,0
go-santhosh-tekuri,6.0.2,example-address-invalid,15089166,12559750,14088250,181458,23380,0
go-santhosh-tekuri,6.0.2,example-address-valid,11859541,10728500,13891042,327458,25648,0
go-santhosh-tekuri,6.0.2,example-blogpost-invalid,36159709,30269750,41964333,406250,53116,0
go-santhosh-tekuri,6.0.2,example-blogpost-valid,36338666,32431583,26871167,223250,40216,0
go-santhosh-tekuri,6.0.2,example-calendar-invalid,30213750,27133000,52043459,166333,65380,0
go-santhosh-tekuri,6.0.2,example-calendar-valid,26186167,26123708,24436125,209042,41768,0
go-santhosh-tekuri,6.0.2,example-devicetype-invalid,31757166,30716542,33082958,318917,40360,0
go-santhosh-tekuri,6.0.2,example-devicetype-valid,24121625,22068958,11724625,447709,23012,0
go-santhosh-tekuri,6.0.2,example-health-record-invalid,41695125,40002042,56106250,246875,63496,0
go-santhosh-tekuri,6.0.2,example-health-record-valid,45277875,37797291,32693000,206416,46480,0
go-santhosh-tekuri,6.0.2,example-job-posting-invalid,15669541,14386500,31884125,138750,42728,0
go-santhosh-tekuri,6.0.2,example-job-posting-valid,14278375,13351792,14822459,162125,24656,0
go-santhosh-tekuri,6.0.2,example-movie-invalid,16234458,16181708,38574583,234917,46628,0
go-santhosh-tekuri,6.0.2,example-movie-valid,14501583,15327708,17308416,128458,29952,0
go-santhosh-tekuri,6.0.2,example-userprofile-invalid,19571750,18883875,38686250,167875,43300,0
go-santhosh-tekuri,6.0.2,example-userprofile-valid,18604208,18068958,16689792,116083,31708,0
go-santhosh-tekuri,6.0.2,fabric-mod,9343709,7539166,6931917,1003250,18296,0
go-santhosh-tekuri,6.0.2,fabric-mod-invalid,10603250,9653917,6590500,592666,18860,0
go-santhosh-tekuri,6.0.2,geojson,606128417,584548458,206385959,3315458,419128,0
go-santhosh-tekuri,6.0.2,geojson-invalid,721682501,721366334,211995875,3512875,493248,0
go-santhosh-tekuri,6.0.2,gitpod-configuration,2516791,2376667,3996708,558500,14792,0
go-santhosh-tekuri,6.0.2,gitpod-configuration-invalid,2839458,2188625,4630584,928792,15188,0
go-santhosh-tekuri,6.0.2,importmap,2453041,1647292,5430833,78708,16840,0
go-santhosh-tekuri,6.0.2,importmap-invalid,2023333,1588083,5740708,78750,16776,0
go-santhosh-tekuri,6.0.2,jasmine,2106875,1878917,2077583,266125,12500,0
go-santhosh-tekuri,6.0.2,jasmine-invalid,2245125,1798000,2881750,206625,13180,0
go-santhosh-tekuri,6.0.2,jsck-complex-invalid,57356875,52180834,19188334,1029917,38384,0
go-santhosh-tekuri,6.0.2,jsck-complex-valid,65236875,59235458,21086250,1053417,40184,0
go-santhosh-tekuri,6.0.2,jsck-medium-invalid,37884916,33427291,41790125,234167,72020,0
go-santhosh-tekuri,6.0.2,jsck-medium-valid,36215125,35359000,31238959,746250,71792,0
go-santhosh-tekuri,6.0.2,jsconfig-rmUniqueItems,4798833,4357959,2311000,3059916,14728,0
go-santhosh-tekuri,6.0.2,jsconfig-rmUniqueItems-invalid,6107792,5586209,2925667,2742125,19740,0
go-santhosh-tekuri,6.0.2,jshintrc,3618000,3501709,5507209,529083,15820,0
go-santhosh-tekuri,6.0.2,jshintrc-invalid,3782792,2744584,5389583,447875,17840,0
go-santhosh-tekuri,6.0.2,katydid-conf-invalid,26895625,25552000,24769333,252167,47160,0
go-santhosh-tekuri,6.0.2,katydid-conf-valid,30829000,25917584,27795459,241834,48460,0
go-santhosh-tekuri,6.0.2,lazygit-rmUniqueItems,1606083,1051958,770208,3447042,16760,0
go-santhosh-tekuri,6.0.2,lazygit-rmUniqueItems-invalid,1491875,1232000,955167,3464334,18804,0
go-santhosh-tekuri,6.0.2,lerna,1476000,716125,2796208,501167,14512,0
go-santhosh-tekuri,6.0.2,lerna-invalid,1629166,1359250,3369292,271333,14468,0
go-santhosh-tekuri,6.0.2,nest-cli,2555041,2258958,3948333,892084,14776,0
go-santhosh-tekuri,6.0.2,nest-cli-invalid,2517750,2158833,4086750,879125,15732,0
go-santhosh-tekuri,6.0.2,omnisharp,2273041,2096750,6143500,696167,18104,0
go-santhosh-tekuri,6.0.2,omnisharp-invalid,3848458,2556375,6189417,748708,16248,0
go-santhosh-tekuri,6.0.2,pre-commit-hooks,5698666,4146417,5689166,324791,16608,0
go-santhosh-tekuri,6.0.2,pre-commit-hooks-invalid,5823375,4709000,6478625,366708,16888,0
go-santhosh-tekuri,6.0.2,pulumi,7352459,5656500,10559125,524792,25748,0
go-santhosh-tekuri,6.0.2,pulumi-invalid,6411625,5775458,10391500,750416,27528,0
go-santhosh-tekuri,6.0.2,semantic-release,2815000,2833875,4351000,316709,16504,0
go-santhosh-tekuri,6.0.2,semantic-release-invalid,3420625,3170250,4929125,220458,16860,0
go-santhosh-tekuri,6.0.2,stale,2898000,1877958,4317417,209209,14468,0
go-santhosh-tekuri,6.0.2,stale-invalid,2876000,2645417,4744791,174083,14440,0
go-santhosh-tekuri,6.0.2,stylecop-rmUniqueItems,2706708,2172375,5287041,993542,16896,0
go-santhosh-tekuri,6.0.2,stylecop-rmUniqueItems-invalid,2676208,2199125,4992041,866709,17088,0
go-santhosh-tekuri,6.0.2,tmuxinator,1618375,879625,2877459,597750,14696,0
go-santhosh-tekuri,6.0.2,tmuxinator-invalid,1804375,740167,2947167,307416,17352,0
go-santhosh-tekuri,6.0.2,ui5,8735667,6852375,4815833,6003458,23048,0
go-santhosh-tekuri,6.0.2,ui5-invalid,9560792,8013625,6006709,5567833,20960,0
go-santhosh-tekuri,6.0.2,unreal-engine-uproject-rmUniqueItems,3358500,3276958,5140958,1025917,16684,0
go-santhosh-tekuri,6.0.2,unreal-engine-uproject-rmUniqueItems-invalid,4291917,3651041,4693125,460167,16580,0
go-santhosh-tekuri,6.0.2,vercel,2583375,2135083,3403166,3015125,21644,0
go-santhosh-tekuri,6.0.2,vercel-invalid,2939875,2190084,4178583,3122167,21004,0
go-santhosh-tekuri,6.0.2,yamllint,505917,415667,4735334,166709,17048,0
go-santhosh-tekuri,6.0.2,yamllint-invalid,1679084,647667,5275541,85542,16140,0
go-santhosh-tekuri,6.0.2,zschema-advanced-rmUniqueItems-invalid,79147708,72162917,51057875,308250,74232,0
go-santhosh-tekuri,6.0.2,zschema-advanced-rmUniqueItems-valid,77591625,71431708,28951541,501417,59520,0
go-santhosh-tekuri,6.0.2,zschema-basic-rmUniqueItems-invalid,2351416,2019833,6156583,168625,16652,0
go-santhosh-tekuri,6.0.2,zschema-basic-rmUniqueItems-valid,2245833,2059250,6082292,125375,16288,0
hyperjump,v1.17.6,ajv-cosmicrealms-rmUniqueItems-invalid,1234566751,1117930876,87259042,27448708,405392,0
hyperjump,v1.17.6,ajv-cosmicrealms-rmUniqueItems-valid,1214028292,1095259667,53619042,27393292,305960,0
hyperjump,v1.17.6,ansible-meta,711869375,657422042,576750,36049625,158160,0
hyperjump,v1.17.6,ansible-meta-invalid,720566792,681557125,713208,36791000,161092,0
hyperjump,v1.17.6,aws-cdk,50277375,19850459,1333500,17206084,162744,0
hyperjump,v1.17.6,aws-cdk-invalid,42304334,18280375,915875,17084250,158460,0
hyperjump,v1.17.6,babelrc,198726250,140301000,732250,18694333,160456,0
hyperjump,v1.17.6,babelrc-invalid,196386584,138518083,1131792,18094584,161192,0
hyperjump,v1.17.6,clang-format,231500667,181150833,357125,30018500,160288,0
hyperjump,v1.17.6,clang-format-invalid,232933542,183420625,524709,30795583,160148,0
hyperjump,v1.17.6,cmake-presets,3367378544,3228503251,9250000,44379959,191068,0
hyperjump,v1.17.6,cmake-presets-invalid,3184039918,3134531668,11174334,42093541,218044,0
hyperjump,v1.17.6,code-climate,350938708,281071625,5170291,18081250,173232,0
hyperjump,v1.17.6,code-climate-invalid,354728292,293245625,5404709,18067125,172720,0
hyperjump,v1.17.6,cypress,389825333,324973500,2119875,19806208,164712,0
hyperjump,v1.17.6,cypress-invalid,385070084,324685959,1558208,20510750,161316,0
hyperjump,v1.17.6,deno-rmUniqueItems,600388459,567213501,4270042,23177750,173856,0
hyperjump,v1.17.6,deno-rmUniqueItems-invalid,598461542,568451417,3206250,23403333,169688,0
hyperjump,v1.17.6,dependabot,294835042,225438500,1609417,22242792,161712,0
hyperjump,v1.17.6,dependabot-invalid,301166166,231551042,2190166,18406083,171756,0
hyperjump,v1.17.6,draft-04-rmUniqueItems,291971792,225338375,25710958,18265376,280240,0
hyperjump,v1.17.6,draft-04-rmUniqueItems-invalid,289029626,223981375,25680000,18014166,274236,0
hyperjump,v1.17.6,example-address-invalid,402097208,326324917,15156333,25608625,186652,0
hyperjump,v1.17.6,example-address-valid,407533417,333617334,18418458,25492750,194372,0
hyperjump,v1.17.6,example-blogpost-invalid,811642167,709724708,55980625,25605833,263392,0
hyperjump,v1.17.6,example-blogpost-valid,789074500,714508917,27355333,25510375,216084,0
hyperjump,v1.17.6,example-calendar-invalid,788933542,723041083,96396000,26422292,306544,0
hyperjump,v1.17.6,example-calendar-valid,758116209,684138959,32806751,29153917,226748,0
hyperjump,v1.17.6,example-devicetype-invalid,857258542,773318792,40113416,26151958,232392,0
hyperjump,v1.17.6,example-devicetype-valid,830345000,752823083,6688458,25503041,171932,0
hyperjump,v1.17.6,example-health-record-invalid,988100042,899772042,88717167,25503500,309352,0
hyperjump,v1.17.6,example-health-record-valid,973636875,880006375,39546250,25538959,247940,0
hyperjump,v1.17.6,example-job-posting-invalid,420232666,348462459,42783041,25311375,243836,0
hyperjump,v1.17.6,example-job-posting-valid,410503708,337586042,18789834,25550625,196136,0
hyperjump,v1.17.6,example-movie-invalid,561837417,494235667,56092750,25205833,256996,0
hyperjump,v1.17.6,example-movie-valid,528834542,464115375,20086208,25908708,191260,0
hyperjump,v1.17.6,example-userprofile-invalid,456305292,383852000,49476250,25531500,244884,0
hyperjump,v1.17.6,example-userprofile-valid,444173459,355793625,16710083,25091125,193592,0
hyperjump,v1.17.6,fabric-mod,435617416,347164125,2810209,20560875,165340,0
hyperjump,v1.17.6,fabric-mod-invalid,461824291,375050834,3422292,20806083,167412,0
hyperjump,v1.17.6,geojson,1951979126,1943534459,123056208,33528250,1357688,0
hyperjump,v1.17.6,geojson-invalid,2072542251,1956377418,120377792,32213791,1437644,0
hyperjump,v1.17.6,gitpod-configuration,492255417,407568209,1328875,20890125,157952,0
hyperjump,v1.17.6,gitpod-configuration-invalid,483021501,393086750,2057875,19380125,165328,0
hyperjump,v1.17.6,importmap,75578416,38818375,2738584,17013458,162968,0
hyperjump,v1.17.6,importmap-invalid,81503583,40279875,3606417,17259541,169004,0
hyperjump,v1.17.6,jasmine,155726500,101902001,596083,17601541,157056,0
hyperjump,v1.17.6,jasmine-invalid,156103042,101566000,1099042,17471666,159196,0
hyperjump,v1.17.6,jsck-complex-invalid,124606834,83010583,11128208,28261625,190556,0
hyperjump,v1.17.6,jsck-complex-valid,158172875,100095417,14238292,28935708,190188,0
hyperjump,v1.17.6,jsck-medium-invalid,1109192001,1004536251,37432833,26792084,240788,0
hyperjump,v1.17.6,jsck-medium-valid,1079271084,1018726209,20804333,26563250,204960,0
hyperjump,v1.17.6,jsconfig-rmUniqueItems,1255086125,1203956084,1608625,27294334,163636,0
hyperjump,v1.17.6,jsconfig-rmUniqueItems-invalid,1262662417,1218055375,2192375,27080833,163280,0
hyperjump,v1.17.6,jshintrc,404353250,332754541,3370459,20069167,166212,0
hyperjump,v1.17.6,jshintrc-invalid,413977542,345921333,4011291,20380208,167784,0
hyperjump,v1.17.6,katydid-conf-invalid,1084029334,1028380042,22652792,25773459,193052,0
hyperjump,v1.17.6,katydid-conf-valid,1073809542,1005100626,27553708,25780416,205964,0
hyperjump,v1.17.6,lazygit-rmUniqueItems,573341625,537463833,617667,34862333,162396,0
hyperjump,v1.17.6,lazygit-rmUniqueItems-invalid,577968083,538241542,913542,34770208,163704,0
hyperjump,v1.17.6,lerna,172166792,117836875,1220375,17592000,161912,0
hyperjump,v1.17.6,lerna-invalid,174898500,118173834,1607209,17408708,163292,0
hyperjump,v1.17.6,nest-cli,614645042,565447250,1276083,22111833,162860,0
hyperjump,v1.17.6,nest-cli-invalid,618809083,552694292,1962875,21559458,162000,0
hyperjump,v1.17.6,omnisharp,535010084,498802417,1874792,23460042,163356,0
hyperjump,v1.17.6,omnisharp-invalid,571368042,524900417,2428833,21714750,164976,0
hyperjump,v1.17.6,pre-commit-hooks,504951292,431732500,2030292,20483375,159860,0
hyperjump,v1.17.6,pre-commit-hooks-invalid,488796417,423573417,3074042,19463041,167492,0
hyperjump,v1.17.6,pulumi,1269366626,1205816209,9183917,19187833,176728,0
hyperjump,v1.17.6,pulumi-invalid,1273520500,1222581876,11165000,19252459,182576,0
hyperjump,v1.17.6,semantic-release,148604916,92986916,1514750,18896375,163172,0
hyperjump,v1.17.6,semantic-release-invalid,159078125,95931000,1903208,21322333,168312,0
hyperjump,v1.17.6,stale,158152167,96319542,881292,17753042,159724,0
hyperjump,v1.17.6,stale-invalid,158569000,101741458,1378333,20481625,163148,0
hyperjump,v1.17.6,stylecop-rmUniqueItems,401195125,331173542,1402750,23810708,164956,0
hyperjump,v1.17.6,stylecop-rmUniqueItems-invalid,409630500,327611625,2136667,20102667,168004,0
hyperjump,v1.17.6,tmuxinator,102210708,63722875,1067667,17830250,159716,0
hyperjump,v1.17.6,tmuxinator-invalid,104990417,63421458,1375208,21574792,162112,0
hyperjump,v1.17.6,ui5,4262393461,4260760626,1870084,47022167,167588,0
hyperjump,v1.17.6,ui5-invalid,4310135377,4296328918,2637333,50955416,171268,0
hyperjump,v1.17.6,unreal-engine-uproject-rmUniqueItems,349633042,272615583,1093625,19637834,161884,0
hyperjump,v1.17.6,unreal-engine-uproject-rmUniqueItems-invalid,354038375,278768501,1923458,19397250,163816,0
hyperjump,v1.17.6,vercel,950950917,884523751,1048333,29193083,164964,0
hyperjump,v1.17.6,vercel-invalid,962907834,893353292,1503916,33510542,164656,0
hyperjump,v1.17.6,yamllint,70940417,34189708,1569166,16859625,159848,0
hyperjump,v1.17.6,yamllint-invalid,74097125,38211166,1940708,17549667,190744,0
hyperjump,v1.17.6,zschema-advanced-rmUniqueItems-invalid,2176679793,2057738959,59445792,23267500,336892,0
hyperjump,v1.17.6,zschema-advanced-rmUniqueItems-valid,2107128376,1984917668,19682542,21862375,203688,0
hyperjump,v1.17.6,zschema-basic-rmUniqueItems-invalid,36210500,13872917,4308667,17376333,169576,0
hyperjump,v1.17.6,zschema-basic-rmUniqueItems-valid,37997584,14190042,3964791,17643042,168020,0
jsdotnet,9.4.0,ajv-cosmicrealms-rmUniqueItems-invalid,603937000,107220500,69570100,3161700,96524,0
jsdotnet,9.4.0,ajv-cosmicrealms-rmUniqueItems-valid,971159200,192569700,53028200,3157200,84216,0
jsdotnet,9.4.0,ansible-meta,97546200,10914200,9513700,4900000,60660,0
jsdotnet,9.4.0,ansible-meta-invalid,88433400,9120000,9597500,4882000,61640,0
jsdotnet,9.4.0,aws-cdk,29603200,1175800,7979900,1276500,58636,0
jsdotnet,9.4.0,aws-cdk-invalid,49182900,4286600,4594000,1404300,58900,0
jsdotnet,9.4.0,babelrc,48400100,3569100,4633900,1669700,57680,0
jsdotnet,9.4.0,babelrc-invalid,65415700,4023600,5157000,1670700,61704,0
jsdotnet,9.4.0,clang-format,70172000,5659600,5877100,4141200,60836,0
jsdotnet,9.4.0,clang-format-invalid,54302200,2406200,6339900,4445300,60744,0
jsdotnet,9.4.0,cmake-presets,960898000,197325900,30267000,7607400,73060,0
jsdotnet,9.4.0,cmake-presets-invalid,763822600,164171900,31717300,7565500,74308,0
jsdotnet,9.4.0,code-climate,67164300,6273500,12575100,1675100,59044,0
jsdotnet,9.4.0,code-climate-invalid,132041600,18397000,13614500,1731600,62868,0
jsdotnet,9.4.0,cypress,79995200,9608600,11139400,2907600,59172,0
jsdotnet,9.4.0,cypress-invalid,73255700,5009500,8531800,2943500,61388,0
jsdotnet,9.4.0,deno-rmUniqueItems,64369700,6535500,13568500,3412400,60808,0
jsdotnet,9.4.0,deno-rmUniqueItems-invalid,70666100,4909400,11931900,3516500,62584,0
jsdotnet,9.4.0,dependabot,86999200,11709800,12758300,2607200,58284,0
jsdotnet,9.4.0,dependabot-invalid,100864400,10401900,9999600,2664400,62464,0
jsdotnet,9.4.0,draft-04-rmUniqueItems,1239350800,241900000,60146200,2859600,88000,0
jsdotnet,9.4.0,draft-04-rmUniqueItems-invalid,448439100,74504500,57603700,3077600,88844,0
jsdotnet,9.4.0,example-address-invalid,170184700,26422300,20757300,2771400,65892,0
jsdotnet,9.4.0,example-address-valid,172978200,27398500,23099300,2974100,65948,0
jsdotnet,9.4.0,example-blogpost-invalid,265763500,44193500,52701500,2609200,81216,0
jsdotnet,9.4.0,example-blogpost-valid,391647700,71919900,40550800,2860800,75268,0
jsdotnet,9.4.0,example-calendar-invalid,241333200,38376200,54652300,2968000,82672,0
jsdotnet,9.4.0,example-calendar-valid,361361100,60660800,28965400,2838500,73108,0
jsdotnet,9.4.0,example-devicetype-invalid,325470500,58968800,39509700,2801600,77356,0
jsdotnet,9.4.0,example-devicetype-valid,303685300,53865700,17662200,2903800,65268,0
jsdotnet,9.4.0,example-health-record-invalid,322195600,50440300,72360100,2902700,89940,0
jsdotnet,9.4.0,example-health-record-valid,473904000,89696700,45210000,2791200,78536,0
jsdotnet,9.4.0,example-job-posting-invalid,182381000,26314300,41395100,2290100,76276,0
jsdotnet,9.4.0,example-job-posting-valid,195680300,29986000,20976400,2331700,66264,0
jsdotnet,9.4.0,example-movie-invalid,199797900,28857100,47613400,2054300,78576,0
jsdotnet,9.4.0,example-movie-valid,202112900,33144900,24031700,2298800,67136,0
jsdotnet,9.4.0,example-userprofile-invalid,198859400,30059000,44399800,2247400,80516,0
jsdotnet,9.4.0,example-userprofile-valid,205110300,36414800,24288600,2293800,69504,0
jsdotnet,9.4.0,fabric-mod,158520700,27095500,10765800,3337300,61580,0
jsdotnet,9.4.0,fabric-mod-invalid,115280000,16368500,11256500,3232800,62204,0
jsdotnet,9.4.0,geojson,2431913500,1090281600,304674400,4181800,246208,0
jsdotnet,9.4.0,geojson-invalid,2537602000,1060780400,300921900,4464400,246728,0
jsdotnet,9.4.0,gitpod-configuration,67140200,7067700,12097300,3485900,57920,0
jsdotnet,9.4.0,gitpod-configuration-invalid,73284200,5466900,11073200,3122700,61724,0
jsdotnet,9.4.0,importmap,41169600,3103400,8083500,1743900,57696,0
jsdotnet,9.4.0,importmap-invalid,54456600,2380300,8873400,1727600,61296,0
jsdotnet,9.4.0,jasmine,64140700,4591800,5036600,2177600,60252,0
jsdotnet,9.4.0,jasmine-invalid,56635900,3122300,5720000,2319700,61384,0
jsdotnet,9.4.0,jsck-complex-invalid,57388000,624100,23481500,1452000,64028,0
jsdotnet,9.4.0,jsck-complex-valid,451211600,92440300,27992100,3843500,72092,0
jsdotnet,9.4.0,jsck-medium-invalid,365822700,57668000,53576700,2519000,78268,0
jsdotnet,9.4.0,jsck-medium-valid,432888600,80195900,45838200,2716500,78676,0
jsdotnet,9.4.0,jsconfig-rmUniqueItems,168699400,19809900,10280600,6938500,62624,0
jsdotnet,9.4.0,jsconfig-rmUniqueItems-invalid,135415000,11865000,13009900,6606300,63104,0
jsdotnet,9.4.0,jshintrc,199898000,33603000,9044600,1726500,57740,0
jsdotnet,9.4.0,jshintrc-invalid,123618500,17695900,9631800,1781300,61368,0
jsdotnet,9.4.0,katydid-conf-invalid,215460500,36206500,35630000,3042200,73916,0
jsdotnet,9.4.0,katydid-conf-valid,270753700,47590000,40503500,3036400,73160,0
jsdotnet,9.4.0,lazygit-rmUniqueItems,53597700,4046600,10679700,8341900,58376,0
jsdotnet,9.4.0,lazygit-rmUniqueItems-invalid,69987800,3257100,13642900,11120200,61720,0
jsdotnet,9.4.0,lerna,39690800,2875000,5004800,1559600,57168,0
jsdotnet,9.4.0,lerna-invalid,56039200,3010000,5659700,1562800,60788,0
jsdotnet,9.4.0,nest-cli,84243500,7193800,8700400,2474500,60712,0
jsdotnet,9.4.0,nest-cli-invalid,74993500,5003500,9006800,2450300,61520,0
jsdotnet,9.4.0,omnisharp,119060100,18916200,8850800,1849200,58192,0
jsdotnet,9.4.0,omnisharp-invalid,126380700,16977500,9023000,1824200,61076,0
jsdotnet,9.4.0,pre-commit-hooks,145614700,24044400,10174200,2874200,57920,0
jsdotnet,9.4.0,pre-commit-hooks-invalid,157982700,23202500,9625400,2551000,61184,0
jsdotnet,9.4.0,pulumi,142968500,23464400,13672100,3110200,62544,0
jsdotnet,9.4.0,pulumi-invalid,114117000,16607700,15224600,3403800,63224,0
jsdotnet,9.4.0,semantic-release,72960800,6994600,9396200,2514500,61120,0
jsdotnet,9.4.0,semantic-release-invalid,72871500,6951900,9679600,2808200,61472,0
jsdotnet,9.4.0,stale,53791200,5672900,7454200,1590500,58004,0
jsdotnet,9.4.0,stale-invalid,66566400,4366700,7485500,1434000,61508,0
jsdotnet,9.4.0,stylecop-rmUniqueItems,65754000,7246000,9010700,2375100,57888,0
jsdotnet,9.4.0,stylecop-rmUniqueItems-invalid,82157900,6413200,9497900,2553700,61720,0
jsdotnet,9.4.0,tmuxinator,59003000,4254900,5690500,1997300,60716,0
jsdotnet,9.4.0,tmuxinator-invalid,63846700,3350700,5745100,2171700,61288,0
jsdotnet,9.4.0,ui5,133288500,19631000,16165500,10620000,64056,0
jsdotnet,9.4.0,ui5-invalid,156203600,20024400,15519600,10221200,67060,0
jsdotnet,9.4.0,unreal-engine-uproject-rmUniqueItems,89262500,11141700,10058200,3234200,57988,0
jsdotnet,9.4.0,unreal-engine-uproject-rmUniqueItems-invalid,100669500,9532500,9881000,3044000,61800,0
jsdotnet,9.4.0,vercel,90760700,8903700,10987200,5137800,61616,0
jsdotnet,9.4.0,vercel-invalid,89292900,8045300,11457400,5412300,62320,0
jsdotnet,9.4.0,yamllint,19459900,851800,7896000,1360500,57576,0
jsdotnet,9.4.0,yamllint-invalid,48616700,1844500,8418800,1279500,59980,0
jsdotnet,9.4.0,zschema-advanced-rmUniqueItems-invalid,892137800,178037700,61737500,3317000,87400,0
jsdotnet,9.4.0,zschema-advanced-rmUniqueItems-valid,929073200,191711500,45897500,3284000,77408,0
jsdotnet,9.4.0,zschema-basic-rmUniqueItems-invalid,65181200,4108900,9600200,2319600,61376,0
jsdotnet,9.4.0,zschema-basic-rmUniqueItems-valid,49182300,4050800,9671000,2322700,57616,0
json_schemer,2.4.0,ajv-cosmicrealms-rmUniqueItems-invalid,1806280084,1728805084,59321292,426833,107848,0
json_schemer,2.4.0,ajv-cosmicrealms-rmUniqueItems-valid,1870464209,1797511667,39624959,425041,88132,0
json_schemer,2.4.0,ansible-meta,125818791,121799125,3533750,5296667,31964,0
json_schemer,2.4.0,ansible-meta-invalid,98775958,93357209,4151166,5107542,32596,0
json_schemer,2.4.0,aws-cdk,14551417,9232000,3837500,1043958,31600,0
json_schemer,2.4.0,aws-cdk-invalid,11213583,6605833,2971959,996208,31228,0
json_schemer,2.4.0,babelrc,26367334,20570416,3075417,1303625,31276,0
json_schemer,2.4.0,babelrc-invalid,27488167,19296084,3191875,1279042,31108,0
json_schemer,2.4.0,clang-format,6824250,5613333,404458,4391833,29440,0
json_schemer,2.4.0,clang-format-invalid,6465167,4729875,503875,4700833,29384,0
json_schemer,2.4.0,cmake-presets,4740000919,4747955752,20897125,11953875,89324,0
json_schemer,2.4.0,cmake-presets-invalid,4355471252,4346574544,22287042,12411792,85132,0
json_schemer,2.4.0,code-climate,41522083,34629667,11393959,1156209,47284,0
json_schemer,2.4.0,code-climate-invalid,87852208,81589083,13213375,1239334,39856,0
json_schemer,2.4.0,cypress,25579084,26197000,5867792,1554833,30576,0
json_schemer,2.4.0,cypress-invalid,20829292,20826958,4518084,1438417,29640,0
json_schemer,2.4.0,deno-rmUniqueItems,43354208,36625875,7771083,3320667,49944,0
json_schemer,2.4.0,deno-rmUniqueItems-invalid,36254917,32518125,7035167,6162875,34484,0
json_schemer,2.4.0,dependabot,63570084,57960458,7247542,1381292,35424,0
json_schemer,2.4.0,dependabot-invalid,55622083,52143291,6532666,1299875,36388,0
json_schemer,2.4.0,draft-04-rmUniqueItems,745253917,726298625,48917958,1281458,145008,0
json_schemer,2.4.0,draft-04-rmUniqueItems-invalid,721268250,720755958,50856042,1207000,134140,0
json_schemer,2.4.0,example-address-invalid,147201625,135249333,11767375,331417,42920,0
json_schemer,2.4.0,example-address-valid,153384126,162797584,13095750,304416,42668,0
json_schemer,2.4.0,example-blogpost-invalid,624798834,594374542,59284500,355167,89036,0
json_schemer,2.4.0,example-blogpost-valid,650946042,628885625,36290667,388417,60944,0
json_schemer,2.4.0,example-calendar-invalid,334688125,320356375,64177208,459125,118756,0
json_schemer,2.4.0,example-calendar-valid,327549042,307052625,26342959,425917,79356,0
json_schemer,2.4.0,example-devicetype-invalid,224352209,203347292,35126875,450625,78140,0
json_schemer,2.4.0,example-devicetype-valid,268294291,264353542,12524667,475000,36676,0
json_schemer,2.4.0,example-health-record-invalid,760330125,716056709,73993375,435917,99200,0
json_schemer,2.4.0,example-health-record-valid,743112625,716622111,41019375,462125,62672,0
json_schemer,2.4.0,example-job-posting-invalid,200242708,178181792,38331958,330792,63060,0
json_schemer,2.4.0,example-job-posting-valid,192534666,167877542,16410000,338500,42048,0
json_schemer,2.4.0,example-movie-invalid,251994292,225047500,42520917,310083,75280,0
json_schemer,2.4.0,example-movie-valid,235214083,223204501,16315792,305875,45560,0
json_schemer,2.4.0,example-userprofile-invalid,373657792,358745834,38863542,302667,76464,0
json_schemer,2.4.0,example-userprofile-valid,396516917,374066625,12804334,323291,46220,0
json_schemer,2.4.0,fabric-mod,104337834,102076666,7462375,1559458,33400,0
json_schemer,2.4.0,fabric-mod-invalid,105885875,104911875,7872375,1578250,34404,0
json_schemer,2.4.0,geojson,10975394241,10909325547,188123417,8568209,1695032,0
json_schemer,2.4.0,geojson-invalid,10625286032,10627498630,203979834,8443792,1542372,0
json_schemer,2.4.0,gitpod-configuration,44013125,41263917,4661958,1445833,32180,0
json_schemer,2.4.0,gitpod-configuration-invalid,38540709,36432416,6288584,1469167,32588,0
json_schemer,2.4.0,importmap,27388291,22115250,3482375,903500,34860,0
json_schemer,2.4.0,importmap-invalid,25010666,19405458,4135125,954958,35196,0
json_schemer,2.4.0,jasmine,30666000,26237875,2268125,1073625,31228,0
json_schemer,2.4.0,jasmine-invalid,28559833,23276042,2368666,1074333,31360,0
json_schemer,2.4.0,jsck-complex-invalid,351576000,335421917,13635875,694542,46184,0
json_schemer,2.4.0,jsck-complex-valid,403836861,409856459,14558416,660583,43996,0
json_schemer,2.4.0,jsck-medium-invalid,431285833,397435375,45670125,399208,91052,0
json_schemer,2.4.0,jsck-medium-valid,503658542,468054125,32332042,380667,66056,0
json_schemer,2.4.0,jsconfig-rmUniqueItems,63991833,61473625,4798125,4071000,31956,0
json_schemer,2.4.0,jsconfig-rmUniqueItems-invalid,66087458,61020000,5222083,3960875,32040,0
json_schemer,2.4.0,jshintrc,50745000,47275000,3573666,1370125,30916,0
json_schemer,2.4.0,jshintrc-invalid,50744417,47744500,4359208,1443375,30588,0
json_schemer,2.4.0,katydid-conf-invalid,248291666,247242625,30159333,522583,58664,0
json_schemer,2.4.0,katydid-conf-valid,319142125,308858500,32863459,386458,58040,0
json_schemer,2.4.0,lazygit-rmUniqueItems,24070375,17187542,367208,5031125,31412,0
json_schemer,2.4.0,lazygit-rmUniqueItems-invalid,22456125,14034000,474083,5063667,32928,0
json_schemer,2.4.0,lerna,21807167,17299792,2494125,1094792,31660,0
json_schemer,2.4.0,lerna-invalid,20103833,14884042,2775584,1100583,32432,0
json_schemer,2.4.0,nest-cli,43681833,44215917,4847458,3347792,32132,0
json_schemer,2.4.0,nest-cli-invalid,39545750,39208500,5020667,3234625,33272,0
json_schemer,2.4.0,omnisharp,36497875,32018583,1790833,2940500,30160,0
json_schemer,2.4.0,omnisharp-invalid,41951833,38540083,1991417,2989125,30440,0
json_schemer,2.4.0,pre-commit-hooks,75911584,62708125,3948125,1311000,47604,0
json_schemer,2.4.0,pre-commit-hooks-invalid,69464459,58440959,3755834,1143292,36464,0
json_schemer,2.4.0,pulumi,115834083,102295166,9460791,1357042,41156,0
json_schemer,2.4.0,pulumi-invalid,90026083,81981708,9642250,1332416,39740,0
json_schemer,2.4.0,semantic-release,40493958,35031916,2970708,1069875,32260,0
json_schemer,2.4.0,semantic-release-invalid,38587125,36351583,6679042,1080541,33588,0
json_schemer,2.4.0,stale,37550000,32063292,2409083,1045750,33008,0
json_schemer,2.4.0,stale-invalid,35808250,28345791,3011958,1071250,32908,0
json_schemer,2.4.0,stylecop-rmUniqueItems,43954000,41165125,6244584,1350250,34876,0
json_schemer,2.4.0,stylecop-rmUniqueItems-invalid,40231875,34381083,3397584,1469625,34796,0
json_schemer,2.4.0,tmuxinator,15346791,13926667,5642292,1154250,31644,0
json_schemer,2.4.0,tmuxinator-invalid,17172292,12851209,2983750,1217834,31536,0
json_schemer,2.4.0,ui5,98573041,86910292,2699958,13306417,35544,0
json_schemer,2.4.0,ui5-invalid,90111750,76241459,2782833,13215167,36080,0
json_schemer,2.4.0,unreal-engine-uproject-rmUniqueItems,61845209,56145542,6179708,1339250,35332,0
json_schemer,2.4.0,unreal-engine-uproject-rmUniqueItems-invalid,58048959,49254542,3119292,1407333,35652,0
json_schemer,2.4.0,vercel,46531875,42016042,4825000,4272041,33868,0
json_schemer,2.4.0,vercel-invalid,43359500,36796584,5277792,4231500,34984,0
json_schemer,2.4.0,yamllint,10756000,9359792,6078125,926458,31528,0
json_schemer,2.4.0,yamllint-invalid,13882583,9179667,3315583,989875,32076,0
json_schemer,2.4.0,zschema-advanced-rmUniqueItems-invalid,796301959,750452500,60225583,1153875,122684,0
json_schemer,2.4.0,zschema-advanced-rmUniqueItems-valid,1031662834,958351500,33759167,1221791,81524,0
json_schemer,2.4.0,zschema-basic-rmUniqueItems-invalid,29518792,23449958,3842334,956833,41092,0
json_schemer,2.4.0,zschema-basic-rmUniqueItems-valid,29183000,23385417,3878375,1004542,41472,0
jsu-c,jsu 0.9.17 (jmc backend 2.0.55) [cc 13.3.0],ajv-cosmicrealms-rmUniqueItems-invalid,4122750,3637916,66598667,567760542,62472,0
jsu-c,jsu 0.9.17 (jmc backend 2.0.55) [cc 13.3.0],ajv-cosmicrealms-rmUniqueItems-valid,6795542,6808334,49526125,552792792,52224,0
jsu-c,jsu 0.9.17 (jmc backend 2.0.55) [cc 13.3.0],ansible-meta,151292,114541,967583,933535876,55516,0
jsu-c,jsu 0.9.17 (jmc backend 2.0.55) [cc 13.3.0],ansible-meta-invalid,60375,45417,1070541,943273667,55556,0
jsu-c,jsu 0.9.17 (jmc backend 2.0.55) [cc 13.3.0],aws-cdk,29500,22375,4065750,535814292,52160,0
jsu-c,jsu 0.9.17 (jmc backend 2.0.55) [cc 13.3.0],aws-cdk-invalid,12875,11583,1929959,537588958,52124,0
jsu-c,jsu 0.9.17 (jmc backend 2.0.55) [cc 13.3.0],babelrc,51625,41583,1174750,591682209,52112,0
jsu-c,jsu 0.9.17 (jmc backend 2.0.55) [cc 13.3.0],babelrc-invalid,43250,32458,1732667,589175751,52288,0
jsu-c,jsu 0.9.17 (jmc backend 2.0.55) [cc 13.3.0],clang-format,27250,18250,362792,906518792,67592,0
jsu-c,jsu 0.9.17 (jmc backend 2.0.55) [cc 13.3.0],clang-format-invalid,18333,8333,491041,903176584,68920,0
jsu-c,jsu 0.9.17 (jmc backend 2.0.55) [cc 13.3.0],cmake-presets,1499417,1360250,24554584,1377942876,90180,0
jsu-c,jsu 0.9.17 (jmc backend 2.0.55) [cc 13.3.0],cmake-presets-invalid,757250,641375,24868708,1394783043,90304,0
jsu-c,jsu 0.9.17 (jmc backend 2.0.55) [cc 13.3.0],code-climate,267625,118375,7614042,560537500,52192,0
jsu-c,jsu 0.9.17 (jmc backend 2.0.55) [cc 13.3.0],code-climate-invalid,284375,200958,10369208,560964500,52184,0
jsu-c,jsu 0.9.17 (jmc backend 2.0.55) [cc 13.3.0],cypress,90166,80750,3869750,607161417,52228,0
jsu-c,jsu 0.9.17 (jmc backend 2.0.55) [cc 13.3.0],cypress-invalid,45083,33792,2103417,604807584,52232,0
jsu-c,jsu 0.9.17 (jmc backend 2.0.55) [cc 13.3.0],deno-rmUniqueItems,185750,122875,7884542,653956500,52052,0
jsu-c,jsu 0.9.17 (jmc backend 2.0.55) [cc 13.3.0],deno-rmUniqueItems-invalid,92750,67250,4178333,664450001,52172,0
jsu-c,jsu 0.9.17 (jmc backend 2.0.55) [cc 13.3.0],dependabot,187208,174166,3606583,606783542,52212,0
jsu-c,jsu 0.9.17 (jmc backend 2.0.55) [cc 13.3.0],dependabot-invalid,115458,110000,3953250,599466042,52232,0
jsu-c,jsu 0.9.17 (jmc backend 2.0.55) [cc 13.3.0],draft-04-rmUniqueItems,6245041,6036750,64139041,606567792,67428,0
jsu-c,jsu 0.9.17 (jmc backend 2.0.55) [cc 13.3.0],draft-04-rmUniqueItems-invalid,1935292,1756000,57680709,604878834,61764,0
jsu-c,jsu 0.9.17 (jmc backend 2.0.55) [cc 13.3.0],example-address-invalid,1529791,1482750,14414875,543870417,52240,0
jsu-c,jsu 0.9.17 (jmc backend 2.0.55) [cc 13.3.0],example-address-valid,1842875,1826959,15348000,539874667,52228,0
jsu-c,jsu 0.9.17 (jmc backend 2.0.55) [cc 13.3.0],example-blogpost-invalid,1656458,1301458,47177958,543371292,52092,0
jsu-c,jsu 0.9.17 (jmc backend 2.0.55) [cc 13.3.0],example-blogpost-valid,2191084,2101334,28970417,547292917,52108,0
jsu-c,jsu 0.9.17 (jmc backend 2.0.55) [cc 13.3.0],example-calendar-invalid,1811792,972375,58604417,547129416,52136,0
jsu-c,jsu 0.9.17 (jmc backend 2.0.55) [cc 13.3.0],example-calendar-valid,1419583,1292916,24599834,542940625,52184,0
jsu-c,jsu 0.9.17 (jmc backend 2.0.55) [cc 13.3.0],example-devicetype-invalid,724917,589792,34916500,552998792,52156,0
jsu-c,jsu 0.9.17 (jmc backend 2.0.55) [cc 13.3.0],example-devicetype-valid,844417,715417,10607917,554962917,52192,0
jsu-c,jsu 0.9.17 (jmc backend 2.0.55) [cc 13.3.0],example-health-record-invalid,2013625,1481750,62312959,552275667,60856,0
jsu-c,jsu 0.9.17 (jmc backend 2.0.55) [cc 13.3.0],example-health-record-valid,2417500,2284291,36729708,546662417,52120,0
jsu-c,jsu 0.9.17 (jmc backend 2.0.55) [cc 13.3.0],example-job-posting-invalid,794375,617333,36746834,531576167,52116,0
jsu-c,jsu 0.9.17 (jmc backend 2.0.55) [cc 13.3.0],example-job-posting-valid,874208,842333,15675792,533798875,52324,0
jsu-c,jsu 0.9.17 (jmc backend 2.0.55) [cc 13.3.0],example-movie-invalid,1173958,690875,44632583,542207375,52144,0
jsu-c,jsu 0.9.17 (jmc backend 2.0.55) [cc 13.3.0],example-movie-valid,893750,889334,15528458,537362417,52204,0
jsu-c,jsu 0.9.17 (jmc backend 2.0.55) [cc 13.3.0],example-userprofile-invalid,1056792,839583,38952875,535674001,52108,0
jsu-c,jsu 0.9.17 (jmc backend 2.0.55) [cc 13.3.0],example-userprofile-valid,1349500,1267000,15409459,536844750,52128,0
jsu-c,jsu 0.9.17 (jmc backend 2.0.55) [cc 13.3.0],fabric-mod,232916,193000,5370208,662196167,52220,0
jsu-c,jsu 0.9.17 (jmc backend 2.0.55) [cc 13.3.0],fabric-mod-invalid,117417,89916,6136459,655290292,52164,0
jsu-c,jsu 0.9.17 (jmc backend 2.0.55) [cc 13.3.0],geojson,7260834,6322625,315719792,963711334,253716,0
jsu-c,jsu 0.9.17 (jmc backend 2.0.55) [cc 13.3.0],geojson-invalid,4087834,2996542,320389792,951722834,253652,0
jsu-c,jsu 0.9.17 (jmc backend 2.0.55) [cc 13.3.0],gitpod-configuration,118292,119542,2866583,616676417,52100,0
jsu-c,jsu 0.9.17 (jmc backend 2.0.55) [cc 13.3.0],gitpod-configuration-invalid,86917,61625,3624709,612775584,52244,0
jsu-c,jsu 0.9.17 (jmc backend 2.0.55) [cc 13.3.0],importmap,68875,67000,4182834,535861791,52196,0
jsu-c,jsu 0.9.17 (jmc backend 2.0.55) [cc 13.3.0],importmap-invalid,49125,44417,5152125,535103833,52192,0
jsu-c,jsu 0.9.17 (jmc backend 2.0.55) [cc 13.3.0],jasmine,47708,45125,1247250,568459459,52112,0
jsu-c,jsu 0.9.17 (jmc backend 2.0.55) [cc 13.3.0],jasmine-invalid,39791,38709,1693292,558506459,52176,0
jsu-c,jsu 0.9.17 (jmc backend 2.0.55) [cc 13.3.0],jsck-complex-invalid,1291792,1203167,23046875,613904292,52212,0
jsu-c,jsu 0.9.17 (jmc backend 2.0.55) [cc 13.3.0],jsck-complex-valid,911041,688084,25501166,730105959,52188,0
jsu-c,jsu 0.9.17 (jmc backend 2.0.55) [cc 13.3.0],jsck-medium-invalid,1797500,1236042,48350375,550824625,54512,0
jsu-c,jsu 0.9.17 (jmc backend 2.0.55) [cc 13.3.0],jsck-medium-valid,2218709,2157792,38286750,560697417,52088,0
jsu-c,jsu 0.9.17 (jmc backend 2.0.55) [cc 13.3.0],jsconfig-rmUniqueItems,215292,179125,1715209,826332667,52148,0
jsu-c,jsu 0.9.17 (jmc backend 2.0.55) [cc 13.3.0],jsconfig-rmUniqueItems-invalid,110917,71250,2471667,819061917,52228,0
jsu-c,jsu 0.9.17 (jmc backend 2.0.55) [cc 13.3.0],jshintrc,214000,199208,3973750,589989959,52180,0
jsu-c,jsu 0.9.17 (jmc backend 2.0.55) [cc 13.3.0],jshintrc-invalid,125250,93833,4733750,593354834,52108,0
jsu-c,jsu 0.9.17 (jmc backend 2.0.55) [cc 13.3.0],katydid-conf-invalid,1245333,935583,26281042,554317334,52220,0
jsu-c,jsu 0.9.17 (jmc backend 2.0.55) [cc 13.3.0],katydid-conf-valid,1488875,1433625,29438417,558431709,52216,0
jsu-c,jsu 0.9.17 (jmc backend 2.0.55) [cc 13.3.0],lazygit-rmUniqueItems,63125,38875,778416,977472375,64596,0
jsu-c,jsu 0.9.17 (jmc backend 2.0.55) [cc 13.3.0],lazygit-rmUniqueItems-invalid,29625,17167,1036709,962873126,66776,0
jsu-c,jsu 0.9.17 (jmc backend 2.0.55) [cc 13.3.0],lerna,79209,65750,1671458,557244334,52328,0
jsu-c,jsu 0.9.17 (jmc backend 2.0.55) [cc 13.3.0],lerna-invalid,59250,50000,2023625,555901667,52324,0
jsu-c,jsu 0.9.17 (jmc backend 2.0.55) [cc 13.3.0],nest-cli,97208,95542,4689334,637518250,52200,0
jsu-c,jsu 0.9.17 (jmc backend 2.0.55) [cc 13.3.0],nest-cli-invalid,59208,59625,3167542,637344126,52148,0
jsu-c,jsu 0.9.17 (jmc backend 2.0.55) [cc 13.3.0],omnisharp,137167,121875,4683500,654880000,52192,0
jsu-c,jsu 0.9.17 (jmc backend 2.0.55) [cc 13.3.0],omnisharp-invalid,94083,81583,5495292,656570167,52240,0
jsu-c,jsu 0.9.17 (jmc backend 2.0.55) [cc 13.3.0],pre-commit-hooks,188459,182875,4414625,676043000,52156,0
jsu-c,jsu 0.9.17 (jmc backend 2.0.55) [cc 13.3.0],pre-commit-hooks-invalid,107209,82125,5050583,664589500,52128,0
jsu-c,jsu 0.9.17 (jmc backend 2.0.55) [cc 13.3.0],pulumi,284000,235458,9530833,599825833,52128,0
jsu-c,jsu 0.9.17 (jmc backend 2.0.55) [cc 13.3.0],pulumi-invalid,221375,156542,10190875,596874709,52144,0
jsu-c,jsu 0.9.17 (jmc backend 2.0.55) [cc 13.3.0],semantic-release,69167,51292,3111958,542763375,52112,0
jsu-c,jsu 0.9.17 (jmc backend 2.0.55) [cc 13.3.0],semantic-release-invalid,41708,36750,3623334,543596833,52168,0
jsu-c,jsu 0.9.17 (jmc backend 2.0.55) [cc 13.3.0],stale,117542,111459,3132167,551551500,52180,0
jsu-c,jsu 0.9.17 (jmc backend 2.0.55) [cc 13.3.0],stale-invalid,56791,46500,3598667,546157583,52304,0
jsu-c,jsu 0.9.17 (jmc backend 2.0.55) [cc 13.3.0],stylecop-rmUniqueItems,151667,110625,4252792,606027834,52148,0
jsu-c,jsu 0.9.17 (jmc backend 2.0.55) [cc 13.3.0],stylecop-rmUniqueItems-invalid,69666,66000,4400375,606269000,52172,0
jsu-c,jsu 0.9.17 (jmc backend 2.0.55) [cc 13.3.0],tmuxinator,35750,38083,2010583,552878626,52176,0
jsu-c,jsu 0.9.17 (jmc backend 2.0.55) [cc 13.3.0],tmuxinator-invalid,13291,10625,2161708,554165501,52324,0
jsu-c,jsu 0.9.17 (jmc backend 2.0.55) [cc 13.3.0],ui5,349291,294291,4087250,1536871612,93536,0
jsu-c,jsu 0.9.17 (jmc backend 2.0.55) [cc 13.3.0],ui5-invalid,426625,389208,4238958,1551951585,93204,0
jsu-c,jsu 0.9.17 (jmc backend 2.0.55) [cc 13.3.0],unreal-engine-uproject-rmUniqueItems,190125,164500,3104000,625001500,52200,0
jsu-c,jsu 0.9.17 (jmc backend 2.0.55) [cc 13.3.0],unreal-engine-uproject-rmUniqueItems-invalid,125083,103458,3540459,616429626,52112,0
jsu-c,jsu 0.9.17 (jmc backend 2.0.55) [cc 13.3.0],vercel,210292,187709,2425625,872913708,59232,0
jsu-c,jsu 0.9.17 (jmc backend 2.0.55) [cc 13.3.0],vercel-invalid,120000,73000,2741417,871072917,59204,0
jsu-c,jsu 0.9.17 (jmc backend 2.0.55) [cc 13.3.0],yamllint,21334,18667,3201458,533013208,52220,0
jsu-c,jsu 0.9.17 (jmc backend 2.0.55) [cc 13.3.0],yamllint-invalid,15834,12208,3728958,534729583,52112,0
jsu-c,jsu 0.9.17 (jmc backend 2.0.55) [cc 13.3.0],zschema-advanced-rmUniqueItems-invalid,2537000,1696542,57964417,600734667,58588,0
jsu-c,jsu 0.9.17 (jmc backend 2.0.55) [cc 13.3.0],zschema-advanced-rmUniqueItems-valid,3927250,3560583,33380750,600680708,52168,0
jsu-c,jsu 0.9.17 (jmc backend 2.0.55) [cc 13.3.0],zschema-basic-rmUniqueItems-invalid,74000,45625,4924709,541656875,52196,0
jsu-c,jsu 0.9.17 (jmc backend 2.0.55) [cc 13.3.0],zschema-basic-rmUniqueItems-valid,121708,98083,4841167,545513917,52252,0
jsu-java,jsu 0.9.17 (jmc backend 2.0.55) [Java openjdk 21.0.12 2026-07-21],ajv-cosmicrealms-rmUniqueItems-invalid,33357209,13138375,62058750,477850500,319292,0
jsu-java,jsu 0.9.17 (jmc backend 2.0.55) [Java openjdk 21.0.12 2026-07-21],ajv-cosmicrealms-rmUniqueItems-valid,57258542,21585042,51208584,444347625,327088,0
jsu-java,jsu 0.9.17 (jmc backend 2.0.55) [Java openjdk 21.0.12 2026-07-21],ansible-meta,3093125,118917,4754417,696313417,146692,0
jsu-java,jsu 0.9.17 (jmc backend 2.0.55) [Java openjdk 21.0.12 2026-07-21],ansible-meta-invalid,2090834,76708,4694291,689534459,141332,0
jsu-java,jsu 0.9.17 (jmc backend 2.0.55) [Java openjdk 21.0.12 2026-07-21],aws-cdk,477167,48917,12308583,445923528,124104,0
jsu-java,jsu 0.9.17 (jmc backend 2.0.55) [Java openjdk 21.0.12 2026-07-21],aws-cdk-invalid,278084,24708,8473417,444925459,114548,0
jsu-java,jsu 0.9.17 (jmc backend 2.0.55) [Java openjdk 21.0.12 2026-07-21],babelrc,1890666,63167,6959917,529781583,135572,0
jsu-java,jsu 0.9.17 (jmc backend 2.0.55) [Java openjdk 21.0.12 2026-07-21],babelrc-invalid,1808250,62250,9568375,530423042,136996,0
jsu-java,jsu 0.9.17 (jmc backend 2.0.55) [Java openjdk 21.0.12 2026-07-21],clang-format,1167250,52084,3200542,703969834,145444,0
jsu-java,jsu 0.9.17 (jmc backend 2.0.55) [Java openjdk 21.0.12 2026-07-21],clang-format-invalid,1016458,38167,3745250,704624042,138244,0
jsu-java,jsu 0.9.17 (jmc backend 2.0.55) [Java openjdk 21.0.12 2026-07-21],cmake-presets,19343375,2161292,27748333,1136358917,203896,0
jsu-java,jsu 0.9.17 (jmc backend 2.0.55) [Java openjdk 21.0.12 2026-07-21],cmake-presets-invalid,10564708,991000,25224375,1013557042,188880,0
jsu-java,jsu 0.9.17 (jmc backend 2.0.55) [Java openjdk 21.0.12 2026-07-21],code-climate,3154208,262625,14996625,466807167,134092,0
jsu-java,jsu 0.9.17 (jmc backend 2.0.55) [Java openjdk 21.0.12 2026-07-21],code-climate-invalid,3534583,304125,17293458,458483292,136560,0
jsu-java,jsu 0.9.17 (jmc backend 2.0.55) [Java openjdk 21.0.12 2026-07-21],cypress,2865500,192959,13170750,524924751,129820,0
jsu-java,jsu 0.9.17 (jmc backend 2.0.55) [Java openjdk 21.0.12 2026-07-21],cypress-invalid,1757417,83291,11076458,528975917,137452,0
jsu-java,jsu 0.9.17 (jmc backend 2.0.55) [Java openjdk 21.0.12 2026-07-21],deno-rmUniqueItems,4549750,335459,17362375,549473667,150228,0
jsu-java,jsu 0.9.17 (jmc backend 2.0.55) [Java openjdk 21.0.12 2026-07-21],deno-rmUniqueItems-invalid,2946084,219000,10186583,541675084,143856,0
jsu-java,jsu 0.9.17 (jmc backend 2.0.55) [Java openjdk 21.0.12 2026-07-21],dependabot,7776375,316000,13302459,468469625,137084,0
jsu-java,jsu 0.9.17 (jmc backend 2.0.55) [Java openjdk 21.0.12 2026-07-21],dependabot-invalid,2883917,211875,11139375,470360292,134036,0
jsu-java,jsu 0.9.17 (jmc backend 2.0.55) [Java openjdk 21.0.12 2026-07-21],draft-04-rmUniqueItems,22692250,4254209,52229250,512956084,240324,0
jsu-java,jsu 0.9.17 (jmc backend 2.0.55) [Java openjdk 21.0.12 2026-07-21],draft-04-rmUniqueItems-invalid,8976500,1288166,50510834,519181792,154308,0
jsu-java,jsu 0.9.17 (jmc backend 2.0.55) [Java openjdk 21.0.12 2026-07-21],example-address-invalid,4172333,976250,22859042,452250334,116152,0
jsu-java,jsu 0.9.17 (jmc backend 2.0.55) [Java openjdk 21.0.12 2026-07-21],example-address-valid,4294584,1225584,21642791,449988083,117992,0
jsu-java,jsu 0.9.17 (jmc backend 2.0.55) [Java openjdk 21.0.12 2026-07-21],example-blogpost-invalid,32083209,5641542,48885834,457013750,301876,0
jsu-java,jsu 0.9.17 (jmc backend 2.0.55) [Java openjdk 21.0.12 2026-07-21],example-blogpost-valid,47413375,5592958,32744500,440524041,325244,0
jsu-java,jsu 0.9.17 (jmc backend 2.0.55) [Java openjdk 21.0.12 2026-07-21],example-calendar-invalid,7497917,2043000,62066459,449879209,128632,0
jsu-java,jsu 0.9.17 (jmc backend 2.0.55) [Java openjdk 21.0.12 2026-07-21],example-calendar-valid,9612875,3422792,33862459,441360375,113704,0
jsu-java,jsu 0.9.17 (jmc backend 2.0.55) [Java openjdk 21.0.12 2026-07-21],example-devicetype-invalid,6043584,802167,40336167,449411792,126648,0
jsu-java,jsu 0.9.17 (jmc backend 2.0.55) [Java openjdk 21.0.12 2026-07-21],example-devicetype-valid,3507833,748209,22847750,446070709,124528,0
jsu-java,jsu 0.9.17 (jmc backend 2.0.55) [Java openjdk 21.0.12 2026-07-21],example-health-record-invalid,20385625,3755375,61101125,456171125,321028,0
jsu-java,jsu 0.9.17 (jmc backend 2.0.55) [Java openjdk 21.0.12 2026-07-21],example-health-record-valid,37275542,4476625,38069833,458891875,320168,0
jsu-java,jsu 0.9.17 (jmc backend 2.0.55) [Java openjdk 21.0.12 2026-07-21],example-job-posting-invalid,13432375,1663417,41788292,444368126,299436,0
jsu-java,jsu 0.9.17 (jmc backend 2.0.55) [Java openjdk 21.0.12 2026-07-21],example-job-posting-valid,18246417,1609417,24724333,446334208,247912,0
jsu-java,jsu 0.9.17 (jmc backend 2.0.55) [Java openjdk 21.0.12 2026-07-21],example-movie-invalid,17780834,2028958,44891291,445789459,292104,0
jsu-java,jsu 0.9.17 (jmc backend 2.0.55) [Java openjdk 21.0.12 2026-07-21],example-movie-valid,20203625,1774583,23503250,454937959,255500,0
jsu-java,jsu 0.9.17 (jmc backend 2.0.55) [Java openjdk 21.0.12 2026-07-21],example-userprofile-invalid,11554333,2374000,43744334,442918084,299772,0
jsu-java,jsu 0.9.17 (jmc backend 2.0.55) [Java openjdk 21.0.12 2026-07-21],example-userprofile-valid,15176292,2743583,24788292,460878833,281204,0
jsu-java,jsu 0.9.17 (jmc backend 2.0.55) [Java openjdk 21.0.12 2026-07-21],fabric-mod,5589542,444541,10552833,512774319,143604,0
jsu-java,jsu 0.9.17 (jmc backend 2.0.55) [Java openjdk 21.0.12 2026-07-21],fabric-mod-invalid,3364833,218833,10053875,506338583,131056,0
jsu-java,jsu 0.9.17 (jmc backend 2.0.55) [Java openjdk 21.0.12 2026-07-21],geojson,28356583,5792167,253741291,689839875,340268,0
jsu-java,jsu 0.9.17 (jmc backend 2.0.55) [Java openjdk 21.0.12 2026-07-21],geojson-invalid,22065416,3033292,240409167,683861667,314124,0
jsu-java,jsu 0.9.17 (jmc backend 2.0.55) [Java openjdk 21.0.12 2026-07-21],gitpod-configuration,3107875,182917,10015541,496105375,128036,0
jsu-java,jsu 0.9.17 (jmc backend 2.0.55) [Java openjdk 21.0.12 2026-07-21],gitpod-configuration-invalid,2411833,132833,10347083,508178167,122948,0
jsu-java,jsu 0.9.17 (jmc backend 2.0.55) [Java openjdk 21.0.12 2026-07-21],importmap,2148208,211250,10966083,445505001,125764,0
jsu-java,jsu 0.9.17 (jmc backend 2.0.55) [Java openjdk 21.0.12 2026-07-21],importmap-invalid,1375750,113875,10794166,446551750,115436,0
jsu-java,jsu 0.9.17 (jmc backend 2.0.55) [Java openjdk 21.0.12 2026-07-21],jasmine,2411625,96333,7913125,453945000,132336,0
jsu-java,jsu 0.9.17 (jmc backend 2.0.55) [Java openjdk 21.0.12 2026-07-21],jasmine-invalid,1874167,98750,8594500,447436251,135292,0
jsu-java,jsu 0.9.17 (jmc backend 2.0.55) [Java openjdk 21.0.12 2026-07-21],jsck-complex-invalid,12126375,4196000,31009625,485129125,173660,0
jsu-java,jsu 0.9.17 (jmc backend 2.0.55) [Java openjdk 21.0.12 2026-07-21],jsck-complex-valid,5582000,886500,25638500,565403667,135312,0
jsu-java,jsu 0.9.17 (jmc backend 2.0.55) [Java openjdk 21.0.12 2026-07-21],jsck-medium-invalid,13455958,1564750,54632541,483514959,337064,0
jsu-java,jsu 0.9.17 (jmc backend 2.0.55) [Java openjdk 21.0.12 2026-07-21],jsck-medium-valid,34011125,4379708,41885625,453342708,324984,0
jsu-java,jsu 0.9.17 (jmc backend 2.0.55) [Java openjdk 21.0.12 2026-07-21],jsconfig-rmUniqueItems,4223625,244750,9049209,724380292,175352,0
jsu-java,jsu 0.9.17 (jmc backend 2.0.55) [Java openjdk 21.0.12 2026-07-21],jsconfig-rmUniqueItems-invalid,3033375,156167,8210625,654964042,149104,0
jsu-java,jsu 0.9.17 (jmc backend 2.0.55) [Java openjdk 21.0.12 2026-07-21],jshintrc,4584542,420250,10671667,540062209,132876,0
jsu-java,jsu 0.9.17 (jmc backend 2.0.55) [Java openjdk 21.0.12 2026-07-21],jshintrc-invalid,3007584,365167,13043792,544215167,140728,0
jsu-java,jsu 0.9.17 (jmc backend 2.0.55) [Java openjdk 21.0.12 2026-07-21],katydid-conf-invalid,5349875,931875,36897208,456031709,125828,0
jsu-java,jsu 0.9.17 (jmc backend 2.0.55) [Java openjdk 21.0.12 2026-07-21],katydid-conf-valid,5464750,1084000,35915542,458750000,122628,0
jsu-java,jsu 0.9.17 (jmc backend 2.0.55) [Java openjdk 21.0.12 2026-07-21],lazygit-rmUniqueItems,2758291,115333,5198292,717656750,140436,0
jsu-java,jsu 0.9.17 (jmc backend 2.0.55) [Java openjdk 21.0.12 2026-07-21],lazygit-rmUniqueItems-invalid,1465208,51958,5690375,794324250,146840,0
jsu-java,jsu 0.9.17 (jmc backend 2.0.55) [Java openjdk 21.0.12 2026-07-21],lerna,1769084,133458,9810791,457392834,123644,0
jsu-java,jsu 0.9.17 (jmc backend 2.0.55) [Java openjdk 21.0.12 2026-07-21],lerna-invalid,977791,107208,11716833,469206334,135132,0
jsu-java,jsu 0.9.17 (jmc backend 2.0.55) [Java openjdk 21.0.12 2026-07-21],nest-cli,3009125,193126,9093084,548014958,142112,0
jsu-java,jsu 0.9.17 (jmc backend 2.0.55) [Java openjdk 21.0.12 2026-07-21],nest-cli-invalid,2267916,152625,9092625,530546000,132212,0
jsu-java,jsu 0.9.17 (jmc backend 2.0.55) [Java openjdk 21.0.12 2026-07-21],omnisharp,3833459,321250,12168083,609854209,132048,0
jsu-java,jsu 0.9.17 (jmc backend 2.0.55) [Java openjdk 21.0.12 2026-07-21],omnisharp-invalid,3100750,210791,12417750,567928333,132692,0
jsu-java,jsu 0.9.17 (jmc backend 2.0.55) [Java openjdk 21.0.12 2026-07-21],pre-commit-hooks,3312708,364292,9212792,525697958,127620,0
jsu-java,jsu 0.9.17 (jmc backend 2.0.55) [Java openjdk 21.0.12 2026-07-21],pre-commit-hooks-invalid,2353500,201875,10114333,524472709,141116,0
jsu-java,jsu 0.9.17 (jmc backend 2.0.55) [Java openjdk 21.0.12 2026-07-21],pulumi,7766709,384208,19917667,501831833,124724,0
jsu-java,jsu 0.9.17 (jmc backend 2.0.55) [Java openjdk 21.0.12 2026-07-21],pulumi-invalid,3628708,297542,20217916,510153376,121504,0
jsu-java,jsu 0.9.17 (jmc backend 2.0.55) [Java openjdk 21.0.12 2026-07-21],semantic-release,2088125,116875,10683125,489010834,123428,0
jsu-java,jsu 0.9.17 (jmc backend 2.0.55) [Java openjdk 21.0.12 2026-07-21],semantic-release-invalid,1751208,96541,11152958,461008708,134036,0
jsu-java,jsu 0.9.17 (jmc backend 2.0.55) [Java openjdk 21.0.12 2026-07-21],stale,2526250,180250,10094709,470438500,127160,0
jsu-java,jsu 0.9.17 (jmc backend 2.0.55) [Java openjdk 21.0.12 2026-07-21],stale-invalid,2157625,99541,11644208,463518875,114752,0
jsu-java,jsu 0.9.17 (jmc backend 2.0.55) [Java openjdk 21.0.12 2026-07-21],stylecop-rmUniqueItems,4727917,233625,10773667,501156792,177848,0
jsu-java,jsu 0.9.17 (jmc backend 2.0.55) [Java openjdk 21.0.12 2026-07-21],stylecop-rmUniqueItems-invalid,2804042,168708,10042500,492216084,141144,0
jsu-java,jsu 0.9.17 (jmc backend 2.0.55) [Java openjdk 21.0.12 2026-07-21],tmuxinator,1868125,68583,9183917,478469500,125964,0
jsu-java,jsu 0.9.17 (jmc backend 2.0.55) [Java openjdk 21.0.12 2026-07-21],tmuxinator-invalid,1076625,28916,8435792,482287709,134360,0
jsu-java,jsu 0.9.17 (jmc backend 2.0.55) [Java openjdk 21.0.12 2026-07-21],ui5,5844833,327542,8503791,988845751,151204,0
jsu-java,jsu 0.9.17 (jmc backend 2.0.55) [Java openjdk 21.0.12 2026-07-21],ui5-invalid,5113666,340458,10185250,991993751,150344,0
jsu-java,jsu 0.9.17 (jmc backend 2.0.55) [Java openjdk 21.0.12 2026-07-21],unreal-engine-uproject-rmUniqueItems,4735875,302708,9892959,500501042,144268,0
jsu-java,jsu 0.9.17 (jmc backend 2.0.55) [Java openjdk 21.0.12 2026-07-21],unreal-engine-uproject-rmUniqueItems-invalid,3764334,209292,10198708,508460042,148808,0
jsu-java,jsu 0.9.17 (jmc backend 2.0.55) [Java openjdk 21.0.12 2026-07-21],vercel,3169458,140625,7691666,664402001,144044,0
jsu-java,jsu 0.9.17 (jmc backend 2.0.55) [Java openjdk 21.0.12 2026-07-21],vercel-invalid,2700917,100291,7964875,674394903,144216,0
jsu-java,jsu 0.9.17 (jmc backend 2.0.55) [Java openjdk 21.0.12 2026-07-21],yamllint,363250,31333,9874583,455396417,125800,0
jsu-java,jsu 0.9.17 (jmc backend 2.0.55) [Java openjdk 21.0.12 2026-07-21],yamllint-invalid,277334,25750,9648958,450803792,125580,0
jsu-java,jsu 0.9.17 (jmc backend 2.0.55) [Java openjdk 21.0.12 2026-07-21],zschema-advanced-rmUniqueItems-invalid,16739667,3828708,55522708,474620375,360724,0
jsu-java,jsu 0.9.17 (jmc backend 2.0.55) [Java openjdk 21.0.12 2026-07-21],zschema-advanced-rmUniqueItems-valid,34890291,7719333,34592584,475594709,352732,0
jsu-java,jsu 0.9.17 (jmc backend 2.0.55) [Java openjdk 21.0.12 2026-07-21],zschema-basic-rmUniqueItems-invalid,714708,56208,15284083,437693833,116520,0
jsu-java,jsu 0.9.17 (jmc backend 2.0.55) [Java openjdk 21.0.12 2026-07-21],zschema-basic-rmUniqueItems-valid,966834,70166,14696084,449897500,124452,0
jsu-js,jsu 0.9.17 (jmc backend 2.0.55) [Node.js v26.6.0],ajv-cosmicrealms-rmUniqueItems-invalid,30259333,7317625,60609875,179801417,170200,0
jsu-js,jsu 0.9.17 (jmc backend 2.0.55) [Node.js v26.6.0],ajv-cosmicrealms-rmUniqueItems-valid,19286292,11491917,38394875,152924875,129328,0
jsu-js,jsu 0.9.17 (jmc backend 2.0.55) [Node.js v26.6.0],ansible-meta,2382375,220750,469458,252015917,68188,0
jsu-js,jsu 0.9.17 (jmc backend 2.0.55) [Node.js v26.6.0],ansible-meta-invalid,1993750,122291,828333,249241042,66900,0
jsu-js,jsu 0.9.17 (jmc backend 2.0.55) [Node.js v26.6.0],aws-cdk,182834,86000,922208,151542625,64576,0
jsu-js,jsu 0.9.17 (jmc backend 2.0.55) [Node.js v26.6.0],aws-cdk-invalid,183708,71833,653541,150028625,64376,0
jsu-js,jsu 0.9.17 (jmc backend 2.0.55) [Node.js v26.6.0],babelrc,1443291,149458,594792,161835917,64296,0
jsu-js,jsu 0.9.17 (jmc backend 2.0.55) [Node.js v26.6.0],babelrc-invalid,817334,150833,1323875,161493625,65080,0
jsu-js,jsu 0.9.17 (jmc backend 2.0.55) [Node.js v26.6.0],clang-format,1375167,112125,273584,197169833,66104,0
jsu-js,jsu 0.9.17 (jmc backend 2.0.55) [Node.js v26.6.0],clang-format-invalid,1529584,86875,416292,196216959,65228,0
jsu-js,jsu 0.9.17 (jmc backend 2.0.55) [Node.js v26.6.0],cmake-presets,17446375,4530500,9196084,360998084,91416,0
jsu-js,jsu 0.9.17 (jmc backend 2.0.55) [Node.js v26.6.0],cmake-presets-invalid,12393541,2166667,10306916,359151459,98812,0
jsu-js,jsu 0.9.17 (jmc backend 2.0.55) [Node.js v26.6.0],code-climate,921000,368792,4642334,156064875,72812,0
jsu-js,jsu 0.9.17 (jmc backend 2.0.55) [Node.js v26.6.0],code-climate-invalid,1385875,540083,4594875,155361750,73752,0
jsu-js,jsu 0.9.17 (jmc backend 2.0.55) [Node.js v26.6.0],cypress,1756209,280416,1994125,160647292,65188,0
jsu-js,jsu 0.9.17 (jmc backend 2.0.55) [Node.js v26.6.0],cypress-invalid,1024417,212583,1421208,159917458,63136,0
jsu-js,jsu 0.9.17 (jmc backend 2.0.55) [Node.js v26.6.0],deno-rmUniqueItems,2378250,475000,3862958,170455584,72748,0
jsu-js,jsu 0.9.17 (jmc backend 2.0.55) [Node.js v26.6.0],deno-rmUniqueItems-invalid,2078917,316625,2314417,171432917,74164,0
jsu-js,jsu 0.9.17 (jmc backend 2.0.55) [Node.js v26.6.0],dependabot,1841834,516417,1522083,156423251,65356,0
jsu-js,jsu 0.9.17 (jmc backend 2.0.55) [Node.js v26.6.0],dependabot-invalid,1002834,223458,1991750,158477917,69132,0
jsu-js,jsu 0.9.17 (jmc backend 2.0.55) [Node.js v26.6.0],draft-04-rmUniqueItems,20609959,9899000,19129333,162775958,162812,0
jsu-js,jsu 0.9.17 (jmc backend 2.0.55) [Node.js v26.6.0],draft-04-rmUniqueItems-invalid,10561875,3437083,18141416,159507042,126772,0
jsu-js,jsu 0.9.17 (jmc backend 2.0.55) [Node.js v26.6.0],example-address-invalid,6219458,5225292,10520167,149303042,130552,0
jsu-js,jsu 0.9.17 (jmc backend 2.0.55) [Node.js v26.6.0],example-address-valid,6601250,5752458,13596042,151077500,119120,0
jsu-js,jsu 0.9.17 (jmc backend 2.0.55) [Node.js v26.6.0],example-blogpost-invalid,11220792,7247625,40208708,150574292,206912,0
jsu-js,jsu 0.9.17 (jmc backend 2.0.55) [Node.js v26.6.0],example-blogpost-valid,13874292,10425167,21405750,149504833,143584,0
jsu-js,jsu 0.9.17 (jmc backend 2.0.55) [Node.js v26.6.0],example-calendar-invalid,7645666,5211458,74774083,151621792,234152,0
jsu-js,jsu 0.9.17 (jmc backend 2.0.55) [Node.js v26.6.0],example-calendar-valid,9315875,8087625,24326250,150549875,146864,0
jsu-js,jsu 0.9.17 (jmc backend 2.0.55) [Node.js v26.6.0],example-devicetype-invalid,3030625,1319584,30594833,153535041,92660,0
jsu-js,jsu 0.9.17 (jmc backend 2.0.55) [Node.js v26.6.0],example-devicetype-valid,3449709,3399833,5423458,153382833,182388,0
jsu-js,jsu 0.9.17 (jmc backend 2.0.55) [Node.js v26.6.0],example-health-record-invalid,9863000,6046458,65260125,148771208,246552,0
jsu-js,jsu 0.9.17 (jmc backend 2.0.55) [Node.js v26.6.0],example-health-record-valid,14853583,10996084,30482250,150851417,192316,0
jsu-js,jsu 0.9.17 (jmc backend 2.0.55) [Node.js v26.6.0],example-job-posting-invalid,5250875,3735000,33090625,150947001,195304,0
jsu-js,jsu 0.9.17 (jmc backend 2.0.55) [Node.js v26.6.0],example-job-posting-valid,7922250,6399084,13143250,154436042,130092,0
jsu-js,jsu 0.9.17 (jmc backend 2.0.55) [Node.js v26.6.0],example-movie-invalid,6217542,3973958,41328333,152622792,205320,0
jsu-js,jsu 0.9.17 (jmc backend 2.0.55) [Node.js v26.6.0],example-movie-valid,7939125,6079959,10999708,150186833,125944,0
jsu-js,jsu 0.9.17 (jmc backend 2.0.55) [Node.js v26.6.0],example-userprofile-invalid,5851583,3853125,35367709,148029500,195992,0
jsu-js,jsu 0.9.17 (jmc backend 2.0.55) [Node.js v26.6.0],example-userprofile-valid,7181333,5495125,11896250,149927375,124496,0
jsu-js,jsu 0.9.17 (jmc backend 2.0.55) [Node.js v26.6.0],fabric-mod,4451125,561917,2145208,170381125,75232,0
jsu-js,jsu 0.9.17 (jmc backend 2.0.55) [Node.js v26.6.0],fabric-mod-invalid,3558208,437417,2774541,169226208,77476,0
jsu-js,jsu 0.9.17 (jmc backend 2.0.55) [Node.js v26.6.0],geojson,13768458,3705542,85093209,239937542,236612,0
jsu-js,jsu 0.9.17 (jmc backend 2.0.55) [Node.js v26.6.0],geojson-invalid,21106584,3114000,85484208,238187209,271880,0
jsu-js,jsu 0.9.17 (jmc backend 2.0.55) [Node.js v26.6.0],gitpod-configuration,2881875,380750,1456375,165534125,67596,0
jsu-js,jsu 0.9.17 (jmc backend 2.0.55) [Node.js v26.6.0],gitpod-configuration-invalid,2150875,257792,2048333,165631917,70432,0
jsu-js,jsu 0.9.17 (jmc backend 2.0.55) [Node.js v26.6.0],importmap,2146750,373500,2082750,150049958,70916,0
jsu-js,jsu 0.9.17 (jmc backend 2.0.55) [Node.js v26.6.0],importmap-invalid,1747125,311833,3072250,149765542,71872,0
jsu-js,jsu 0.9.17 (jmc backend 2.0.55) [Node.js v26.6.0],jasmine,560042,252167,483292,152177333,61872,0
jsu-js,jsu 0.9.17 (jmc backend 2.0.55) [Node.js v26.6.0],jasmine-invalid,401209,122917,908958,153685459,62256,0
jsu-js,jsu 0.9.17 (jmc backend 2.0.55) [Node.js v26.6.0],jsck-complex-invalid,9756750,4437292,7330250,164479251,88360,0
jsu-js,jsu 0.9.17 (jmc backend 2.0.55) [Node.js v26.6.0],jsck-complex-valid,5554584,1348000,9017084,192640459,88164,0
jsu-js,jsu 0.9.17 (jmc backend 2.0.55) [Node.js v26.6.0],jsck-medium-invalid,6982500,3104208,28907125,150319084,119560,0
jsu-js,jsu 0.9.17 (jmc backend 2.0.55) [Node.js v26.6.0],jsck-medium-valid,12724500,7183209,16348792,153763333,91928,0
jsu-js,jsu 0.9.17 (jmc backend 2.0.55) [Node.js v26.6.0],jsconfig-rmUniqueItems,2793958,433666,1613167,197076917,67100,0
jsu-js,jsu 0.9.17 (jmc backend 2.0.55) [Node.js v26.6.0],jsconfig-rmUniqueItems-invalid,2216958,269917,1782916,198437167,66864,0
jsu-js,jsu 0.9.17 (jmc backend 2.0.55) [Node.js v26.6.0],jshintrc,3142417,789208,3171542,160566667,68952,0
jsu-js,jsu 0.9.17 (jmc backend 2.0.55) [Node.js v26.6.0],jshintrc-invalid,2506375,550667,3409542,156611500,69848,0
jsu-js,jsu 0.9.17 (jmc backend 2.0.55) [Node.js v26.6.0],katydid-conf-invalid,3721709,2189834,16194542,153226708,149852,0
jsu-js,jsu 0.9.17 (jmc backend 2.0.55) [Node.js v26.6.0],katydid-conf-valid,4123500,3423542,20244209,153390667,131276,0
jsu-js,jsu 0.9.17 (jmc backend 2.0.55) [Node.js v26.6.0],lazygit-rmUniqueItems,2295917,159334,580667,226065292,75172,0
jsu-js,jsu 0.9.17 (jmc backend 2.0.55) [Node.js v26.6.0],lazygit-rmUniqueItems-invalid,1452334,93250,752209,224616917,73128,0
jsu-js,jsu 0.9.17 (jmc backend 2.0.55) [Node.js v26.6.0],lerna,749167,268541,1077000,153204250,68120,0
jsu-js,jsu 0.9.17 (jmc backend 2.0.55) [Node.js v26.6.0],lerna-invalid,620500,173375,1505834,151788375,66136,0
jsu-js,jsu 0.9.17 (jmc backend 2.0.55) [Node.js v26.6.0],nest-cli,2112042,408083,1375625,168483084,64808,0
jsu-js,jsu 0.9.17 (jmc backend 2.0.55) [Node.js v26.6.0],nest-cli-invalid,1272875,244000,1789750,172824459,69004,0
jsu-js,jsu 0.9.17 (jmc backend 2.0.55) [Node.js v26.6.0],omnisharp,2997375,520667,1349500,165317125,70504,0
jsu-js,jsu 0.9.17 (jmc backend 2.0.55) [Node.js v26.6.0],omnisharp-invalid,2173958,482833,1400875,164511375,72676,0
jsu-js,jsu 0.9.17 (jmc backend 2.0.55) [Node.js v26.6.0],pre-commit-hooks,3050417,533458,1500042,161133291,72796,0
jsu-js,jsu 0.9.17 (jmc backend 2.0.55) [Node.js v26.6.0],pre-commit-hooks-invalid,2507958,323042,2457000,159369167,75324,0
jsu-js,jsu 0.9.17 (jmc backend 2.0.55) [Node.js v26.6.0],pulumi,3672916,968125,5853500,165446458,80412,0
jsu-js,jsu 0.9.17 (jmc backend 2.0.55) [Node.js v26.6.0],pulumi-invalid,1751958,469000,7429625,166973250,77932,0
jsu-js,jsu 0.9.17 (jmc backend 2.0.55) [Node.js v26.6.0],semantic-release,891750,158541,1572833,151296251,64740,0
jsu-js,jsu 0.9.17 (jmc backend 2.0.55) [Node.js v26.6.0],semantic-release-invalid,636250,123625,1972458,151019208,64996,0
jsu-js,jsu 0.9.17 (jmc backend 2.0.55) [Node.js v26.6.0],stale,861667,235292,1080959,150828209,64584,0
jsu-js,jsu 0.9.17 (jmc backend 2.0.55) [Node.js v26.6.0],stale-invalid,529291,143667,1483584,152340458,66100,0
jsu-js,jsu 0.9.17 (jmc backend 2.0.55) [Node.js v26.6.0],stylecop-rmUniqueItems,3376250,421292,1088125,160370166,73504,0
jsu-js,jsu 0.9.17 (jmc backend 2.0.55) [Node.js v26.6.0],stylecop-rmUniqueItems-invalid,2120375,320708,1714125,160154333,74268,0
jsu-js,jsu 0.9.17 (jmc backend 2.0.55) [Node.js v26.6.0],tmuxinator,1251208,128791,971250,153245125,64320,0
jsu-js,jsu 0.9.17 (jmc backend 2.0.55) [Node.js v26.6.0],tmuxinator-invalid,353875,88458,1449458,154048708,64612,0
jsu-js,jsu 0.9.17 (jmc backend 2.0.55) [Node.js v26.6.0],ui5,7027875,690500,1686500,479000542,81920,0
jsu-js,jsu 0.9.17 (jmc backend 2.0.55) [Node.js v26.6.0],ui5-invalid,6101625,619500,2260917,482884959,76996,0
jsu-js,jsu 0.9.17 (jmc backend 2.0.55) [Node.js v26.6.0],unreal-engine-uproject-rmUniqueItems,2036000,606875,1255875,163613083,65824,0
jsu-js,jsu 0.9.17 (jmc backend 2.0.55) [Node.js v26.6.0],unreal-engine-uproject-rmUniqueItems-invalid,1625750,364584,1769666,161231083,65320,0
jsu-js,jsu 0.9.17 (jmc backend 2.0.55) [Node.js v26.6.0],vercel,3836625,790916,832334,221888000,66400,0
jsu-js,jsu 0.9.17 (jmc backend 2.0.55) [Node.js v26.6.0],vercel-invalid,2418792,338417,1450833,218039959,65844,0
jsu-js,jsu 0.9.17 (jmc backend 2.0.55) [Node.js v26.6.0],yamllint,538416,76583,1275542,148469500,60688,0
jsu-js,jsu 0.9.17 (jmc backend 2.0.55) [Node.js v26.6.0],yamllint-invalid,146167,82708,1813000,150758291,62792,0
jsu-js,jsu 0.9.17 (jmc backend 2.0.55) [Node.js v26.6.0],zschema-advanced-rmUniqueItems-invalid,10334459,4063250,44540667,158077583,129836,0
jsu-js,jsu 0.9.17 (jmc backend 2.0.55) [Node.js v26.6.0],zschema-advanced-rmUniqueItems-valid,14120333,7495792,15621084,161102875,93056,0
jsu-js,jsu 0.9.17 (jmc backend 2.0.55) [Node.js v26.6.0],zschema-basic-rmUniqueItems-invalid,481708,169166,3293708,154495625,73436,0
jsu-js,jsu 0.9.17 (jmc backend 2.0.55) [Node.js v26.6.0],zschema-basic-rmUniqueItems-valid,862292,440792,3045583,151480667,90956,0
jsu-py,jsu 0.9.17 (jmc backend 2.0.55) [Python 3.12.3],ajv-cosmicrealms-rmUniqueItems-invalid,147711754,146382809,52060366,162433041,74028,0
jsu-py,jsu 0.9.17 (jmc backend 2.0.55) [Python 3.12.3],ajv-cosmicrealms-rmUniqueItems-valid,303207397,298513174,33612251,158673167,66060,0
jsu-py,jsu 0.9.17 (jmc backend 2.0.55) [Python 3.12.3],ansible-meta,1094580,1042366,700474,248903583,36280,0
jsu-py,jsu 0.9.17 (jmc backend 2.0.55) [Python 3.12.3],ansible-meta-invalid,489712,424147,757456,246804792,35616,0
jsu-py,jsu 0.9.17 (jmc backend 2.0.55) [Python 3.12.3],aws-cdk,147104,136137,1784325,156335083,37080,0
jsu-py,jsu 0.9.17 (jmc backend 2.0.55) [Python 3.12.3],aws-cdk-invalid,79155,64373,971079,159191167,34200,0
jsu-py,jsu 0.9.17 (jmc backend 2.0.55) [Python 3.12.3],babelrc,358105,324011,994921,170911250,34208,0
jsu-py,jsu 0.9.17 (jmc backend 2.0.55) [Python 3.12.3],babelrc-invalid,281572,273466,1279354,168221000,36216,0
jsu-py,jsu 0.9.17 (jmc backend 2.0.55) [Python 3.12.3],clang-format,188589,142097,245094,207025167,35372,0
jsu-py,jsu 0.9.17 (jmc backend 2.0.55) [Python 3.12.3],clang-format-invalid,149965,85592,333071,207695208,35524,0
jsu-py,jsu 0.9.17 (jmc backend 2.0.55) [Python 3.12.3],cmake-presets,36944628,36504030,11713028,353740750,51732,0
jsu-py,jsu 0.9.17 (jmc backend 2.0.55) [Python 3.12.3],cmake-presets-invalid,18391609,18000126,11681080,354753125,54036,0
jsu-py,jsu 0.9.17 (jmc backend 2.0.55) [Python 3.12.3],code-climate,666618,629425,5985260,164044792,39812,0
jsu-py,jsu 0.9.17 (jmc backend 2.0.55) [Python 3.12.3],code-climate-invalid,1069069,1035929,7403374,161342709,40912,0
jsu-py,jsu 0.9.17 (jmc backend 2.0.55) [Python 3.12.3],cypress,497818,492811,2501965,173623708,35492,0
jsu-py,jsu 0.9.17 (jmc backend 2.0.55) [Python 3.12.3],cypress-invalid,300169,304461,1333475,169516917,34352,0
jsu-py,jsu 0.9.17 (jmc backend 2.0.55) [Python 3.12.3],deno-rmUniqueItems,4718542,4558325,3923416,180154458,38080,0
jsu-py,jsu 0.9.17 (jmc backend 2.0.55) [Python 3.12.3],deno-rmUniqueItems-invalid,1763582,1666069,2213717,178734458,37672,0
jsu-py,jsu 0.9.17 (jmc backend 2.0.55) [Python 3.12.3],dependabot,1653194,1677990,2512932,167156917,35912,0
jsu-py,jsu 0.9.17 (jmc backend 2.0.55) [Python 3.12.3],dependabot-invalid,683308,608444,2718449,164822292,36068,0
jsu-py,jsu 0.9.17 (jmc backend 2.0.55) [Python 3.12.3],draft-04-rmUniqueItems,21178484,19679070,35620213,170457625,69416,0
jsu-py,jsu 0.9.17 (jmc backend 2.0.55) [Python 3.12.3],draft-04-rmUniqueItems-invalid,7409811,6327391,30431986,165150375,67476,0
jsu-py,jsu 0.9.17 (jmc backend 2.0.55) [Python 3.12.3],example-address-invalid,3463268,3345490,10661364,157920375,43852,0
jsu-py,jsu 0.9.17 (jmc backend 2.0.55) [Python 3.12.3],example-address-valid,3900290,3638744,11649132,161587625,44160,0
jsu-py,jsu 0.9.17 (jmc backend 2.0.55) [Python 3.12.3],example-blogpost-invalid,43188572,40368319,39967060,160441083,62892,0
jsu-py,jsu 0.9.17 (jmc backend 2.0.55) [Python 3.12.3],example-blogpost-valid,48219919,45219421,24455547,162278167,54820,0
jsu-py,jsu 0.9.17 (jmc backend 2.0.55) [Python 3.12.3],example-calendar-invalid,3385782,3093958,33047915,159767875,66220,0
jsu-py,jsu 0.9.17 (jmc backend 2.0.55) [Python 3.12.3],example-calendar-valid,5619287,5489111,19258261,159445125,51080,0
jsu-py,jsu 0.9.17 (jmc backend 2.0.55) [Python 3.12.3],example-devicetype-invalid,1950502,1799583,21082878,162220834,52236,0
jsu-py,jsu 0.9.17 (jmc backend 2.0.55) [Python 3.12.3],example-devicetype-valid,2991676,2930641,9277582,161414958,41260,0
jsu-py,jsu 0.9.17 (jmc backend 2.0.55) [Python 3.12.3],example-health-record-invalid,17480612,15150785,51141977,161526667,72776,0
jsu-py,jsu 0.9.17 (jmc backend 2.0.55) [Python 3.12.3],example-health-record-valid,43055058,38994312,28483391,161891917,62320,0
jsu-py,jsu 0.9.17 (jmc backend 2.0.55) [Python 3.12.3],example-job-posting-invalid,2459526,2271891,21532059,158108417,53576,0
jsu-py,jsu 0.9.17 (jmc backend 2.0.55) [Python 3.12.3],example-job-posting-valid,3391743,3285885,12109995,157775500,44192,0
jsu-py,jsu 0.9.17 (jmc backend 2.0.55) [Python 3.12.3],example-movie-invalid,3202677,3006458,26060581,158672875,57816,0
jsu-py,jsu 0.9.17 (jmc backend 2.0.55) [Python 3.12.3],example-movie-valid,4662037,4551172,12569189,158813375,47380,0
jsu-py,jsu 0.9.17 (jmc backend 2.0.55) [Python 3.12.3],example-userprofile-invalid,43874025,41456223,24201870,158944292,55880,0
jsu-py,jsu 0.9.17 (jmc backend 2.0.55) [Python 3.12.3],example-userprofile-valid,43988228,40415049,13797045,157511500,46936,0
jsu-py,jsu 0.9.17 (jmc backend 2.0.55) [Python 3.12.3],fabric-mod,3367901,3260374,3342628,177337000,37056,0
jsu-py,jsu 0.9.17 (jmc backend 2.0.55) [Python 3.12.3],fabric-mod-invalid,1086473,998020,3618002,175950625,39028,0
jsu-py,jsu 0.9.17 (jmc backend 2.0.55) [Python 3.12.3],geojson,146638632,144700289,193095922,246798625,210856,0
jsu-py,jsu 0.9.17 (jmc backend 2.0.55) [Python 3.12.3],geojson-invalid,73545694,72580576,191671371,245128959,213084,0
jsu-py,jsu 0.9.17 (jmc backend 2.0.55) [Python 3.12.3],gitpod-configuration,966311,938177,1924276,175595542,35132,0
jsu-py,jsu 0.9.17 (jmc backend 2.0.55) [Python 3.12.3],gitpod-configuration-invalid,516653,493288,2220392,171364833,35648,0
jsu-py,jsu 0.9.17 (jmc backend 2.0.55) [Python 3.12.3],importmap,280142,289440,1922846,159689042,37228,0
jsu-py,jsu 0.9.17 (jmc backend 2.0.55) [Python 3.12.3],importmap-invalid,210047,205517,2320766,159948375,35644,0
jsu-py,jsu 0.9.17 (jmc backend 2.0.55) [Python 3.12.3],jasmine,481606,460625,1032829,162435250,34104,0
jsu-py,jsu 0.9.17 (jmc backend 2.0.55) [Python 3.12.3],jasmine-invalid,193119,173569,1262665,165206750,34236,0
jsu-py,jsu 0.9.17 (jmc backend 2.0.55) [Python 3.12.3],jsck-complex-invalid,27104139,28627634,9558678,176923334,46156,0
jsu-py,jsu 0.9.17 (jmc backend 2.0.55) [Python 3.12.3],jsck-complex-valid,3241539,3107309,11024952,202984917,45740,0
jsu-py,jsu 0.9.17 (jmc backend 2.0.55) [Python 3.12.3],jsck-medium-invalid,27635098,25337934,39353609,162958084,66828,0
jsu-py,jsu 0.9.17 (jmc backend 2.0.55) [Python 3.12.3],jsck-medium-valid,71271896,73780537,32956123,161990126,62604,0
jsu-py,jsu 0.9.17 (jmc backend 2.0.55) [Python 3.12.3],jsconfig-rmUniqueItems,3516197,3516197,1342297,212109500,36500,0
jsu-py,jsu 0.9.17 (jmc backend 2.0.55) [Python 3.12.3],jsconfig-rmUniqueItems-invalid,1747608,1654625,1730919,209696875,36584,0
jsu-py,jsu 0.9.17 (jmc backend 2.0.55) [Python 3.12.3],jshintrc,1302004,1239538,2422333,171756334,35424,0
jsu-py,jsu 0.9.17 (jmc backend 2.0.55) [Python 3.12.3],jshintrc-invalid,626564,597954,2788067,169912083,35800,0
jsu-py,jsu 0.9.17 (jmc backend 2.0.55) [Python 3.12.3],katydid-conf-invalid,2765417,2640724,19979477,165056875,53284,0
jsu-py,jsu 0.9.17 (jmc backend 2.0.55) [Python 3.12.3],katydid-conf-valid,3715754,3415346,23319006,164152625,55980,0
jsu-py,jsu 0.9.17 (jmc backend 2.0.55) [Python 3.12.3],lazygit-rmUniqueItems,792980,732183,611067,233532542,35728,0
jsu-py,jsu 0.9.17 (jmc backend 2.0.55) [Python 3.12.3],lazygit-rmUniqueItems-invalid,345230,271559,739336,236539333,35252,0
jsu-py,jsu 0.9.17 (jmc backend 2.0.55) [Python 3.12.3],lerna,394106,414371,1292706,165628625,34248,0
jsu-py,jsu 0.9.17 (jmc backend 2.0.55) [Python 3.12.3],lerna-invalid,306606,313997,1482248,164630875,34456,0
jsu-py,jsu 0.9.17 (jmc backend 2.0.55) [Python 3.12.3],nest-cli,754118,771999,1681805,183434334,34824,0
jsu-py,jsu 0.9.17 (jmc backend 2.0.55) [Python 3.12.3],nest-cli-invalid,462294,386238,2148867,182970792,35068,0
jsu-py,jsu 0.9.17 (jmc backend 2.0.55) [Python 3.12.3],omnisharp,1049042,1055479,2183199,176554667,35676,0
jsu-py,jsu 0.9.17 (jmc backend 2.0.55) [Python 3.12.3],omnisharp-invalid,641108,619411,2404928,175955375,37784,0
jsu-py,jsu 0.9.17 (jmc backend 2.0.55) [Python 3.12.3],pre-commit-hooks,1542807,1533985,2386093,172801792,37524,0
jsu-py,jsu 0.9.17 (jmc backend 2.0.55) [Python 3.12.3],pre-commit-hooks-invalid,680685,666380,2729416,173157292,35992,0
jsu-py,jsu 0.9.17 (jmc backend 2.0.55) [Python 3.12.3],pulumi,1991272,1971006,6606817,179188583,39848,0
jsu-py,jsu 0.9.17 (jmc backend 2.0.55) [Python 3.12.3],pulumi-invalid,736713,680447,6838322,177535584,40080,0
jsu-py,jsu 0.9.17 (jmc backend 2.0.55) [Python 3.12.3],semantic-release,396967,412464,2199411,164683167,35304,0
jsu-py,jsu 0.9.17 (jmc backend 2.0.55) [Python 3.12.3],semantic-release-invalid,270844,277758,2426624,163133375,35628,0
jsu-py,jsu 0.9.17 (jmc backend 2.0.55) [Python 3.12.3],stale,705242,681877,1571894,161826542,34696,0
jsu-py,jsu 0.9.17 (jmc backend 2.0.55) [Python 3.12.3],stale-invalid,366449,340223,1959801,160241625,36888,0
jsu-py,jsu 0.9.17 (jmc backend 2.0.55) [Python 3.12.3],stylecop-rmUniqueItems,3900051,4003048,1989365,166550458,35748,0
jsu-py,jsu 0.9.17 (jmc backend 2.0.55) [Python 3.12.3],stylecop-rmUniqueItems-invalid,1679420,1611948,2231598,172952375,35880,0
jsu-py,jsu 0.9.17 (jmc backend 2.0.55) [Python 3.12.3],tmuxinator,289917,322104,1161337,165823000,34468,0
jsu-py,jsu 0.9.17 (jmc backend 2.0.55) [Python 3.12.3],tmuxinator-invalid,96560,80585,1292706,166003792,34448,0
jsu-py,jsu 0.9.17 (jmc backend 2.0.55) [Python 3.12.3],ui5,2862930,2722263,2677441,479944944,42308,0
jsu-py,jsu 0.9.17 (jmc backend 2.0.55) [Python 3.12.3],ui5-invalid,2151966,1985788,2945185,485066834,42308,0
jsu-py,jsu 0.9.17 (jmc backend 2.0.55) [Python 3.12.3],unreal-engine-uproject-rmUniqueItems,4112720,3950119,1902342,172195208,35328,0
jsu-py,jsu 0.9.17 (jmc backend 2.0.55) [Python 3.12.3],unreal-engine-uproject-rmUniqueItems-invalid,2400398,2219915,2186775,172444333,35504,0
jsu-py,jsu 0.9.17 (jmc backend 2.0.55) [Python 3.12.3],vercel,979185,916481,1455784,235731083,35480,0
jsu-py,jsu 0.9.17 (jmc backend 2.0.55) [Python 3.12.3],vercel-invalid,638485,487328,1889944,229914459,35484,0
jsu-py,jsu 0.9.17 (jmc backend 2.0.55) [Python 3.12.3],yamllint,76532,67234,2130985,158293000,35340,0
jsu-py,jsu 0.9.17 (jmc backend 2.0.55) [Python 3.12.3],yamllint-invalid,105381,94414,2389908,159162042,37376,0
jsu-py,jsu 0.9.17 (jmc backend 2.0.55) [Python 3.12.3],zschema-advanced-rmUniqueItems-invalid,52158833,53185225,46319485,169701333,69176,0
jsu-py,jsu 0.9.17 (jmc backend 2.0.55) [Python 3.12.3],zschema-advanced-rmUniqueItems-valid,103470802,104063988,30907631,168116583,58048,0
jsu-py,jsu 0.9.17 (jmc backend 2.0.55) [Python 3.12.3],zschema-basic-rmUniqueItems-invalid,324965,271559,2623320,161608291,35648,0
jsu-py,jsu 0.9.17 (jmc backend 2.0.55) [Python 3.12.3],zschema-basic-rmUniqueItems-valid,590086,540972,2586126,167201042,35532,0
jsv,,ajv-cosmicrealms-rmUniqueItems-invalid,294312542,250237417,80723250,16026834,261232,0
jsv,,ajv-cosmicrealms-rmUniqueItems-valid,275283875,258145375,52473500,16242875,212324,0
jsv,,ansible-meta,31182250,27651375,999667,22476833,126216,0
jsv,,ansible-meta-invalid,29771167,34528375,1043333,20727334,121692,0
jsv,,aws-cdk,3821000,1143125,3158333,17382083,119976,0
jsv,,aws-cdk-invalid,3364334,1056417,1449583,17148166,116536,0
jsv,,babelrc,5096208,3259583,999916,19159625,113020,0
jsv,,babelrc-invalid,5837583,3459750,1567792,18640542,114672,0
jsv,,clang-format,3139333,1431833,296209,18348375,115380,0
jsv,,clang-format-invalid,3885791,1543792,422500,19901167,113056,0
jsv,,cmake-presets,894172126,2180811751,20386958,21464834,198312,0
jsv,,cmake-presets-invalid,1863699001,2336896293,21970167,21785583,181408,0
jsv,,code-climate,8307041,3839583,8849084,16888875,147292,0
jsv,,code-climate-invalid,19156667,12350958,10685833,19923917,145908,0
jsv,,cypress,6392417,3525958,3915500,18595042,121380,0
jsv,,cypress-invalid,6315500,3510625,1841416,19175666,120856,0
jsv,,deno-rmUniqueItems,9678500,5300667,7570084,18308500,143300,0
jsv,,deno-rmUniqueItems-invalid,9552750,13407166,3433709,18324333,134520,0
jsv,,dependabot,10630750,8256333,3166084,18556500,140548,0
jsv,,dependabot-invalid,12178417,16044083,3789292,17737292,136916,0
jsv,,draft-04-rmUniqueItems,189561001,187166125,67398708,19474542,239060,0
jsv,,draft-04-rmUniqueItems-invalid,194312750,171183208,64098125,19395250,257116,0
jsv,,example-address-invalid,26816708,22708792,14132000,15396666,166112,0
jsv,,example-address-valid,26640167,24116667,14886542,15126708,175592,0
jsv,,example-blogpost-invalid,132300542,88553875,44723834,17571958,240224,0
jsv,,example-blogpost-valid,112112000,96783792,29466709,17233542,196636,0
jsv,,example-calendar-invalid,58874875,42299042,50990959,17063166,235528,0
jsv,,example-calendar-valid,48514791,43252500,28041209,17348625,174360,0
jsv,,example-devicetype-invalid,46365625,35283334,33619083,16230000,199600,0
jsv,,example-devicetype-valid,42907375,39652334,10929666,15933000,176916,0
jsv,,example-health-record-invalid,164033041,110352625,64346709,16765375,243256,0
jsv,,example-health-record-valid,134938667,110500750,38584958,17225584,203604,0
jsv,,example-job-posting-invalid,46186791,24044792,32315708,16504959,202376,0
jsv,,example-job-posting-valid,32576417,24092958,15219334,15067959,178300,0
jsv,,example-movie-invalid,67914500,33227708,40978166,15524833,223204,0
jsv,,example-movie-valid,47529458,34716042,15676625,15573042,190316,0
jsv,,example-userprofile-invalid,83453084,52388833,35567000,15978334,220032,0
jsv,,example-userprofile-valid,64852416,54555000,15718292,15740333,182964,0
jsv,,fabric-mod,19779292,17369417,4726250,19490625,132140,0
jsv,,fabric-mod-invalid,22204583,17558500,5400167,19999291,137692,0
jsv,,geojson,6336003961,5715898294,494904500,19329041,1127292,0
jsv,,geojson-invalid,7053163587,6417977128,482502166,18546125,1298512,0
jsv,,gitpod-configuration,8022750,5722750,3117083,20211917,121788,0
jsv,,gitpod-configuration-invalid,9088166,5204500,3210291,19383000,125444,0
jsv,,importmap,5625333,3717125,2372250,17884750,125820,0
jsv,,importmap-invalid,6826917,3577959,3307958,18794958,132580,0
jsv,,jasmine,5297334,3661542,1005416,18822250,120348,0
jsv,,jasmine-invalid,5908291,3517458,1585208,19697125,120512,0
jsv,,jsck-complex-invalid,101497917,164391708,15215166,16718166,169004,0
jsv,,jsck-complex-valid,334976667,206784750,15523959,16928666,160568,0
jsv,,jsck-medium-invalid,140920041,115613292,51566750,15575333,231300,0
jsv,,jsck-medium-valid,140302000,127760584,36216834,15628083,205116,0
jsv,,jsconfig-rmUniqueItems,15144542,12971000,1839917,19750375,120968,0
jsv,,jsconfig-rmUniqueItems-invalid,16414875,13729000,2561667,21202875,125676,0
jsv,,jshintrc,11765417,10211166,4635875,17550625,129560,0
jsv,,jshintrc-invalid,13298083,10272250,5717792,18276083,130396,0
jsv,,katydid-conf-invalid,51020000,39256333,34363708,16058416,175368,0
jsv,,katydid-conf-valid,61532500,49518417,34212375,16529667,202188,0
jsv,,lazygit-rmUniqueItems,5018667,2953541,1034583,21936209,118840,0
jsv,,lazygit-rmUniqueItems-invalid,5649250,2852167,1016375,22948542,117164,0
jsv,,lerna,4328541,2507291,1605708,19171041,116304,0
jsv,,lerna-invalid,5253042,2397042,1801083,18265625,122328,0
jsv,,nest-cli,9433917,6487250,2068750,19911208,118872,0
jsv,,nest-cli-invalid,9631375,5992208,2874333,19718000,121212,0
jsv,,omnisharp,9196833,6176083,3866084,18057417,123844,0
jsv,,omnisharp-invalid,11726417,7909250,4325500,17841250,121944,0
jsv,,pre-commit-hooks,17629250,13575166,4528958,20623750,136600,0
jsv,,pre-commit-hooks-invalid,18630584,26758000,4864083,18245333,135108,0
jsv,,pulumi,52086709,28093458,9964875,20468292,152940,0
jsv,,pulumi-invalid,17867833,11338084,10191542,19761708,161568,0
jsv,,semantic-release,7488291,4899709,3321084,18881083,120848,0
jsv,,semantic-release-invalid,9052416,5023416,3396417,18440584,126000,0
jsv,,stale,7374250,5362792,1975583,17902917,120640,0
jsv,,stale-invalid,7923959,4976459,2587834,19570709,117720,0
jsv,,stylecop-rmUniqueItems,8007375,5391000,3107917,18746709,125836,0
jsv,,stylecop-rmUniqueItems-invalid,9159125,5392916,3141875,18576834,124132,0
jsv,,tmuxinator,4695791,2025167,1191500,19501458,118100,0
jsv,,tmuxinator-invalid,5014792,1900458,1818458,19184334,118728,0
jsv,,ui5,18371417,14153500,3516333,22938083,126272,0
jsv,,ui5-invalid,19094666,13914958,3047208,22673292,122348,0
jsv,,unreal-engine-uproject-rmUniqueItems,11091334,8208083,2791250,19522458,122472,0
jsv,,unreal-engine-uproject-rmUniqueItems-invalid,11573875,8149375,3433000,19817875,121700,0
jsv,,vercel,8832917,8208542,2584375,19277666,132260,0
jsv,,vercel-invalid,9600417,11709000,2672334,19588875,131508,0
jsv,,yamllint,2651208,841917,3282834,16215958,122820,0
jsv,,yamllint-invalid,3686458,891208,3183291,17214958,125620,0
jsv,,zschema-advanced-rmUniqueItems-invalid,264830459,198068166,60407958,19304458,248972,0
jsv,,zschema-advanced-rmUniqueItems-valid,248809792,201798166,40217334,20071666,197608,0
jsv,,zschema-basic-rmUniqueItems-invalid,7440125,3539791,3929208,17902666,120928,0
jsv,,zschema-basic-rmUniqueItems-valid,6236417,3496834,4113792,16521625,124160,0
kmp,0.5.5,ajv-cosmicrealms-rmUniqueItems-invalid,180197459,40853041,53455334,57463667,113968,0
kmp,0.5.5,ajv-cosmicrealms-rmUniqueItems-valid,169616750,40768291,38647416,58248000,111524,0
kmp,0.5.5,ansible-meta,50480083,6425041,2200125,70407251,110988,0
kmp,0.5.5,ansible-meta-invalid,47931208,5158417,3259791,69730708,111064,0
kmp,0.5.5,aws-cdk,15042417,191125,9939959,55885584,111636,0
kmp,0.5.5,aws-cdk-invalid,17478416,387625,9586750,63958375,111356,0
kmp,0.5.5,babelrc,23679833,689750,4488792,57824375,111692,0
kmp,0.5.5,babelrc-invalid,23707417,604042,5936167,58761125,112132,0
kmp,0.5.5,clang-format,13004750,110834,1267250,68784959,111912,0
kmp,0.5.5,clang-format-invalid,11774083,112167,1957250,87652959,111332,0
kmp,0.5.5,cmake-presets,317975626,140935292,22019042,77110208,113100,0
kmp,0.5.5,cmake-presets-invalid,247905876,108649417,23434584,73884958,112756,0
kmp,0.5.5,code-climate,26449791,713083,16805250,57262250,111716,0
kmp,0.5.5,code-climate-invalid,41983708,1997500,17301792,58054167,111648,0
kmp,0.5.5,cypress,25065250,850667,10488041,60691333,111920,0
kmp,0.5.5,cypress-invalid,23129958,656625,5677292,60782833,114072,0
kmp,0.5.5,deno-rmUniqueItems,31404167,967583,15379459,61196750,111652,0
kmp,0.5.5,deno-rmUniqueItems-invalid,32005375,1027583,10173958,60170708,112084,0
kmp,0.5.5,dependabot,35017208,1468583,7813917,58099958,111768,0
kmp,0.5.5,dependabot-invalid,36076750,1278667,9829834,57904375,114144,0
kmp,0.5.5,draft-04-rmUniqueItems,114106208,18936458,68291625,61882375,112020,0
kmp,0.5.5,draft-04-rmUniqueItems-invalid,130039083,17638208,60822125,61189458,111628,0
kmp,0.5.5,example-address-invalid,43135417,3601417,20988125,55793917,112080,0
kmp,0.5.5,example-address-valid,37138792,3111666,21111250,56575708,111824,0
kmp,0.5.5,example-blogpost-invalid,102527458,13421125,36892208,57707667,112512,0
kmp,0.5.5,example-blogpost-valid,94489375,14603500,30419875,57432875,111996,0
kmp,0.5.5,example-calendar-invalid,62427542,6709042,38344250,57673959,112044,0
kmp,0.5.5,example-calendar-valid,56778458,6325875,24514458,58624208,111700,0
kmp,0.5.5,example-devicetype-invalid,56290833,6718292,32416208,58060792,111480,0
kmp,0.5.5,example-devicetype-valid,77078166,11131833,19570916,59518125,111084,0
kmp,0.5.5,example-health-record-invalid,112893417,15305209,41638583,57184208,112976,0
kmp,0.5.5,example-health-record-valid,94109666,13894459,33648208,56920542,111504,0
kmp,0.5.5,example-job-posting-invalid,63803125,5114000,32449167,58607959,111276,0
kmp,0.5.5,example-job-posting-valid,56566834,4777875,22627583,55253958,111068,0
kmp,0.5.5,example-movie-invalid,66083917,7400583,34261125,57855958,111316,0
kmp,0.5.5,example-movie-valid,64426375,6046084,23568625,56995083,112096,0
kmp,0.5.5,example-userprofile-invalid,66119042,5575709,35148875,56156875,110820,0
kmp,0.5.5,example-userprofile-valid,63174375,4806041,24338792,57329834,113848,0
kmp,0.5.5,fabric-mod,44176292,2226750,11422500,61087541,111836,0
kmp,0.5.5,fabric-mod-invalid,43903667,2189458,10719625,62318251,112348,0
kmp,0.5.5,geojson,2293372168,2014683834,175915375,70688917,112060,0
kmp,0.5.5,geojson-invalid,2224868001,2000523876,184465750,68214542,113060,0
kmp,0.5.5,gitpod-configuration,32363417,1059958,8707375,59719542,112072,0
kmp,0.5.5,gitpod-configuration-invalid,36172166,1024833,10875875,60629584,111756,0
kmp,0.5.5,importmap,19976125,536625,7960875,59392292,112036,0
kmp,0.5.5,importmap-invalid,20080750,408958,10463917,56671833,112852,0
kmp,0.5.5,jasmine,28608834,875000,4704084,57365334,112220,0
kmp,0.5.5,jasmine-invalid,28135167,730958,5641875,60195833,111744,0
kmp,0.5.5,jsck-complex-invalid,120906875,18742500,16188291,62272916,108892,0
kmp,0.5.5,jsck-complex-valid,118692250,20505958,17129750,62265750,112084,0
kmp,0.5.5,jsck-medium-invalid,117689625,14338541,38019708,59451000,111952,0
kmp,0.5.5,jsck-medium-valid,106600333,13133584,32241792,56785792,111248,0
kmp,0.5.5,jsconfig-rmUniqueItems,43758000,2686042,4586500,68576000,111452,0
kmp,0.5.5,jsconfig-rmUniqueItems-invalid,46259834,2587000,5280042,70298000,112144,0
kmp,0.5.5,jshintrc,26797041,917583,10596000,59313667,112688,0
kmp,0.5.5,jshintrc-invalid,29720792,922667,10792167,60926542,113948,0
kmp,0.5.5,katydid-conf-invalid,68871251,7401833,30726292,57208458,111396,0
kmp,0.5.5,katydid-conf-valid,76225542,9871084,32332292,57421958,111672,0
kmp,0.5.5,lazygit-rmUniqueItems,25539542,557459,1840500,77988542,111576,0
kmp,0.5.5,lazygit-rmUniqueItems-invalid,26891792,490125,3097417,76167708,111920,0
kmp,0.5.5,lerna,19082000,387875,6069959,57094083,113320,0
kmp,0.5.5,lerna-invalid,20129958,412250,6613167,56392375,111672,0
kmp,0.5.5,nest-cli,30511666,1214250,6343625,61926458,111552,0
kmp,0.5.5,nest-cli-invalid,30041292,2235708,6797292,62129000,112432,0
kmp,0.5.5,omnisharp,22117375,789750,10288750,65027417,111496,0
kmp,0.5.5,omnisharp-invalid,26905750,878625,10847125,62465625,111904,0
kmp,0.5.5,pre-commit-hooks,36471959,1775625,10072792,59794625,112196,0
kmp,0.5.5,pre-commit-hooks-invalid,38304667,1718333,10831250,58949542,111968,0
kmp,0.5.5,pulumi,47201875,2702000,17000042,60907167,112152,0
kmp,0.5.5,pulumi-invalid,39447625,1886875,16909916,59086333,111660,0
kmp,0.5.5,semantic-release,26759458,1004041,8832667,56901584,112312,0
kmp,0.5.5,semantic-release-invalid,27038875,916209,9096583,58195959,111512,0
kmp,0.5.5,stale,27604292,935666,9418750,57784708,112100,0
kmp,0.5.5,stale-invalid,28169167,762458,11082666,60988166,114324,0
kmp,0.5.5,stylecop-rmUniqueItems,32354875,1844708,9147375,60598333,112668,0
kmp,0.5.5,stylecop-rmUniqueItems-invalid,38162625,911042,10120000,60669584,111288,0
kmp,0.5.5,tmuxinator,21037000,355667,5648417,59293917,111180,0
kmp,0.5.5,tmuxinator-invalid,20150666,354250,6099333,58457292,111976,0
kmp,0.5.5,ui5,43858250,4201709,7145500,82817208,113504,0
kmp,0.5.5,ui5-invalid,43223542,3024834,7952292,82689333,111688,0
kmp,0.5.5,unreal-engine-uproject-rmUniqueItems,37661917,1518625,7768084,60808542,112300,0
kmp,0.5.5,unreal-engine-uproject-rmUniqueItems-invalid,38818709,1208292,8564834,60643959,110732,0
kmp,0.5.5,vercel,34212583,1046208,5048792,67890750,110496,0
kmp,0.5.5,vercel-invalid,39898542,1094000,5346417,69690584,111780,0
kmp,0.5.5,yamllint,22302208,167875,13918542,73906250,111648,0
kmp,0.5.5,yamllint-invalid,14892292,381875,9288500,57533167,112020,0
kmp,0.5.5,zschema-advanced-rmUniqueItems-invalid,141621833,22694750,39959333,60576958,110796,0
kmp,0.5.5,zschema-advanced-rmUniqueItems-valid,162908459,31719417,30616042,60883250,110744,0
kmp,0.5.5,zschema-basic-rmUniqueItems-invalid,30871125,711333,12472625,57543459,115020,0
kmp,0.5.5,zschema-basic-rmUniqueItems-valid,25034209,2513875,12762375,57237833,110324,0
networknt,3.0.5,ajv-cosmicrealms-rmUniqueItems-invalid,180085125,53999625,0,76279376,111396,0
networknt,3.0.5,ajv-cosmicrealms-rmUniqueItems-valid,177294125,72644083,0,75839000,112016,0
networknt,3.0.5,ansible-meta,81112125,3713708,0,128552376,114052,0
networknt,3.0.5,ansible-meta-invalid,79565125,3328833,0,126770417,111672,0
networknt,3.0.5,aws-cdk,35270208,965667,0,72784416,112356,0
networknt,3.0.5,aws-cdk-invalid,21860667,700167,0,73589375,112332,0
networknt,3.0.5,babelrc,26198917,908084,0,82154375,111256,0
networknt,3.0.5,babelrc-invalid,32160916,1436083,0,80270208,112364,0
networknt,3.0.5,clang-format,56677375,1062458,0,125602792,114376,0
networknt,3.0.5,clang-format-invalid,9988542,254666,0,123325958,111580,0
networknt,3.0.5,cmake-presets,457397958,231253084,0,124850334,110724,0
networknt,3.0.5,cmake-presets-invalid,500171875,243433542,0,124273417,111468,0
networknt,3.0.5,code-climate,49991750,2537000,0,87703042,114060,0
networknt,3.0.5,code-climate-invalid,49630292,4596083,0,76406625,111856,0
networknt,3.0.5,cypress,43973708,1724291,0,80788416,114096,0
networknt,3.0.5,cypress-invalid,32759625,1834417,0,81005292,111032,0
networknt,3.0.5,deno-rmUniqueItems,158281333,6549167,0,118069792,112084,0
networknt,3.0.5,deno-rmUniqueItems-invalid,116401375,3230458,0,120913251,114776,0
networknt,3.0.5,dependabot,32522000,2213750,0,80413750,112256,0
networknt,3.0.5,dependabot-invalid,36556750,2301167,0,83120125,111908,0
networknt,3.0.5,draft-04-rmUniqueItems,178720875,29797708,0,81904708,111292,0
networknt,3.0.5,draft-04-rmUniqueItems-invalid,163531542,24435333,0,81948125,111660,0
networknt,3.0.5,example-address-invalid,58114625,9201584,0,72878083,111928,0
networknt,3.0.5,example-address-valid,50932833,7660000,0,72587834,111572,0
networknt,3.0.5,example-blogpost-invalid,170423375,37505417,0,75549125,111868,0
networknt,3.0.5,example-blogpost-valid,105310583,22142916,0,76102042,111492,0
networknt,3.0.5,example-calendar-invalid,139000417,39342875,0,76494791,111336,0
networknt,3.0.5,example-calendar-valid,67244625,15318875,0,75079542,111380,0
networknt,3.0.5,example-devicetype-invalid,150661583,32285167,0,74111375,111220,0
networknt,3.0.5,example-devicetype-valid,90867917,13222292,0,72757917,111664,0
networknt,3.0.5,example-health-record-invalid,162746250,43831625,0,74462000,111692,0
networknt,3.0.5,example-health-record-valid,108528375,26047292,0,77002125,112044,0
networknt,3.0.5,example-job-posting-invalid,128837500,27373583,0,73469042,111480,0
networknt,3.0.5,example-job-posting-valid,73054417,9182917,0,72275333,112076,0
networknt,3.0.5,example-movie-invalid,146199750,32850084,0,80032625,111596,0
networknt,3.0.5,example-movie-valid,69589541,9199750,0,80753542,111428,0
networknt,3.0.5,example-userprofile-invalid,147480625,34154708,0,73935667,111716,0
networknt,3.0.5,example-userprofile-valid,77211251,14377958,0,75879833,112384,0
networknt,3.0.5,fabric-mod,114151166,5896583,0,124568833,111420,0
networknt,3.0.5,fabric-mod-invalid,122779375,5093667,0,122800875,112328,0
networknt,3.0.5,geojson,475843875,310658834,0,85614959,112140,0
networknt,3.0.5,geojson-invalid,471215333,344935750,0,84621792,112004,0
networknt,3.0.5,gitpod-configuration,56369209,1828083,0,122854958,111800,0
networknt,3.0.5,gitpod-configuration-invalid,63921875,1933292,0,118785417,112728,0
networknt,3.0.5,importmap,27262958,1188875,0,73561834,111700,0
networknt,3.0.5,importmap-invalid,36936208,1580000,0,75011583,111232,0
networknt,3.0.5,jasmine,27795208,846166,0,72340083,112512,0
networknt,3.0.5,jasmine-invalid,33755083,1197750,0,75216208,112216,0
networknt,3.0.5,jsck-complex-invalid,212388667,27658375,0,120859833,111068,0
networknt,3.0.5,jsck-complex-valid,258702375,63591917,0,121446583,111732,0
networknt,3.0.5,jsck-medium-invalid,128381542,31332208,0,74071417,111764,0
networknt,3.0.5,jsck-medium-valid,85395875,20535042,0,74090833,112152,0
networknt,3.0.5,jsconfig-rmUniqueItems,144692125,5431750,0,148954209,111712,0
networknt,3.0.5,jsconfig-rmUniqueItems-invalid,118000959,2805708,0,149281208,111184,0
networknt,3.0.5,jshintrc,38101375,2189416,0,104983750,111176,0
networknt,3.0.5,jshintrc-invalid,33096584,2077459,0,81809958,111616,0
networknt,3.0.5,katydid-conf-invalid,101508000,15700833,0,74587500,112136,0
networknt,3.0.5,katydid-conf-valid,93004334,14912709,0,73451542,111844,0
networknt,3.0.5,lazygit-rmUniqueItems,70066708,1186042,0,137787000,113348,0
networknt,3.0.5,lazygit-rmUniqueItems-invalid,84732333,1062625,0,170882916,112492,0
networknt,3.0.5,lerna,27225958,842417,0,72517125,111876,0
networknt,3.0.5,lerna-invalid,31446916,1053208,0,75439584,112156,0
networknt,3.0.5,nest-cli,32760292,1798084,0,81409084,112312,0
networknt,3.0.5,nest-cli-invalid,33737750,1799334,0,83992083,111884,0
networknt,3.0.5,omnisharp,28939125,2058333,0,82752917,111420,0
networknt,3.0.5,omnisharp-invalid,32313583,2395167,0,81372333,112184,0
networknt,3.0.5,pre-commit-hooks,29942292,3576875,0,84921375,111484,0
networknt,3.0.5,pre-commit-hooks-invalid,34207375,3755792,0,84680708,112028,0
networknt,3.0.5,pulumi,51390250,4812750,0,80803042,113796,0
networknt,3.0.5,pulumi-invalid,65878208,5568125,0,81827584,111748,0
networknt,3.0.5,semantic-release,33989167,1482458,0,76624500,111960,0
networknt,3.0.5,semantic-release-invalid,37931958,1884333,0,74733958,113908,0
networknt,3.0.5,stale,33785792,1362042,0,82158500,110848,0
networknt,3.0.5,stale-invalid,40696875,2844167,0,97437916,115856,0
networknt,3.0.5,stylecop-rmUniqueItems,119081542,3729084,0,120582917,111760,0
networknt,3.0.5,stylecop-rmUniqueItems-invalid,118821833,3472834,0,120993083,113944,0
networknt,3.0.5,tmuxinator,22911416,743709,0,73957291,111992,0
networknt,3.0.5,tmuxinator-invalid,27407291,860541,0,73962292,112672,0
networknt,3.0.5,ui5,102515542,4100791,0,140163959,112356,0
networknt,3.0.5,ui5-invalid,100162042,4174084,0,144607792,111864,0
networknt,3.0.5,unreal-engine-uproject-rmUniqueItems,102475791,2980958,0,125244334,114052,0
networknt,3.0.5,unreal-engine-uproject-rmUniqueItems-invalid,99589042,2743791,0,125283750,111892,0
networknt,3.0.5,vercel,72304416,1817375,0,130050750,111724,0
networknt,3.0.5,vercel-invalid,70533291,1757791,0,130474500,111640,0
networknt,3.0.5,yamllint,28248167,958917,0,80098042,111964,0
networknt,3.0.5,yamllint-invalid,33800417,1555417,0,79374834,112192,0
networknt,3.0.5,zschema-advanced-rmUniqueItems-invalid,365492292,90110667,0,126316958,111784,0
networknt,3.0.5,zschema-advanced-rmUniqueItems-valid,329979834,77018584,0,127242958,111612,0
networknt,3.0.5,zschema-basic-rmUniqueItems-invalid,41992375,2001209,0,73667542,112324,0
networknt,3.0.5,zschema-basic-rmUniqueItems-valid,40775250,1991917,0,74597917,112036,0
py-jsonschema,,ajv-cosmicrealms-rmUniqueItems-invalid,151916375,150690792,49162959,47167,66748,0
py-jsonschema,,ajv-cosmicrealms-rmUniqueItems-valid,965964876,962011542,39207209,44208,57740,0
py-jsonschema,,ansible-meta,197156375,193822000,724375,26750,51524,0
py-jsonschema,,ansible-meta-invalid,62906417,62745458,758500,17250,51636,0
py-jsonschema,,aws-cdk,7254958,7264208,1940959,21334,51832,0
py-jsonschema,,aws-cdk-invalid,4842333,4929209,1038750,17000,51824,0
py-jsonschema,,babelrc,24213791,24025875,1047709,17459,51708,0
py-jsonschema,,babelrc-invalid,22910584,22617375,1402292,18709,51660,0
py-jsonschema,,clang-format,5300916,4926334,225709,16667,51648,0
py-jsonschema,,clang-format-invalid,3367667,3182416,274083,18417,51836,0
py-jsonschema,,cmake-presets,2062629251,2052599543,13260750,27333,51724,0
py-jsonschema,,cmake-presets-invalid,6247132461,6354610295,13750375,30583,51704,0
py-jsonschema,,code-climate,26931792,26708500,7501083,21583,51696,0
py-jsonschema,,code-climate-invalid,87002000,84929417,8457667,21625,51764,0
py-jsonschema,,cypress,20582291,20709458,2784375,17834,51676,0
py-jsonschema,,cypress-invalid,19025917,19627625,1433417,32458,51704,0
py-jsonschema,,deno-rmUniqueItems,30839875,30222000,4466000,20834,51672,0
py-jsonschema,,deno-rmUniqueItems-invalid,21931334,22418709,2478167,19500,51724,0
py-jsonschema,,dependabot,55427084,55082708,2720667,19833,51696,0
py-jsonschema,,dependabot-invalid,30196333,29474792,3007792,18459,51724,0
py-jsonschema,,draft-04-rmUniqueItems,942280250,937009834,32394750,43625,61072,0
py-jsonschema,,draft-04-rmUniqueItems-invalid,463430917,462957167,29003708,51167,58668,0
py-jsonschema,,example-address-invalid,155045917,151747875,12060708,28417,51588,0
py-jsonschema,,example-address-valid,144208625,141851958,12845834,23875,51724,0
py-jsonschema,,example-blogpost-invalid,206545000,205090291,35343208,38750,54456,0
py-jsonschema,,example-blogpost-valid,459117750,456673167,26215542,40959,51716,0
py-jsonschema,,example-calendar-invalid,184871875,183417333,39247583,41959,58096,0
py-jsonschema,,example-calendar-valid,304216833,303109083,22326166,38625,51652,0
py-jsonschema,,example-devicetype-invalid,569115376,546249709,23941000,34833,51720,0
py-jsonschema,,example-devicetype-valid,432543125,428105959,10092417,34042,51716,0
py-jsonschema,,example-health-record-invalid,262563542,260916375,44646417,38833,64560,0
py-jsonschema,,example-health-record-valid,582369084,575701250,30852333,41375,51656,0
py-jsonschema,,example-job-posting-invalid,130522125,128211583,25169834,30167,51604,0
py-jsonschema,,example-job-posting-valid,156290709,154227666,12980375,38000,51732,0
py-jsonschema,,example-movie-invalid,142812792,140243708,29100709,43083,51640,0
py-jsonschema,,example-movie-valid,213125333,214028167,15738459,27166,51532,0
py-jsonschema,,example-userprofile-invalid,139831667,137812208,27783875,35000,49948,0
py-jsonschema,,example-userprofile-valid,204975417,200897416,15612834,27416,51680,0
py-jsonschema,,fabric-mod,169831458,167504875,3524083,21167,51664,0
py-jsonschema,,fabric-mod-invalid,115057500,109937917,3900500,23792,49892,0
py-jsonschema,,geojson,24143804872,24435891998,228849541,39208,1053660,0
py-jsonschema,,geojson-invalid,26789515207,27646653333,226155416,39000,1635936,0
py-jsonschema,,gitpod-configuration,36880583,36141041,1939000,17875,51656,0
py-jsonschema,,gitpod-configuration-invalid,25407125,34540208,2524625,17708,51696,0
py-jsonschema,,importmap,23205833,22751083,2093791,17541,51592,0
py-jsonschema,,importmap-invalid,16812166,18893667,2457166,16417,51820,0
py-jsonschema,,jasmine,33232167,32996416,1197500,17708,51724,0
py-jsonschema,,jasmine-invalid,21125541,21006000,1382166,17834,51692,0
py-jsonschema,,jsck-complex-invalid,223807666,222310958,11095625,31375,51716,0
py-jsonschema,,jsck-complex-valid,616728917,617849209,12364459,26542,51656,0
py-jsonschema,,jsck-medium-invalid,133945333,130465792,38679208,38791,59340,0
py-jsonschema,,jsck-medium-valid,433857667,428870084,29727709,38125,54080,0
py-jsonschema,,jsconfig-rmUniqueItems,89154500,85976666,1611291,18750,51720,0
py-jsonschema,,jsconfig-rmUniqueItems-invalid,36314583,49082334,1884750,17584,51852,0
py-jsonschema,,jshintrc,39866125,39263667,3065875,16375,51708,0
py-jsonschema,,jshintrc-invalid,26557625,26041750,3283583,20709,51708,0
py-jsonschema,,katydid-conf-invalid,434245958,428751167,22904166,36708,51720,0
py-jsonschema,,katydid-conf-valid,476791751,472547875,26966750,39875,51716,0
py-jsonschema,,lazygit-rmUniqueItems,20822500,20235250,659000,15375,51724,0
py-jsonschema,,lazygit-rmUniqueItems-invalid,11011334,10788417,717875,18250,51636,0
py-jsonschema,,lerna,14635584,14369000,1475708,15625,51692,0
py-jsonschema,,lerna-invalid,13340000,13286000,1641083,19500,51596,0
py-jsonschema,,nest-cli,47287084,47272542,1951292,25917,51688,0
py-jsonschema,,nest-cli-invalid,34177041,34574375,2221625,19541,51588,0
py-jsonschema,,omnisharp,30418000,30286417,2698667,18042,51644,0
py-jsonschema,,omnisharp-invalid,26927625,26622333,2859083,19042,51664,0
py-jsonschema,,pre-commit-hooks,93515541,93162250,2782125,20334,51724,0
py-jsonschema,,pre-commit-hooks-invalid,34728709,34847083,2997542,19458,51672,0
py-jsonschema,,pulumi,98468083,98100292,8355125,25000,51724,0
py-jsonschema,,pulumi-invalid,81634417,78575875,8807833,25125,51716,0
py-jsonschema,,semantic-release,47394958,46288417,2140000,17208,51648,0
py-jsonschema,,semantic-release-invalid,49461583,45959041,2360833,22541,51844,0
py-jsonschema,,stale,31550125,31465750,1714583,18834,51640,0
py-jsonschema,,stale-invalid,23823834,23846250,1933917,18417,51724,0
py-jsonschema,,stylecop-rmUniqueItems,34279542,34029000,2268458,17000,51704,0
py-jsonschema,,stylecop-rmUniqueItems-invalid,24148208,23755958,2625958,20041,51628,0
py-jsonschema,,tmuxinator,23476209,23836250,1310583,18875,51720,0
py-jsonschema,,tmuxinator-invalid,3662500,3739458,1326375,18333,51852,0
py-jsonschema,,ui5,108294750,109505501,2633250,21917,51716,0
py-jsonschema,,ui5-invalid,91773333,90309792,2732458,25250,51652,0
py-jsonschema,,unreal-engine-uproject-rmUniqueItems,68064042,66916042,2160667,18000,51696,0
py-jsonschema,,unreal-engine-uproject-rmUniqueItems-invalid,26484334,26035916,2370166,20125,51720,0
py-jsonschema,,vercel,36846291,36850500,1450667,16333,51712,0
py-jsonschema,,vercel-invalid,20967000,20299333,1718875,18000,51692,0
py-jsonschema,,yamllint,7531333,7759125,2478459,18667,51852,0
py-jsonschema,,yamllint-invalid,13575916,13668792,2462833,28125,51628,0
py-jsonschema,,zschema-advanced-rmUniqueItems-invalid,1587230917,1548646168,40605125,40750,62952,0
py-jsonschema,,zschema-advanced-rmUniqueItems-valid,1939142084,1911907084,27884625,43042,51636,0
py-jsonschema,,zschema-basic-rmUniqueItems-invalid,15309292,14646334,2708375,17792,51700,0
py-jsonschema,,zschema-basic-rmUniqueItems-valid,26666583,26571167,2599458,18000,51656,0
